2010-06-19 09:41:09,15367
2010-06-21 08:30:03,1057
2010-06-26 13:53:08,731
2010-06-26 21:53:34,1264
2010-07-05 07:59:10,15367
2010-07-12 12:24:10,622
2010-07-13 08:10:47,15367
2010-07-15 08:43:34,13688
2010-07-15 09:27:28,1220
2010-07-19 12:54:48,1082
2010-07-24 11:41:48,1800
2010-07-26 07:45:07,13688
2010-07-26 07:54:09,15367
2010-07-29 12:06:41,2931
2010-07-30 09:24:42,1142
2010-07-31 13:32:23,1918
2010-08-01 14:29:41,3627
2010-08-02 08:27:02,13688
2010-08-02 12:07:36,15367
2010-08-18 10:03:58,15367
2010-08-18 10:13:25,2229
2010-08-27 10:21:01,1082
2010-09-12 14:15:31,7239
2010-09-19 13:38:39,15784
2010-09-19 13:47:17,13688
2010-10-08 14:42:12,2186
2010-10-11 08:42:38,15784
2010-10-11 08:48:02,13688
2010-10-23 14:06:18,31438
2010-10-26 10:30:40,11588
2010-10-28 11:15:05,2425
2010-11-06 19:43:18,2620
2010-11-09 07:11:48,11588
2010-11-09 07:14:23,31438
2010-11-12 09:38:27,1995
2010-11-16 08:47:25,31438
2010-11-16 23:19:28,1921
2010-11-19 09:22:51,8263
2010-11-20 19:13:20,31438
2010-11-22 10:16:11,11588
2010-11-26 14:21:12,3693
2010-11-28 14:37:12,3741
2010-11-29 10:10:46,3837
2010-12-09 11:38:07,38645
2010-12-21 12:13:41,40629
2010-12-28 12:14:23,3251
2010-12-30 19:31:52,53060
2011-01-05 19:52:12,7830
2011-01-07 17:30:22,20569
2011-01-12 15:47:51,20569
2011-01-17 13:49:10,56998
2011-01-21 16:38:34,56998
2011-01-22 01:56:12,56998
2011-01-29 17:11:00,24599
2011-01-31 15:55:04,68133
2011-01-31 16:12:19,7487
2011-02-04 23:20:37,24599
2011-02-04 23:43:26,68133
2011-02-12 00:10:19,24599
2011-02-15 20:57:41,68133
2011-02-18 14:05:42,73
2011-02-18 17:22:32,129
2011-02-19 09:15:48,136
2011-02-19 12:17:08,59
2011-02-19 18:02:22,115
2011-02-19 20:28:36,181
2011-02-20 09:09:46,99
2011-02-20 13:58:00,72
2011-02-20 19:42:36,158
2011-02-21 09:49:27,63
2011-02-21 13:30:54,45
2011-02-21 16:27:07,3239
2011-02-21 18:54:34,3945
2011-02-22 18:30:27,3201
2011-02-23 09:45:49,4855
2011-02-23 14:02:34,1809
2011-02-23 16:40:45,2064
2011-02-23 17:47:42,1901
2011-02-23 18:03:18,2225
2011-03-04 19:48:39,24599
2011-03-13 00:26:07,24599
2011-03-13 00:47:16,4411
2011-03-15 09:33:06,2803
2011-03-16 16:51:09,24599
2011-03-16 16:56:58,68133
2011-03-26 15:02:29,8213
2011-03-27 16:31:53,8213
2011-03-30 08:39:29,5753
2011-03-30 12:01:47,156
2011-04-04 09:57:01,3823
2011-04-04 11:54:28,62
2011-04-23 11:57:59,4963
2011-04-23 12:12:33,8381
2011-05-09 10:57:35,2948
2011-05-11 21:32:48,3924
2011-05-11 21:49:59,6701
2011-05-12 13:06:27,2909
2011-05-15 20:32:28,8043
2011-05-18 20:43:47,81297
2011-05-20 13:24:35,2202
2011-05-22 20:51:48,4281
2011-05-26 08:01:43,1904
2011-05-30 10:27:34,2259
2011-05-30 15:05:51,3396
2011-05-31 10:03:44,4416
2011-05-31 19:27:38,4135
2011-05-31 20:36:57,81301
2011-06-03 12:01:35,3921
2011-06-16 20:45:12,5180
2011-06-16 21:20:12,81301
2011-06-26 23:22:49,7202
2011-06-27 15:57:51,8747
2011-07-10 21:02:43,81301
2011-07-10 23:00:45,9188
2011-07-15 08:59:26,2751
2011-07-15 15:35:40,2658
2011-07-16 09:50:21,2457
2011-07-16 15:36:32,2502
2011-07-18 14:17:44,8082
2011-07-25 14:53:28,7754
2011-07-25 21:01:40,5502
2011-08-01 15:07:11,5612
2011-08-22 13:12:18,8277
2011-08-23 10:06:22,11593
2011-08-23 10:08:30,24339
2011-08-23 18:14:02,9466
2011-08-24 17:53:38,8046
2011-08-25 18:00:57,11909
2011-08-28 13:22:00,3838
2011-08-31 23:05:34,4332
2011-08-31 23:40:31,8798
2011-09-02 16:54:34,8518
2011-09-05 14:30:50,7007
2011-09-07 16:57:24,13524
2011-09-08 08:26:02,1933
2011-09-09 09:38:28,4302
2011-09-09 12:48:14,1871
2011-09-09 15:09:55,4384
2011-09-09 16:45:17,2864
2011-09-10 16:24:09,2743
2011-09-11 09:54:21,3054
2011-09-11 17:30:03,2814
2011-09-12 15:23:14,5149
2011-09-13 08:51:01,13627
2011-09-13 08:53:28,4225
2011-09-13 10:23:37,4301
2011-09-13 13:19:48,15487
2011-09-14 21:06:21,1756
2011-09-14 21:14:26,2815
2011-09-14 21:23:13,4735
2011-09-19 10:59:22,4601
2011-09-21 10:59:38,2467
2011-09-21 15:01:55,4259
2011-09-23 11:59:38,6842
2011-09-26 12:46:39,7885
2011-09-28 12:03:46,2439
2011-09-28 15:33:27,10021
2011-09-29 11:00:54,3501
2011-09-29 15:11:29,3600
2011-09-30 12:13:24,4414
2011-09-30 14:44:33,3118
2011-10-01 16:20:08,2515
2011-10-03 12:27:53,4064
2011-10-03 23:16:51,3027
2011-10-03 23:25:46,89811
2011-10-05 06:48:22,3928
2011-10-05 16:19:57,3325
2011-10-07 12:24:55,3889
2011-10-09 18:55:11,4414
2011-10-09 20:39:06,89811
2011-10-10 13:46:25,3878
2011-10-10 17:34:55,6505
2011-10-11 12:13:40,4225
2011-10-12 10:49:47,1722
2011-10-12 16:13:29,3265
2011-10-12 18:13:41,5103
2011-10-13 14:40:13,3362
2011-10-13 15:12:22,7597
2011-10-14 12:17:29,4716
2011-10-14 16:00:29,8126
2011-10-16 20:05:02,7727
2011-10-16 20:12:37,3839
2011-10-17 12:41:54,7373
2011-10-17 16:16:48,8521
2011-10-18 15:49:16,8028
2011-10-19 10:55:03,9592
2011-10-19 10:56:28,120
2011-10-19 13:26:02,2558
2011-10-19 16:52:57,6880
2011-10-21 15:02:52,4981
2011-10-22 13:10:16,5870
2011-10-24 14:44:42,6555
2011-10-24 16:53:17,5309
2011-10-25 16:33:33,6751
2011-10-26 12:47:04,1566
2011-10-26 15:42:19,6141
2011-10-26 17:01:39,6708
2011-10-27 16:49:22,6064
2011-10-28 12:05:40,7213
2011-10-28 16:31:43,6888
2011-10-30 16:41:17,5411
2011-10-31 12:50:52,5594
2011-10-31 18:18:55,6655
2011-11-01 17:42:13,10482
2011-11-02 13:07:00,1617
2011-11-02 16:10:27,4423
2011-11-02 17:37:51,7764
2011-11-03 17:37:43,5924
2011-11-04 13:30:35,7910
2011-11-04 17:21:20,7232
2011-11-07 11:45:49,6416
2011-11-07 18:47:01,6572
2011-11-08 17:50:11,6307
2011-11-09 13:44:43,1520
2011-11-09 16:34:31,4420
2011-11-09 17:58:00,5790
2011-11-10 17:51:04,5939
2011-11-11 13:19:11,9009
2011-11-11 18:00:22,7415
2011-11-15 16:03:46,4613
2011-11-16 13:36:19,6762
2011-11-16 22:46:59,1777
2011-11-16 23:09:21,2726
2011-11-17 13:39:22,7587
2011-11-18 13:22:11,1386
2011-11-18 15:51:18,5302
2011-11-21 15:50:35,2236
2011-11-21 17:54:35,4293
2011-11-22 17:36:42,4794
2011-11-23 14:49:25,1176
2011-11-23 17:20:46,3187
2011-11-23 18:02:34,4666
2011-11-24 13:14:04,2715
2011-11-24 16:54:11,5016
2011-11-25 13:35:47,3759
2011-11-25 20:18:16,5866
2011-11-28 13:13:15,4316
2011-11-28 17:19:35,3585
2011-11-28 20:02:06,5866
2011-11-29 17:47:36,6822
2011-11-30 13:34:05,3207
2011-11-30 15:28:45,3310
2011-11-30 17:58:30,12933
2011-12-05 12:29:24,13856
2011-12-05 17:11:56,7270
2011-12-06 16:17:42,6139
2011-12-07 17:41:34,9828
2011-12-08 13:19:32,5016
2011-12-08 16:07:31,5200
2011-12-08 18:09:21,6366
2011-12-09 14:15:44,6533
2011-12-12 15:04:32,11236
2011-12-12 17:37:18,8585
2011-12-13 19:26:12,6260
2011-12-14 15:00:37,3126
2011-12-14 17:12:08,11393
2011-12-14 18:19:08,3850
2011-12-15 17:57:08,4530
2011-12-19 14:52:17,5810
2011-12-19 17:01:21,7865
2011-12-20 17:07:47,5394
2011-12-21 12:45:42,2054
2011-12-21 14:09:57,3813
2011-12-24 13:04:46,5422
2011-12-26 10:51:00,6357
2011-12-29 12:17:09,2754
2011-12-29 15:17:30,3148
2011-12-30 09:20:55,5665
2012-01-01 11:01:22,12648
2012-01-02 10:33:46,5643
2012-01-05 14:36:44,1267
2012-01-05 17:04:13,2373
2012-01-09 13:29:52,6054
2012-01-09 16:09:06,1929
2012-01-09 17:21:41,2219
2012-01-10 17:43:56,1706
2012-01-11 13:15:24,1781
2012-01-11 14:52:41,5915
2012-01-11 16:11:32,3599
2012-01-12 11:12:05,3905
2012-01-12 16:47:50,6252
2012-01-13 14:26:27,7477
2012-01-13 20:47:02,2170
2012-01-16 16:46:06,6677
2012-01-17 12:51:56,3487
2012-01-17 15:07:18,10159
2012-01-20 13:23:56,6092
2012-01-23 15:11:36,2206
2012-01-24 13:31:53,1046
2012-01-24 15:42:15,83
2012-01-27 13:24:38,2102
2012-01-28 18:19:40,5575
2012-01-30 13:14:05,5116
2012-01-30 22:38:28,1671
2012-02-01 13:45:04,4040
2012-02-01 16:01:58,8387
2012-02-03 09:31:41,6610
2012-02-03 23:16:13,11121
2012-02-06 12:38:12,4320
2012-02-09 05:23:41,3389
2012-02-10 09:18:59,22463
2012-02-11 13:21:18,108278
2012-02-11 14:52:23,22463
2012-02-13 13:43:51,4219
2012-02-15 15:14:39,1480
2012-02-15 16:35:50,2445
2012-02-15 17:25:03,6971
2012-02-17 17:10:31,5655
2012-02-21 15:05:40,2404
2012-02-21 19:20:25,1759
2012-02-22 11:04:30,2197
2012-02-22 17:22:06,1756
2012-02-22 23:34:13,22465
2012-02-23 18:09:16,2455
2012-02-24 13:20:50,1912
2012-02-25 00:27:08,22462
2012-02-25 17:55:23,2336
2012-02-26 17:54:46,2600
2012-02-27 16:59:52,2061
2012-02-28 09:51:42,2439
2012-02-28 17:00:07,2130
2012-02-29 10:07:14,6750
2012-02-29 16:03:54,18832
2012-02-29 19:59:39,7915
2012-03-02 14:50:51,12177
2012-03-02 16:57:04,6309
2012-03-03 00:05:59,22460
2012-03-05 17:09:45,2724
2012-03-07 15:34:36,8950
2012-03-07 17:14:42,7654
2012-03-08 15:04:38,8719
2012-03-09 13:50:21,3188
2012-03-09 17:00:25,23951
2012-03-12 13:45:31,12570
2012-03-13 13:52:04,11454
2012-03-13 17:08:00,7001
2012-03-13 21:36:08,22460
2012-03-15 16:57:39,3749
2012-03-16 18:42:13,3501
2012-03-17 13:12:57,3759
2012-03-17 16:51:54,9063
2012-03-18 13:27:05,8899
2012-03-20 17:03:53,3139
2012-03-21 10:19:37,3125
2012-03-21 16:59:49,6907
2012-03-23 16:56:54,10715
2012-03-25 15:27:32,20230
2012-03-25 15:29:24,7404
2012-03-26 15:13:00,19623
2012-03-27 09:51:39,4411
2012-03-27 15:56:31,8477
2012-03-28 15:58:30,21255
2012-03-29 15:57:54,10323
2012-03-30 15:58:52,9372
2012-04-02 13:44:28,2991
2012-04-02 16:32:10,7235
2012-04-03 16:13:05,8274
2012-04-04 15:57:08,10317
2012-04-05 17:45:14,5481
2012-04-06 12:43:11,4561
2012-04-06 14:37:59,3157
2012-04-06 15:37:35,6843
2012-04-08 23:40:06,139127
2012-04-10 16:02:44,9506
2012-04-12 16:42:24,16129
2012-04-12 21:54:33,16263
2012-04-13 16:01:40,6493
2012-04-13 19:44:28,16263
2012-04-14 17:37:22,16263
2012-04-15 21:27:01,16263
2012-04-16 11:57:24,4444
2012-04-16 16:07:05,8327
2012-04-17 16:09:51,6191
2012-04-19 17:03:00,13434
2012-04-20 11:07:53,3305
2012-04-20 15:52:40,15521
2012-04-20 18:37:45,16015
2012-04-21 17:20:47,16015
2012-04-21 21:30:09,16015
2012-04-22 21:56:56,16015
2012-04-23 10:35:25,6579
2012-04-23 15:58:22,15457
2012-04-24 16:08:32,6527
2012-04-27 21:41:26,10183
2012-04-28 17:25:10,151300
2012-05-01 22:09:35,12592
2012-05-02 16:00:49,9660
2012-05-03 16:02:01,9186
2012-05-04 12:09:00,4732
2012-05-07 16:09:38,17138
2012-05-09 16:23:45,6013
2012-05-11 13:09:34,3599
2012-05-11 17:48:24,14905
2012-05-11 19:05:15,2894
2012-05-11 19:52:59,14904
2012-05-12 16:04:14,6074
2012-05-12 21:06:31,14903
2012-05-13 21:24:29,4055
2012-05-13 22:07:15,14901
2012-05-14 16:03:26,21614
2012-05-15 15:29:57,9642
2012-05-15 15:55:26,4246
2012-05-15 16:12:51,25241
2012-05-16 11:07:54,7093
2012-05-16 14:10:25,11353
2012-05-16 16:33:35,11772
2012-05-17 11:58:38,16122
2012-05-17 15:38:07,9454
2012-05-17 15:56:35,26991
2012-05-17 17:51:27,10044
2012-05-17 20:56:02,2431
2012-05-17 21:29:21,18761
2012-05-17 22:43:54,10647
2012-05-18 06:46:50,5826
2012-05-18 10:57:15,5005
2012-05-18 12:49:12,7530
2012-05-18 15:20:54,1691
2012-05-18 17:41:23,11042
2012-05-18 19:15:50,21280
2012-05-19 10:56:04,6393
2012-05-19 11:48:55,19766
2012-05-19 20:23:27,3632
2012-05-20 15:21:25,26528
2012-05-20 15:24:41,6604
2012-05-24 12:48:54,17626
2012-05-24 14:18:53,3408
2012-05-25 15:28:02,3570
2012-05-26 00:10:49,16201
2012-05-26 18:11:09,16200
2012-05-27 21:14:45,16200
2012-05-28 13:09:58,1871
2012-05-28 15:38:23,5635
2012-05-28 16:05:50,22020
2012-05-29 08:47:46,9473
2012-05-30 16:24:01,13384
2012-05-31 13:35:50,18085
2012-05-31 17:42:58,18221
2012-06-01 14:37:11,4233
2012-06-01 16:02:25,14124
2012-06-04 11:53:04,4434
2012-06-04 16:10:00,20182
2012-06-05 14:26:32,7249
2012-06-05 15:58:10,19240
2012-06-07 16:04:04,20419
2012-06-07 20:54:14,7533
2012-06-08 16:08:06,22894
2012-06-08 17:08:05,161442
2012-06-08 17:36:53,14510
2012-06-08 22:18:57,14510
2012-06-10 20:40:42,4406
2012-06-11 18:02:31,14510
2012-06-13 12:40:18,22735
2012-06-14 15:47:48,1679
2012-06-18 13:53:27,8598
2012-06-18 16:00:13,19709
2012-06-19 15:59:06,32254
2012-06-21 08:10:18,3106
2012-06-21 09:15:32,4418
2012-06-21 12:41:02,3875
2012-06-21 13:27:35,3968
2012-06-21 14:27:19,60161
2012-06-22 23:17:55,179781
2012-06-22 23:46:27,33593
2012-06-23 22:45:07,33593
2012-06-24 20:10:38,33593
2012-06-25 12:57:41,3550
2012-06-25 16:03:55,42862
2012-06-28 09:17:06,9228
2012-06-28 10:46:49,8913
2012-06-28 12:34:54,11266
2012-06-28 12:36:39,10251
2012-06-28 16:13:09,53624
2012-06-28 16:54:13,26768
2012-06-28 17:01:37,5895
2012-06-29 09:48:37,37033
2012-06-29 11:31:47,69830
2012-06-29 11:33:01,11302
2012-06-29 14:43:32,11304
2012-06-29 14:48:09,2577
2012-06-29 17:04:51,11304
2012-06-29 17:08:59,2048
2012-06-30 13:10:00,11304
2012-06-30 13:11:24,15025
2012-06-30 15:39:27,11304
2012-06-30 15:40:28,32892
2012-06-30 16:49:36,11304
2012-06-30 16:50:50,9489
2012-07-02 13:02:18,16047
2012-07-02 13:35:26,6938
2012-07-03 16:05:19,15328
2012-07-04 15:58:21,12030
2012-07-05 12:27:41,37321
2012-07-05 16:03:38,76037
2012-07-06 23:22:06,35757
2012-07-07 18:16:58,12195
2012-07-08 13:58:28,35757
2012-07-08 14:10:24,18854
2012-07-08 22:19:02,8812
2012-07-08 23:21:37,35757
2012-07-09 16:06:14,19703
2012-07-10 08:58:21,41770
2012-07-10 15:53:00,11535
2012-07-12 09:23:57,3233
2012-07-12 13:46:07,5402
2012-07-12 14:15:43,2224
2012-07-12 16:26:57,28819
2012-07-13 13:41:52,14885
2012-07-13 15:56:56,34809
2012-07-14 15:38:28,2840
2012-07-14 16:56:08,19332
2012-07-14 18:20:23,8284
2012-07-15 13:02:12,4588
2012-07-15 16:09:26,19973
2012-07-16 16:02:26,37964
2012-07-17 13:24:31,7677
2012-07-17 15:52:45,29648
2012-07-18 17:40:42,101256
2012-07-19 16:30:56,40890
2012-07-19 19:02:56,43540
2012-07-20 10:00:25,3278
2012-07-20 12:25:20,1991
2012-07-20 13:54:51,6447
2012-07-20 15:57:37,15776
2012-07-20 17:41:36,5559
2012-07-20 18:06:05,43538
2012-07-21 11:04:50,6573
2012-07-21 11:43:40,2190
2012-07-21 13:11:39,16958
2012-07-21 13:49:33,14141
2012-07-21 19:01:57,12162
2012-07-21 21:09:30,5369
2012-07-21 21:43:17,43538
2012-07-22 14:20:07,20347
2012-07-22 18:07:33,31038
2012-07-22 21:24:09,43538
2012-07-23 10:31:41,16162
2012-07-23 14:34:30,6419
2012-07-23 16:39:20,61098
2012-07-24 15:02:39,15308
2012-07-24 16:01:54,38709
2012-07-25 16:03:39,33376
2012-07-27 11:27:19,29904
2012-07-28 13:26:57,29904
2012-07-28 19:19:59,29904
2012-07-29 17:37:33,28403
2012-07-29 21:08:28,29904
2012-07-30 15:58:04,24851
2012-07-30 16:10:37,123175
2012-07-31 16:04:57,14867
2012-08-01 08:57:45,75501
2012-08-01 14:50:59,34875
2012-08-02 10:08:10,58949
2012-08-02 15:26:30,43631
2012-08-03 10:14:06,25036
2012-08-03 15:03:40,18785
2012-08-04 14:59:30,8276
2012-08-04 18:30:47,186146
2012-08-05 14:47:58,20568
2012-08-06 08:50:17,17086
2012-08-06 15:41:39,7083
2012-08-07 08:46:35,33680
2012-08-07 16:07:10,16503
2012-08-18 06:07:36,16101
2012-08-19 11:59:41,21479
2012-08-22 09:14:57,4808
2012-08-25 22:42:46,11979
2012-08-28 16:04:05,87012
2012-08-29 11:49:13,14101
2012-08-29 13:32:47,3659
2012-08-30 13:24:20,6975
2012-08-30 20:50:58,36975
2012-08-31 13:16:44,5046
2012-08-31 23:08:09,36975
2012-09-01 17:43:20,5610
2012-09-01 18:16:02,36975
2012-09-02 18:30:04,24307
2012-09-02 18:31:51,36975
2012-09-03 09:05:45,14645
2012-09-03 14:15:56,7124
2012-09-04 15:21:52,4167
2012-09-05 16:14:52,73801
2012-09-06 08:52:23,3258
2012-09-06 13:29:21,6569
2012-09-06 15:58:03,7111
2012-09-06 16:11:53,21336
2012-09-06 22:50:32,41286
2012-09-07 09:13:24,26349
2012-09-07 12:07:08,14055
2012-09-07 16:37:37,24509
2012-09-07 19:41:57,5529
2012-09-07 23:42:18,41284
2012-09-08 09:58:12,5625
2012-09-08 11:11:13,2122
2012-09-08 19:57:51,15580
2012-09-08 20:23:11,41282
2012-09-09 18:12:09,6380
2012-09-09 20:19:49,15372
2012-09-09 20:27:04,41282
2012-09-09 23:02:35,15292
2012-09-10 11:24:19,13528
2012-09-12 15:23:02,1676
2012-09-12 16:12:55,46221
2012-09-13 09:39:13,9053
2012-09-13 17:28:42,10307
2012-09-14 16:54:00,36152
2012-09-16 22:56:24,7810
2012-09-17 11:17:38,26756
2012-09-17 13:32:25,5258
2012-09-18 15:08:03,3595
2012-09-18 16:43:47,35272
2012-09-19 18:44:40,4955
2012-09-20 14:59:46,13920
2012-09-20 16:40:40,34208
2012-09-20 17:47:33,5040
2012-09-20 18:20:39,11487
2012-09-20 21:18:16,18383
2012-09-21 09:42:46,12453
2012-09-21 13:40:32,6833
2012-09-21 18:02:38,5214
2012-09-21 21:06:27,11657
2012-09-21 21:12:39,18389
2012-09-22 07:09:03,21674
2012-09-22 12:40:34,4686
2012-09-22 14:57:06,6360
2012-09-23 00:24:13,7523
2012-09-23 00:44:29,18389
2012-09-23 14:24:04,9258
2012-09-23 14:47:02,6033
2012-09-23 16:48:08,3739
2012-09-23 18:14:41,8506
2012-09-23 18:38:09,18389
2012-09-25 10:52:34,4123
2012-09-25 15:27:15,8291
2012-09-25 16:21:00,39603
2012-09-26 14:52:55,3570
2012-09-26 16:19:30,2702
2012-09-26 16:21:41,68770
2012-09-27 11:38:17,17492
2012-09-27 13:39:34,33008
2012-09-27 15:01:46,40159
2012-09-27 15:04:34,6189
2012-09-29 15:52:39,18108
2012-10-01 13:28:19,5628
2012-10-01 15:33:04,20939
2012-10-01 16:05:09,8071
2012-10-01 16:56:03,14396
2012-10-01 22:44:32,201182
2012-10-02 16:27:09,42275
2012-10-03 16:21:53,15608
2012-10-03 17:00:09,11557
2012-10-04 16:49:23,8719
2012-10-04 21:06:29,193
2012-10-05 11:29:38,16370
2012-10-05 12:24:58,1304
2012-10-05 15:31:32,10285
2012-10-05 16:17:32,12821
2012-10-05 23:15:09,193
2012-10-06 22:26:30,193
2012-10-07 17:08:25,193
2012-10-08 13:45:02,15395
2012-10-08 16:03:32,51289
2012-10-09 16:13:43,25946
2012-10-10 17:05:44,6296
2012-10-10 17:35:18,41398
2012-10-10 19:14:14,11547
2012-10-11 11:53:00,5538
2012-10-11 12:42:19,14718
2012-10-11 17:39:37,3540
2012-10-11 17:54:10,201182
2012-10-11 19:33:53,26642
2012-10-11 19:37:28,6914
2012-10-12 06:50:26,7930
2012-10-12 09:57:46,4972
2012-10-12 10:45:01,10432
2012-10-12 12:43:13,2657
2012-10-12 14:58:25,2629
2012-10-12 16:33:29,10449
2012-10-12 16:44:06,26609
2012-10-12 16:54:17,14063
2012-10-13 07:28:50,8110
2012-10-13 09:18:21,7081
2012-10-13 09:46:34,4896
2012-10-13 12:01:16,6196
2012-10-13 13:32:10,24173
2012-10-13 15:44:36,13953
2012-10-13 16:25:50,26609
2012-10-13 18:40:46,14084
2012-10-14 08:41:34,8082
2012-10-14 10:16:03,5485
2012-10-15 15:25:09,9894
2012-10-15 15:36:27,26610
2012-10-15 18:03:32,82138
2012-10-15 18:15:09,4560
2012-10-16 10:36:45,15476
2012-10-16 14:02:51,12611
2012-10-17 16:18:17,36140
2012-10-18 09:50:29,4343
2012-10-18 16:12:56,42757
2012-10-19 08:53:42,13203
2012-10-19 13:36:18,40452
2012-10-20 22:32:51,201182
2012-10-20 23:38:54,7823
2012-10-22 16:22:14,7513
2012-10-23 10:55:24,2676
2012-10-23 15:14:49,4148
2012-10-24 13:51:46,23807
2012-10-25 13:18:50,1826
2012-10-25 13:46:09,23071
2012-10-25 16:27:40,1770
2012-10-26 03:22:51,28490
2012-10-26 10:44:21,8931
2012-10-26 14:33:42,18651
2012-10-26 14:57:22,1963
2012-10-29 14:43:53,3667
2012-10-29 18:25:14,30975
2012-10-31 11:53:28,6059
2012-10-31 12:00:17,6590
2012-11-01 08:48:09,12092
2012-11-01 20:58:19,22874
2012-11-02 18:52:32,6826
2012-11-03 10:13:42,5789
2012-11-05 15:21:22,2188
2012-11-05 16:47:02,26863
2012-11-06 15:25:21,13637
2012-11-06 17:16:56,20331
2012-11-07 15:52:10,2838
2012-11-07 18:03:37,32643
2012-11-08 17:46:36,41528
2012-11-09 16:22:10,7679
2012-11-09 18:18:59,53932
2012-11-12 12:21:56,40642
2012-11-12 16:46:29,18854
2012-11-12 17:47:56,63446
2012-11-13 16:21:05,9023
2012-11-14 14:22:08,29413
2012-11-14 18:03:01,44040
2012-11-15 17:07:32,24841
2012-11-15 18:12:25,47463
2012-11-15 20:01:05,22221
2012-11-15 23:21:08,22221
2012-11-16 15:13:58,3334
2012-11-18 13:34:39,15906
2012-11-18 18:23:56,3139
2012-11-19 14:01:39,10727
2012-11-20 12:35:43,10362
2012-11-22 11:05:55,7438
2012-11-22 18:01:53,43660
2012-11-22 21:16:30,17898
2012-11-23 14:43:35,1362
2012-11-24 15:45:47,1472
2012-11-25 14:23:42,646
2012-11-25 14:25:26,2521
2012-11-25 21:02:41,8910
2012-11-25 21:07:02,6101
2012-11-25 22:01:33,6190
2012-11-25 23:34:42,3838
2012-11-26 16:05:45,1973
2012-11-26 16:38:46,5104
2012-11-26 21:38:00,14696
2012-11-27 11:31:18,180
2012-11-27 13:33:00,1381
2012-11-27 17:11:30,2388
2012-11-27 18:17:57,62876
2012-11-28 09:03:20,468
2012-11-28 09:06:58,12232
2012-11-28 11:47:29,114
2012-11-28 11:48:13,4045
2012-11-29 10:21:41,6805
2012-11-29 11:29:44,2912
2012-11-29 11:30:30,17753
2012-11-29 13:59:51,205
2012-11-29 15:29:34,112
2012-11-29 15:30:07,3394
2012-11-29 21:00:00,124
2012-11-30 10:35:10,1088
2012-11-30 10:38:20,13059
2012-11-30 12:09:05,3575
2012-11-30 14:04:00,127
2012-11-30 14:04:37,2833
2012-11-30 19:25:31,4298
2012-11-30 21:00:02,1677
2012-12-01 14:46:22,1014
2012-12-01 14:48:53,37328
2012-12-01 21:00:00,118
2012-12-03 12:17:31,15476
2012-12-03 14:59:39,125
2012-12-03 15:01:04,2414
2012-12-03 15:50:40,6711
2012-12-03 21:00:01,963
2012-12-03 21:49:09,2636
2012-12-04 10:47:16,14157
2012-12-04 15:20:16,510
2012-12-04 15:24:54,18626
2012-12-04 18:27:05,373
2012-12-04 21:00:01,73
2012-12-05 11:09:27,13561
2012-12-05 16:26:05,132
2012-12-05 16:31:47,2346
2012-12-05 21:00:01,384
2012-12-06 14:16:04,218
2012-12-06 14:16:57,7831
2012-12-06 16:47:14,1350
2012-12-06 16:47:53,38031
2012-12-06 21:00:01,87
2012-12-07 11:34:03,5436
2012-12-07 14:22:10,79
2012-12-07 14:24:39,2123
2012-12-07 17:09:27,156
2012-12-07 17:11:41,5232
2012-12-08 21:00:01,100
2012-12-10 10:29:27,8036
2012-12-10 15:15:13,147
2012-12-10 15:18:31,2531
2012-12-10 21:00:01,504
2012-12-11 14:22:02,466
2012-12-11 14:23:19,16302
2012-12-11 16:08:32,548
2012-12-11 21:00:00,112
2012-12-12 14:47:09,3297
2012-12-12 15:07:32,67
2012-12-12 15:08:00,2405
2012-12-12 17:44:41,537
2012-12-12 21:00:00,544
2012-12-13 10:26:39,2319
2012-12-13 14:31:16,382
2012-12-13 14:33:47,14094
2012-12-13 17:03:43,474
2012-12-13 21:30:00,72
2012-12-14 16:36:26,1250
2012-12-14 16:41:00,33866
2012-12-14 21:30:00,1173
2012-12-16 17:42:41,5078
2012-12-18 11:29:24,2947
2012-12-18 13:43:40,13467
2012-12-18 14:19:48,2599
2012-12-18 21:00:01,3158
2012-12-19 10:17:50,730
2012-12-19 14:18:41,598
2012-12-19 16:22:09,4905
2012-12-19 21:00:00,373
2012-12-20 23:18:32,2022
2012-12-21 11:54:54,1019
2012-12-21 11:56:53,25937
2012-12-22 14:31:34,6855
2012-12-22 21:00:00,6910
2012-12-23 09:00:00,5265
2012-12-27 09:20:41,506
2012-12-27 09:20:56,176
2012-12-27 09:24:57,2886
2012-12-27 14:00:00,621
2012-12-27 21:00:02,366
2012-12-28 09:44:55,5562
2012-12-28 14:00:01,7480
2012-12-28 21:00:01,7207
2012-12-29 09:00:00,5422
2012-12-29 14:00:01,6747
2012-12-29 21:00:01,6614
2013-01-08 16:18:41,1058
2013-01-08 16:19:23,23916
2013-01-09 15:23:10,7022
2013-01-10 16:00:55,346
2013-01-10 16:02:10,16366
2013-01-10 16:16:48,110
2013-01-10 16:17:41,3328
2013-01-11 10:09:57,23870
2013-01-14 14:29:38,856
2013-01-14 21:45:05,2000
2013-01-14 21:59:49,22737
2013-01-15 17:20:47,1027
2013-01-15 17:22:11,41135
2013-01-16 17:16:39,75
2013-01-16 17:17:51,5003
2013-01-17 16:43:08,201
2013-01-17 16:43:42,14656
2013-01-21 18:49:47,1170
2013-01-21 19:19:56,444
2013-01-21 19:20:54,3834
2013-01-21 22:31:56,4248
2013-01-22 17:32:04,3212
2013-01-22 17:33:00,12846
2013-01-23 16:07:14,90
2013-01-23 16:07:41,5251
2013-01-23 17:15:18,1166
2013-01-23 17:15:56,6259
2013-01-24 14:08:35,16098
2013-01-24 14:20:20,2316
2013-01-24 14:21:33,8676
2013-01-24 16:20:18,411
2013-01-24 16:20:53,28240
2013-01-24 18:21:23,3109
2013-01-24 18:22:32,9822
2013-01-25 15:33:43,469
2013-01-25 15:34:37,4424
2013-01-25 17:44:43,884
2013-01-25 17:46:58,33610
2013-01-26 00:17:33,7227
2013-01-26 15:18:28,1741
2013-01-26 15:20:12,12257
2013-01-27 01:56:43,15030
2013-01-27 17:18:31,1430
2013-01-27 17:19:13,7168
2013-01-28 14:15:46,33605
2013-01-28 18:05:05,2131
2013-01-28 18:05:32,6002
2013-01-29 17:10:07,563
2013-01-29 17:40:41,1861
2013-01-29 17:41:36,7881
2013-01-30 10:38:29,2456
2013-01-30 10:39:59,9507
2013-01-30 13:07:13,1898
2013-01-30 13:08:27,7594
2013-01-30 16:00:00,72
2013-01-30 16:10:01,4164
2013-01-30 19:16:44,1917
2013-01-30 19:17:39,6069
2013-01-31 10:47:47,1800
2013-01-31 10:49:16,8147
2013-01-31 12:32:31,1480
2013-01-31 12:35:45,4893
2013-01-31 15:41:20,736
2013-01-31 15:43:02,3539
2013-01-31 21:26:48,1195
2013-01-31 21:28:01,4146
2013-02-01 06:30:23,720
2013-02-01 06:31:59,3226
2013-02-01 07:40:53,568
2013-02-01 07:44:22,2241
2013-02-01 08:20:01,723
2013-02-01 09:23:15,647
2013-02-01 09:23:48,3972
2013-02-01 09:49:23,8984
2013-02-01 10:08:00,24477
2013-02-01 10:26:35,493
2013-02-01 10:27:32,2948
2013-02-01 10:46:51,25503
2013-02-01 13:47:54,168
2013-02-01 13:48:20,4565
2013-02-01 14:08:21,86
2013-02-01 14:08:53,2054
2013-02-01 14:56:51,97
2013-02-01 14:57:07,1990
2013-02-01 16:00:18,2192
2013-02-01 16:01:13,10406
2013-02-01 17:27:48,720
2013-02-01 17:28:18,3928
2013-02-01 17:40:27,405
2013-02-01 17:40:59,2121
2013-02-01 18:22:29,497
2013-02-01 18:23:09,1853
2013-02-01 19:00:31,125
2013-02-01 19:00:52,2089
2013-02-05 10:26:17,3279
2013-02-05 15:48:11,15344
2013-02-05 17:39:46,731
2013-02-05 17:40:30,25935
2013-02-05 21:11:05,18739
2013-02-07 15:12:21,4168
2013-02-07 16:28:08,32327
2013-02-09 00:43:55,3409
2013-02-11 16:37:45,92
2013-02-11 17:08:35,819
2013-02-11 17:09:52,31584
2013-02-13 14:39:46,15916
2013-02-13 15:00:01,7033
2013-02-14 16:21:52,21030
2013-02-15 17:37:26,32814
2013-02-18 11:35:32,17278
2013-02-18 19:36:50,16172
2013-02-19 13:47:31,58413
2013-02-19 16:10:35,6216
2013-02-19 18:25:11,22598
2013-02-20 08:25:03,11942
2013-02-20 14:28:58,6871
2013-02-21 09:54:13,533
2013-02-21 15:46:40,18620
2013-02-21 18:07:40,8775
2013-02-22 15:33:39,12252
2013-02-22 16:48:40,44239
2013-02-25 16:50:45,5902
2013-02-26 14:50:49,5541
2013-02-26 16:22:52,5018
2013-02-26 18:00:40,48990
2013-02-27 12:42:45,15904
2013-02-27 14:33:04,8726
2013-02-27 17:24:15,3273
2013-02-28 14:59:28,9014
2013-02-28 15:31:06,3263
2013-02-28 17:23:12,3891
2013-02-28 17:51:00,21257
2013-02-28 19:00:01,12154
2013-03-01 14:53:53,21739
2013-03-01 16:40:06,9019
2013-03-01 20:00:02,27895
2013-03-02 09:00:01,5620
2013-03-02 11:00:02,27287
2013-03-02 14:00:01,8983
2013-03-02 17:00:01,38484
2013-03-03 10:00:02,13645
2013-03-03 14:00:01,27633
2013-03-03 17:00:02,22615
2013-03-03 20:00:02,27999
2013-03-04 14:16:04,22729
2013-03-04 14:39:37,13712
2013-03-04 16:14:54,4748
2013-03-04 16:57:26,21924
2013-03-04 18:01:29,28731
2013-03-04 20:00:02,32974
2013-03-05 10:51:19,65204
2013-03-05 16:05:18,51454
2013-03-06 14:05:43,8009
2013-03-06 16:19:10,67977
2013-03-06 16:56:29,110231
2013-03-07 10:07:56,86895
2013-03-07 14:32:04,43053
2013-03-07 15:38:51,29150
2013-03-08 10:06:23,11328
2013-03-08 14:00:03,60949
2013-03-08 16:34:06,10390
2013-03-08 16:50:20,32807
2013-03-11 13:14:43,5847
2013-03-11 16:59:52,43317
2013-03-12 16:56:46,30295
2013-03-13 19:35:43,12500
2013-03-14 16:10:46,26527
2013-03-14 18:24:17,5779
2013-03-15 15:53:34,2523
2013-03-15 19:27:00,3516
2013-03-16 15:00:02,2923
2013-03-18 18:05:23,10822
2013-03-19 11:02:29,4789
2013-03-19 15:00:01,23152
2013-03-19 16:27:33,17757
2013-03-20 16:46:18,6528
2013-03-21 10:37:23,3916
2013-03-21 11:05:14,30070
2013-03-21 16:22:51,2670
2013-03-22 14:43:55,5637
2013-03-23 17:33:19,3096
2013-03-25 12:09:24,4251
2013-03-25 15:03:38,12601
2013-03-26 13:09:53,3146
2013-03-26 16:47:06,23246
2013-03-27 13:54:09,3682
2013-03-27 16:13:48,9508
2013-03-27 17:42:23,24972
2013-03-28 13:36:04,4266
2013-03-28 16:02:37,14915
2013-03-28 17:28:43,6188
2013-03-29 15:09:37,48333
2013-03-29 16:09:14,6600
2013-04-02 13:49:57,2690
2013-04-02 15:23:32,21212
2013-04-02 16:18:05,79911
2013-04-03 14:47:18,48910
2013-04-03 16:00:01,3903
2013-04-03 17:13:14,40796
2013-04-03 22:20:01,46135
2013-04-04 14:33:10,8527
2013-04-04 15:14:48,7245
2013-04-05 13:34:14,10177
2013-04-08 12:55:27,20707
2013-04-08 15:01:44,4172
2013-04-10 10:35:13,18445
2013-04-10 18:18:35,4735
2013-04-11 10:46:55,4068
2013-04-11 13:49:22,65209
2013-04-12 10:39:36,3612
2013-04-12 13:58:02,9514
2013-04-12 18:15:53,35178
2013-04-13 10:00:02,15624
2013-04-13 18:00:01,4198
2013-04-14 06:00:01,4458
2013-04-15 09:35:59,24485
2013-04-15 13:00:59,38745
2013-04-15 15:00:20,21030
2013-04-15 16:20:42,3360
2013-04-15 21:00:01,84234
2013-04-16 13:00:40,23667
2013-04-17 16:07:35,9959
2013-04-18 00:00:01,6749
2013-04-18 12:26:00,4257
2013-04-18 15:12:57,2805
2013-04-18 16:45:08,58329
2013-04-18 19:30:00,2565
2013-04-18 21:00:02,2704
2013-04-19 01:00:01,43348
2013-04-19 14:09:32,2692
2013-04-19 15:33:37,9526
2013-04-19 16:32:42,25188
2013-04-19 19:30:00,59728
2013-04-19 21:00:01,3411
2013-04-20 04:00:00,16982
2013-04-20 15:00:01,3627
2013-04-21 02:00:00,45522
2013-04-21 10:30:02,3480
2013-04-22 14:13:37,20637
2013-04-22 16:10:17,3588
2013-04-23 14:47:56,23929
2013-04-23 19:00:02,78810
2013-04-24 00:30:01,51650
2013-04-24 04:00:01,8878
2013-04-24 13:14:50,906
2013-04-24 15:23:27,12616
2013-04-24 16:24:56,10880
2013-04-24 17:30:01,67835
2013-04-24 20:30:00,8313
2013-04-25 04:30:02,54497
2013-04-25 10:20:43,7473
2013-04-25 12:17:06,2423
2013-04-25 16:00:02,31263
2013-04-25 18:00:00,4435
2013-04-26 00:00:01,23534
2013-04-26 12:51:07,1558
2013-04-26 14:40:00,16541
2013-04-26 18:30:01,33814
2013-04-26 21:30:01,22603
2013-04-27 05:30:00,84320
2013-04-27 15:00:02,28691
2013-04-27 19:00:01,26517
2013-04-28 00:00:01,59073
2013-04-28 10:00:01,23684
2013-04-28 15:00:03,3529
2013-04-28 19:00:01,45077
2013-04-29 01:00:01,28020
2013-04-29 15:56:13,21301
2013-04-29 17:22:43,54731
2013-04-29 20:00:00,5215
2013-04-30 00:00:01,40012
2013-04-30 09:36:32,5981
2013-04-30 14:01:09,22873
2013-04-30 16:09:54,1342
2013-04-30 17:12:53,8083
2013-04-30 19:30:00,9035
2013-04-30 23:00:01,19696
2013-05-01 10:00:03,17260
2013-05-01 13:05:33,2773
2013-05-01 15:06:05,10891
2013-05-01 19:00:01,54013
2013-05-01 21:00:01,3794
2013-05-02 01:00:02,10969
2013-05-02 10:54:11,10325
2013-05-02 13:45:11,2334
2013-05-02 17:07:27,29888
2013-05-02 19:00:00,11967
2013-05-02 22:30:01,18056
2013-05-03 13:31:59,2687
2013-05-03 17:09:21,130359
2013-05-03 20:30:00,4038
2013-05-04 05:00:02,58766
2013-05-04 16:00:01,8534
2013-05-04 19:00:07,43090
2013-05-05 03:00:01,85346
2013-05-05 13:00:00,2394
2013-05-05 17:00:01,45764
2013-05-05 23:00:01,4229
2013-05-06 08:58:36,7680
2013-05-06 14:41:25,24530
2013-05-06 18:00:01,14417
2013-05-07 00:00:00,9559
2013-05-07 05:00:01,49996
2013-05-07 09:05:44,1320
2013-05-07 14:23:30,16421
2013-05-07 15:38:25,7312
2013-05-07 18:00:00,65638
2013-05-07 19:30:01,68834
2013-05-08 00:00:01,42669
2013-05-08 02:00:01,19047
2013-05-08 09:11:38,1158
2013-05-08 10:15:02,10077
2013-05-08 14:14:26,15345
2013-05-08 17:06:17,3811
2013-05-08 18:20:05,42946
2013-05-08 19:40:05,23993
2013-05-08 20:40:01,3283
2013-05-08 21:00:01,2046
2013-05-08 22:30:00,29552
2013-05-09 10:01:44,15587
2013-05-09 15:23:24,12971
2013-05-09 17:18:55,14077
2013-05-09 18:00:01,7320
2013-05-09 19:30:11,34156
2013-05-09 20:20:01,2614
2013-05-10 14:11:20,2151
2013-05-10 15:00:43,18199
2013-05-10 18:40:04,7664
2013-05-10 19:42:57,2100
2013-05-11 00:00:12,6835
2013-05-11 08:00:01,5981
2013-05-11 19:30:07,45056
2013-05-11 21:00:02,12186
2013-05-12 00:00:01,4607
2013-05-12 03:00:01,23257
2013-05-12 08:00:01,10784
2013-05-12 08:00:02,4584
2013-05-12 11:00:02,3095
2013-05-12 13:00:01,8284
2013-05-12 18:00:01,5368
2013-05-12 21:00:03,32044
2013-05-13 10:42:55,6133
2013-05-13 12:54:26,9252
2013-05-13 15:27:18,8579
2013-05-13 16:30:12,13793
2013-05-13 20:00:01,5291
2013-05-14 00:00:00,9498
2013-05-14 12:00:01,5259
2013-05-14 14:00:02,13095
2013-05-14 16:00:01,7215
2013-05-14 18:00:01,5038
2013-05-15 08:57:27,6087
2013-05-15 10:00:01,11779
2013-05-15 14:00:01,4801
2013-05-16 10:22:05,51133
2013-05-16 15:36:39,52696
2013-05-16 16:56:52,8035
2013-05-16 17:25:31,4995
2013-05-16 18:06:11,39498
2013-05-16 18:30:03,3622
2013-05-16 19:00:02,29385
2013-05-16 20:52:09,17949
2013-05-17 09:00:04,57288
2013-05-17 10:00:02,9494
2013-05-17 10:30:00,4304
2013-05-17 11:35:09,8245
2013-05-17 12:02:02,63694
2013-05-17 15:31:16,7053
2013-05-17 16:38:52,1152
2013-05-17 17:16:20,10208
2013-05-17 18:50:04,4122
2013-05-17 19:28:54,20875
2013-05-17 21:30:02,13760
2013-05-17 22:00:01,16172
2013-05-17 22:30:02,47390
2013-05-18 08:41:00,12457
2013-05-18 08:57:05,24851
2013-05-18 09:30:02,9572
2013-05-18 10:06:52,10320
2013-05-18 12:21:47,41243
2013-05-18 14:00:02,28675
2013-05-18 15:00:04,12535
2013-05-18 15:32:16,1737
2013-05-18 16:50:01,17836
2013-05-18 20:40:02,25298
2013-05-18 21:30:02,35654
2013-05-19 09:18:59,51836
2013-05-19 10:00:02,29304
2013-05-19 11:00:02,15617
2013-05-19 16:40:02,18565
2013-05-19 17:00:02,35149
2013-05-19 19:20:02,13507
2013-05-19 19:50:01,24182
2013-05-19 20:20:01,24179
2013-05-19 20:50:01,22842
2013-05-19 21:30:01,43337
2013-05-20 09:43:56,1906
2013-05-20 11:49:40,1836
2013-05-20 13:15:34,41610
2013-05-20 15:06:40,12133
2013-05-20 16:12:01,9381
2013-05-20 17:34:13,9440
2013-05-21 13:03:44,12903
2013-05-21 14:41:18,7573
2013-05-21 18:00:03,4328
2013-05-22 09:37:19,11857
2013-05-22 13:59:09,11872
2013-05-22 15:43:15,15204
2013-05-22 16:38:12,6246
2013-05-22 19:00:02,12898
2013-05-22 20:00:02,2611
2013-05-23 02:00:01,10819
2013-05-23 09:57:42,3247
2013-05-23 11:40:02,10422
2013-05-23 13:54:47,2278
2013-05-23 15:38:51,1772
2013-05-23 17:09:03,7834
2013-05-23 18:30:02,5774
2013-05-23 22:30:00,1111
2013-05-24 00:00:02,4693
2013-05-24 15:09:53,9435
2013-05-24 16:23:22,5743
2013-05-24 17:00:00,1490
2013-05-24 19:00:06,14774
2013-05-24 20:30:02,36062
2013-05-25 03:00:02,12662
2013-05-25 11:00:02,9354
2013-05-25 13:00:02,5539
2013-05-25 16:00:02,2427
2013-05-25 19:00:01,26763
2013-05-26 00:30:02,12473
2013-05-26 11:00:02,2708
2013-05-26 15:30:01,10204
2013-05-26 18:00:02,9094
2013-05-26 22:30:03,24863
2013-05-27 11:00:09,5198
2013-05-27 13:02:16,8969
2013-05-27 16:13:17,5169
2013-05-27 19:00:05,9791
2013-05-28 12:12:20,5888
2013-05-28 14:02:36,8757
2013-05-28 16:28:11,1754
2013-05-28 16:51:20,4676
2013-05-28 18:40:07,15752
2013-05-28 20:30:01,33972
2013-05-29 08:44:07,9322
2013-05-29 12:11:02,12599
2013-05-29 17:19:32,3734
2013-05-29 19:00:03,19152
2013-05-30 00:00:01,12875
2013-05-30 13:36:45,8277
2013-05-30 14:26:52,20534
2013-05-30 18:10:02,21796
2013-05-31 00:00:01,14353
2013-05-31 14:12:19,8842
2013-05-31 16:38:26,20755
2013-05-31 17:05:45,1462
2013-05-31 19:00:01,2167
2013-05-31 19:40:02,52530
2013-05-31 22:30:01,28301
2013-06-01 14:00:00,2972
2013-06-01 17:00:00,23958
2013-06-01 22:40:00,39003
2013-06-02 11:00:01,21490
2013-06-02 14:30:00,30457
2013-06-02 18:00:01,16868
2013-06-03 14:12:20,9087
2013-06-03 15:31:34,5203
2013-06-03 18:00:03,37659
2013-06-04 00:00:01,19754
2013-06-04 14:09:49,2548
2013-06-04 15:38:36,8679
2013-06-04 16:32:33,5061
2013-06-04 19:30:12,79597
2013-06-05 01:00:01,37272
2013-06-05 14:48:59,7774
2013-06-05 16:19:49,6973
2013-06-05 18:00:02,25756
2013-06-05 21:40:02,19364
2013-06-06 13:35:53,6248
2013-06-06 14:54:50,4900
2013-06-06 15:58:05,8955
2013-06-07 11:46:49,17052
2013-06-07 13:38:31,3633
2013-06-07 15:27:34,8630
2013-06-07 16:00:15,1064
2013-06-07 17:00:00,3005
2013-06-07 18:30:13,13892
2013-06-08 00:00:01,11172
2013-06-08 08:30:00,10220
2013-06-08 10:00:01,6555
2013-06-08 16:30:01,3583
2013-06-08 20:00:01,11874
2013-06-09 11:00:01,10402
2013-06-09 17:00:00,3524
2013-06-09 19:00:01,20647
2013-06-10 11:04:41,6169
2013-06-10 13:31:12,14988
2013-06-10 15:04:21,2362
2013-06-10 18:40:00,8141
2013-06-11 00:00:00,8089
2013-06-11 15:32:52,22109
2013-06-11 18:20:01,5550
2013-06-11 20:00:00,7449
2013-06-12 09:49:31,4208
2013-06-12 12:25:28,6932
2013-06-12 16:11:46,7175
2013-06-12 17:32:00,4266
2013-06-12 19:00:14,16439
2013-06-12 20:00:00,30947
2013-06-12 22:30:00,10117
2013-06-13 00:00:01,18138
2013-06-13 08:53:01,4053
2013-06-13 13:41:31,2923
2013-06-13 14:21:56,7191
2013-06-13 16:06:08,5992
2013-06-13 16:55:36,11069
2013-06-13 18:00:00,1266
2013-06-13 19:20:12,26450
2013-06-13 22:20:00,18300
2013-06-14 11:17:06,2599
2013-06-14 12:03:26,12854
2013-06-14 15:25:16,6517
2013-06-14 18:40:03,36286
2013-06-15 00:00:05,8709
2013-06-15 08:00:01,6118
2013-06-15 15:00:01,5018
2013-06-15 19:00:02,31827
2013-06-16 09:00:00,13015
2013-06-16 13:00:01,4913
2013-06-16 16:00:01,2282
2013-06-16 18:00:01,3440
2013-06-16 21:00:01,11351
2013-06-17 13:53:10,6787
2013-06-17 16:24:17,8048
2013-06-17 20:00:02,27636
2013-06-17 23:00:01,17996
2013-06-18 12:30:04,3613
2013-06-18 13:23:04,8700
2013-06-19 13:21:02,9251
2013-06-19 16:40:57,4698
2013-06-20 13:00:00,7514
2013-06-20 16:01:38,9315
2013-06-20 16:50:01,37667
2013-06-21 00:00:01,23183
2013-06-21 13:08:54,7655
2013-06-21 16:20:01,2875
2013-06-21 16:40:01,6196
2013-06-21 17:00:01,2035
2013-06-21 21:00:01,20522
2013-06-22 14:30:01,4943
2013-06-22 23:00:01,29916
2013-06-23 12:00:00,21717
2013-06-23 14:00:00,3172
2013-06-24 15:05:38,7974
2013-06-24 19:20:12,63469
2013-06-25 00:00:00,37216
2013-06-25 13:59:58,7788
2013-06-25 15:19:50,6250
2013-06-25 21:57:05,1962
2013-06-26 15:07:06,13204
2013-06-26 15:49:55,8081
2013-06-26 18:00:01,21900
2013-06-26 19:00:02,47665
2013-06-26 23:00:01,13816
2013-06-27 16:00:03,14464
2013-06-27 16:40:01,5505
2013-06-27 17:30:01,2972
2013-06-27 18:20:01,1846
2013-06-27 20:01:30,28156
2013-06-27 23:00:00,13870
2013-06-28 15:08:10,44834
2013-06-28 15:40:01,5988
2013-06-28 16:00:53,2168
2013-06-28 19:28:12,10820
2013-06-28 23:00:01,63470
2013-06-29 11:00:01,2889
2013-06-29 16:00:01,14949
2013-06-29 20:50:09,36158
2013-06-30 09:30:01,5272
2013-06-30 11:00:01,2556
2013-07-01 09:17:57,91492
2013-07-01 10:50:02,3941
2013-07-01 17:05:31,35604
2013-07-01 19:00:00,7384
2013-07-02 15:14:01,8124
2013-07-02 18:40:01,30068
2013-07-02 22:20:01,22310
2013-07-03 13:11:29,3615
2013-07-03 15:49:39,7194
2013-07-03 19:00:01,43820
2013-07-03 20:30:01,2048
2013-07-03 23:00:01,27378
2013-07-04 13:51:32,7157
2013-07-04 15:11:33,1293
2013-07-04 16:18:45,10907
2013-07-04 16:56:34,7698
2013-07-04 17:30:01,34
2013-07-05 11:59:19,7938
2013-07-05 15:10:22,1794
2013-07-05 16:24:35,4005
2013-07-05 21:33:57,2458
2013-07-06 11:00:01,2808
2013-07-06 21:00:01,88526
2013-07-07 11:00:01,2444
2013-07-07 14:00:00,3054
2013-07-07 19:00:01,55984
2013-07-08 14:41:46,7729
2013-07-08 15:36:55,1510
2013-07-08 16:52:20,3947
2013-07-08 18:00:49,22624
2013-07-08 23:00:01,13733
2013-07-09 14:24:30,7211
2013-07-09 15:27:58,1625
2013-07-09 16:30:01,3365
2013-07-09 18:00:02,39564
2013-07-09 19:00:02,7927
2013-07-09 22:00:01,23117
2013-07-10 00:00:00,5887
2013-07-10 15:08:03,6768
2013-07-10 19:00:01,56566
2013-07-10 23:00:01,30140
2013-07-11 12:37:39,2625
2013-07-11 15:07:36,6000
2013-07-11 16:27:18,6010
2013-07-11 17:30:03,32615
2013-07-11 19:00:01,26494
2013-07-11 23:00:01,27028
2013-07-12 02:00:00,19974
2013-07-12 13:02:23,15398
2013-07-12 14:08:48,6036
2013-07-12 15:06:15,1469
2013-07-12 16:10:46,29247
2013-07-12 17:30:01,12428
2013-07-12 21:00:01,19650
2013-07-13 13:00:02,4565
2013-07-13 16:00:01,10355
2013-07-13 17:20:13,53163
2013-07-13 21:03:01,18112
2013-07-14 09:00:01,9175
2013-07-14 19:00:01,29762
2013-07-15 09:55:59,12185
2013-07-15 12:17:38,7194
2013-07-15 17:03:09,43139
2013-07-16 13:05:49,12084
2013-07-16 14:54:59,6009
2013-07-16 15:27:44,1537
2013-07-16 16:30:00,3164
2013-07-16 19:00:05,57886
2013-07-16 22:00:01,33719
2013-07-17 13:14:33,6682
2013-07-17 14:50:34,4868
2013-07-17 16:08:38,11115
2013-07-17 17:30:01,28474
2013-07-17 22:00:01,20563
2013-07-18 13:57:22,4556
2013-07-18 16:26:41,5806
2013-07-18 17:41:58,12355
2013-07-18 23:00:01,6324
2013-07-19 15:26:53,1787
2013-07-19 16:17:10,23936
2013-07-19 17:00:01,2496
2013-07-19 19:00:01,65524
2013-07-19 23:00:00,35403
2013-07-20 14:00:01,6272
2013-07-21 07:50:09,4416
2013-07-21 09:23:53,13034
2013-07-21 13:00:01,10834
2013-07-21 15:54:33,3032
2013-07-21 17:00:01,40947
2013-07-21 22:10:00,28289
2013-07-22 10:03:58,3412
2013-07-22 12:48:10,2841
2013-07-22 16:26:24,22553
2013-07-23 15:41:23,18285
2013-07-23 18:00:02,34390
2013-07-24 14:58:05,7287
2013-07-24 15:54:24,3244
2013-07-24 16:30:50,4975
2013-07-24 17:30:13,14839
2013-07-25 12:00:01,7092
2013-07-25 15:28:07,1656
2013-07-25 16:00:01,1871
2013-07-25 17:00:02,20555
2013-07-25 19:00:01,6344
2013-07-26 12:25:59,6044
2013-07-26 13:38:11,13232
2013-07-26 14:20:30,1680
2013-07-26 15:14:35,3325
2013-07-27 09:00:01,11062
2013-07-27 10:00:00,5321
2013-07-27 11:30:01,1793
2013-07-27 18:00:01,7461
2013-07-27 21:00:00,37515
2013-07-28 09:00:01,4261
2013-07-28 11:00:01,1997
2013-07-28 14:00:00,25507
2013-07-28 16:00:01,6084
2013-07-29 13:07:35,16442
2013-07-29 16:38:19,8052
2013-07-29 17:27:54,22127
2013-07-31 14:06:46,8121
2013-08-01 15:40:26,7508
2013-08-01 16:43:22,4048
2013-08-01 17:56:40,2436
2013-08-02 13:20:07,2249
2013-08-02 16:36:54,4229
2013-08-03 13:00:00,2049
2013-08-03 18:00:01,6449
2013-08-04 14:00:01,3934
2013-08-04 16:00:00,6737
2013-08-05 17:00:01,7552
2013-08-06 15:00:00,2071
2013-08-06 15:00:01,1706
2013-08-06 18:00:01,43026
2013-08-07 14:00:01,4077
2013-08-08 15:00:01,1555
2013-08-08 18:00:01,53336
2013-08-09 14:00:01,6816
2013-08-09 17:00:01,8741
2013-08-11 13:00:01,8246
2013-08-11 15:00:00,2092
2013-08-12 18:00:01,34346
2013-08-13 17:00:01,8481
2013-08-14 17:00:00,1899
2013-08-14 18:00:01,49757
2013-08-15 12:00:01,2704
2013-08-15 16:00:04,10454
2013-08-17 13:00:01,2142
2013-08-17 17:00:01,8174
2013-08-18 14:00:01,6047
2013-08-18 18:00:01,25146
2013-08-19 13:00:01,6084
2013-08-19 17:00:01,2055
2013-08-20 12:32:38,37006
2013-08-20 14:50:02,15747
2013-08-21 17:00:00,7825
2013-08-22 09:01:18,33795
2013-08-22 11:00:01,1757
2013-08-22 15:00:01,2152
2013-08-22 18:00:00,58960
2013-08-23 14:00:01,3770
2013-08-23 14:00:01,1392
2013-08-24 11:30:01,1986
2013-08-24 16:00:01,26408
2013-08-25 11:00:00,1950
2013-08-25 16:00:00,8202
2013-08-26 12:24:37,30682
2013-08-26 14:00:00,2297
2013-08-26 15:07:37,5755
2013-08-26 16:22:35,43512
2013-08-27 08:42:43,45520
2013-08-27 15:14:22,6639
2013-08-27 18:00:00,17455
2013-08-28 10:38:33,29472
2013-08-28 14:37:34,5702
2013-08-28 17:00:01,4481
2013-08-28 18:00:01,26901
2013-08-29 11:21:33,31925
2013-08-29 14:08:50,5035
2013-08-29 15:22:17,1651
2013-08-29 16:23:31,1976
2013-08-29 18:10:01,32329
2013-08-30 12:19:16,23184
2013-08-30 14:02:38,5696
2013-08-30 15:15:54,1566
2013-08-30 16:48:39,14847
2013-08-31 09:00:01,23174
2013-08-31 13:00:01,5221
2013-08-31 15:00:01,973
2013-08-31 17:00:01,22296
2013-09-01 09:00:01,33765
2013-09-01 13:00:01,3151
2013-09-01 15:00:01,1440
2013-09-01 18:00:01,19873
2013-09-02 09:51:43,13678
2013-09-02 14:37:41,2758
2013-09-02 17:00:01,21196
2013-09-03 08:43:53,6723
2013-09-03 15:07:02,4086
2013-09-03 16:30:05,3237
2013-09-03 17:30:01,3588
2013-09-03 19:00:01,5101
2013-09-04 01:00:01,3862
2013-09-04 11:42:47,4441
2013-09-04 15:23:02,2437
2013-09-04 16:22:14,8937
2013-09-04 18:30:01,3099
2013-09-05 00:00:02,4496
2013-09-05 09:51:44,3813
2013-09-05 14:38:15,3134
2013-09-05 16:46:53,4702
2013-09-05 18:30:01,29517
2013-09-06 00:00:01,22086
2013-09-06 14:08:22,1415
2013-09-06 20:00:01,4267
2013-09-07 10:00:01,26503
2013-09-07 11:30:01,1479
2013-09-07 17:00:00,4945
2013-09-08 09:00:01,4924
2013-09-08 11:00:01,1611
2013-09-08 18:00:01,27664
2013-09-09 16:39:19,14323
2013-09-09 18:30:01,3791
2013-09-10 08:29:29,9387
2013-09-10 09:59:37,34932
2013-09-10 13:30:36,14145
2013-09-10 15:13:15,19424
2013-09-12 16:00:02,15995
2013-09-12 19:00:01,22235
2013-09-13 13:07:03,15353
2013-09-13 14:46:09,8743
2013-09-13 15:39:35,17069
2013-09-14 14:00:01,1042
2013-09-14 16:00:01,27184
2013-09-14 22:00:01,8471
2013-09-15 13:00:01,3006
2013-09-15 15:00:01,20196
2013-09-15 20:30:01,38088
2013-09-16 16:56:29,16341
2013-09-16 20:30:01,20810
2013-09-17 14:09:12,3513
2013-09-17 16:17:09,1510
2013-09-17 17:06:09,5689
2013-09-17 18:40:01,9766
2013-09-18 13:34:11,5110
2013-09-18 15:25:45,30891
2013-09-18 16:55:29,7376
2013-09-18 20:40:01,1221
2013-09-19 15:51:48,18313
2013-09-19 19:02:14,332
2013-09-19 19:02:15,429
2013-09-20 11:39:57,1304
2013-09-20 18:28:51,2637
2013-09-21 12:00:02,1212
2013-09-21 14:00:01,2487
2013-09-22 11:00:01,1424
2013-09-22 14:00:01,3233
2013-09-23 15:09:57,28580
2013-09-23 16:28:04,5272
2013-09-24 13:31:38,5293
2013-09-25 14:27:45,3636
2013-09-25 16:12:46,1908
2013-09-25 19:00:01,18824
2013-09-26 00:00:00,14879
2013-09-26 13:20:45,2896
2013-09-26 15:32:38,12409
2013-09-26 17:00:01,12710
2013-09-27 16:08:39,7561
2013-09-27 17:10:48,2228
2013-09-28 13:00:01,6350
2013-09-28 16:00:01,1281
2013-09-29 09:00:02,6633
2013-09-29 14:00:01,9582
2013-09-30 16:38:28,4421
2013-10-01 16:34:56,2386
2013-10-02 14:00:01,2877
2013-10-03 18:00:05,8431
2013-10-04 19:30:01,14746
2013-10-05 15:00:01,27352
2013-10-05 19:00:01,9414
2013-10-06 11:00:01,2011
2013-10-06 15:00:01,1907
2013-10-07 16:44:57,10151
2013-10-08 13:16:12,1728
2013-10-10 08:30:46,8432
2013-10-10 11:49:01,14477
2013-10-11 09:58:07,2331
2013-10-11 11:00:02,902
2013-10-11 12:00:01,11562
2013-10-11 13:00:01,7421
2013-10-11 16:01:44,8664
2013-10-11 16:35:33,13883
2013-10-11 17:10:01,16310
2013-10-12 15:30:01,6541
2013-10-12 16:00:02,7743
2013-10-12 18:00:01,8973
2013-10-12 21:00:00,4158
2013-10-13 10:00:01,25016
2013-10-13 13:00:02,4701
2013-10-13 14:00:01,5074
2013-10-13 15:00:01,11394
2013-10-13 18:00:02,16421
2013-10-14 15:14:06,16579
2013-10-17 17:10:01,6568
2013-10-17 19:00:01,14311
2013-10-18 16:41:08,5138
2013-10-19 13:00:01,8604
2013-10-20 09:00:01,2320
2013-10-23 16:02:25,14356
2013-10-23 17:00:01,1930
2013-10-23 18:30:01,1257
2013-10-24 15:45:12,44985
2013-10-25 18:40:03,9533
2013-10-26 14:00:02,8555
2013-10-28 17:21:14,2007
2013-10-30 13:55:52,2378
2013-10-31 16:39:18,9124
2013-11-01 18:00:02,4764
2013-11-02 15:00:02,1652
2013-11-04 14:54:50,1703
2013-11-04 16:03:06,8004
2013-11-05 15:31:04,3242
2013-11-05 18:40:01,12966
2013-11-06 14:00:02,1469
2013-11-07 15:59:03,6076
2013-11-07 17:11:36,7970
2013-11-07 17:54:10,2391
2013-11-08 10:05:59,6640
2013-11-08 10:34:08,4008
2013-11-08 13:17:51,1440
2013-11-08 19:00:01,8147
2013-11-09 18:16:52,4114
2013-11-10 10:34:00,4273
2013-11-10 17:12:41,2836
2013-11-11 14:13:15,6700
2013-11-11 15:09:28,9071
2013-11-11 16:14:13,1525
2013-11-12 17:09:51,21934
2013-11-14 16:58:58,1737
2013-11-15 13:27:57,11465
2013-11-15 19:00:01,5904
2013-11-16 15:00:01,10305
2013-11-18 17:02:20,21331
2013-11-19 16:38:21,17119
2013-11-20 14:17:00,3398
2013-11-20 16:27:36,1415
2013-11-21 13:44:40,34094
2013-11-21 15:36:40,15310
2013-11-23 10:33:52,1772
2013-11-23 14:00:01,1471
2013-11-25 19:00:06,6564
2013-11-27 10:40:35,21512
2013-11-28 13:10:30,6000
2013-11-28 13:57:06,3888
2013-11-28 17:40:48,7337
2013-11-29 14:10:11,1259
2013-11-29 15:45:59,20164
2013-11-29 16:41:46,1519
2013-11-29 16:44:45,1734
2013-11-29 17:01:05,7470
2013-11-30 16:00:01,5399
2013-12-01 15:00:01,2315
2013-12-02 17:42:44,6336
2013-12-02 18:10:01,6544
2013-12-02 18:50:00,7773
2013-12-03 12:11:26,4018
2013-12-04 12:23:33,7387
2013-12-05 16:39:53,38158
2013-12-05 18:11:09,21010
2013-12-06 11:01:59,25371
2013-12-06 17:46:20,2059
2013-12-07 16:00:02,1542
2013-12-08 15:00:01,1643
2013-12-09 17:16:24,12377
2013-12-10 10:00:02,21567
2013-12-10 18:00:01,7299
2013-12-14 10:53:10,6918
2013-12-22 09:40:39,2703
2013-12-23 10:00:00,7567
2013-12-23 14:00:01,18556
2013-12-24 16:00:01,13027
2013-12-25 10:00:01,4078
2013-12-25 14:00:01,19911
2013-12-25 14:00:01,5321
2013-12-26 13:00:01,4049
2013-12-26 19:00:01,1475
2013-12-27 13:00:01,10405
2013-12-27 18:00:01,3929
2013-12-27 19:00:01,5429
2013-12-28 12:00:01,2108
2013-12-28 15:00:01,29348
2013-12-29 12:00:01,2382
2013-12-29 15:00:01,12709
2013-12-30 15:00:00,2060
2013-12-31 23:05:00,6962
2014-01-03 18:00:01,2957
2014-01-04 11:00:01,22475
2014-01-04 16:00:01,25913
2014-01-05 13:00:01,39660
2014-01-05 17:00:02,17540
2014-01-06 17:00:01,16958
2014-01-07 14:13:14,20288
2014-01-07 17:34:08,2496
2014-01-08 14:03:39,24333
2014-01-09 16:12:25,3508
2014-01-10 11:37:39,24124
2014-01-10 16:26:31,29578
2014-01-11 11:00:02,23695
2014-01-12 14:00:00,6818
2014-01-13 14:57:06,7353
2014-01-13 18:14:56,15136
2014-01-14 14:25:14,8744
2014-01-15 12:48:30,4088
2014-01-15 17:54:54,1980
2014-01-16 16:50:50,7129
2014-01-17 16:46:21,1700
2014-01-20 15:37:48,1667
2014-01-22 16:46:04,6111
2014-01-22 18:34:58,1143
2014-01-23 18:09:09,13410
2014-01-25 13:33:04,5204
2014-01-25 17:00:00,6225
2014-01-27 09:29:33,10582
2014-01-27 13:09:05,5329
2014-01-27 17:11:59,4928
2014-01-28 15:00:01,5282
2014-01-30 19:00:00,19666
2014-01-31 17:13:03,1614
2014-02-02 15:00:02,4331
2014-02-03 14:12:59,2107
2014-02-03 16:47:04,5586
2014-02-04 14:51:02,2249
2014-02-04 18:27:55,4690
2014-02-05 18:25:11,18150
2014-02-06 11:24:26,4949
2014-02-06 13:59:04,2266
2014-02-06 16:27:59,16354
2014-02-06 17:38:30,2261
2014-02-07 04:00:01,9671
2014-02-07 15:54:58,24291
2014-02-08 04:00:01,22528
2014-02-08 11:00:01,1945
2014-02-09 15:00:01,14579
2014-02-10 16:41:42,2613
2014-02-11 10:44:31,4720
2014-02-11 14:07:25,4295
2014-02-11 17:38:20,3123
2014-02-11 18:10:46,852
2014-02-11 20:30:01,2929
2014-02-12 07:45:00,3972
2014-02-12 09:22:34,1264
2014-02-12 13:33:38,8337
2014-02-12 17:26:07,12012
2014-02-12 19:30:03,15230
2014-02-13 11:59:10,2783
2014-02-13 15:33:08,12981
2014-02-14 09:25:32,7677
2014-02-14 11:46:15,8232
2014-02-14 17:51:23,10808
2014-02-14 19:00:01,11598
2014-02-15 14:00:01,11162
2014-02-16 16:00:01,12276
2014-02-18 13:51:42,22277
2014-02-18 14:32:24,1199
2014-02-20 15:40:14,1710
2014-02-20 17:44:00,8702
2014-02-24 16:45:16,7287
2014-02-25 15:26:00,1850
2014-02-25 18:11:46,27835
2014-02-26 13:50:58,13839
2014-02-27 17:09:11,2351
2014-02-27 20:00:01,9261
2014-03-01 15:00:01,10626
2014-03-02 16:00:01,6868
2014-03-03 15:24:00,7434
2014-03-03 17:34:09,10246
2014-03-03 18:30:01,7283
2014-03-03 20:00:01,5868
2014-03-03 22:00:01,6189
2014-03-04 06:30:01,7714
2014-03-04 07:30:01,5592
2014-03-04 08:23:47,6411
2014-03-05 12:56:12,10168
2014-03-05 18:30:01,2364
2014-03-05 18:30:01,20398
2014-03-08 14:00:33,24232
2014-03-10 15:51:37,16261
2014-03-10 19:40:04,17932
2014-03-11 16:41:08,2185
2014-03-13 12:38:29,41968
2014-03-15 15:00:01,9818
2014-03-16 13:00:01,2161
2014-03-16 17:00:01,6961
2014-03-18 17:04:41,6206
2014-03-18 18:01:03,39348
2014-03-19 14:50:58,8901
2014-03-21 14:45:02,13461
2014-03-21 17:16:04,3453
2014-03-21 18:12:06,42257
2014-03-23 14:00:01,2308
2014-03-24 15:54:55,1604
2014-03-25 16:12:29,17520
2014-03-26 12:41:28,8500
2014-03-26 15:00:01,9352
2014-03-26 16:30:00,4281
2014-03-27 16:07:07,17285
2014-03-28 11:42:43,7415
2014-03-28 14:00:01,6781
2014-03-28 18:03:16,10889
2014-03-29 07:30:01,6630
2014-03-29 15:45:05,1580
2014-03-30 07:30:01,3851
2014-03-30 13:00:01,4526
2014-03-31 14:38:26,3235
2014-03-31 16:50:55,9417
2014-04-01 08:19:48,7869
2014-04-01 17:00:06,5910
2014-04-02 09:53:17,18508
2014-04-02 15:34:08,5539
2014-04-03 11:30:01,4875
2014-04-03 15:00:02,3481
2014-04-04 09:20:09,5693
2014-04-04 12:00:01,21823
2014-04-04 14:00:01,26122
2014-04-06 13:00:09,8127
2014-04-07 11:30:00,6988
2014-04-07 15:25:34,10858
2014-04-07 16:30:01,1670
2014-04-08 08:38:37,3340
2014-04-08 14:45:25,5738
2014-04-09 09:54:52,4333
2014-04-10 09:33:10,7872
2014-04-10 13:35:49,2378
2014-04-11 09:32:10,4555
2014-04-11 13:00:01,6546
2014-04-12 09:35:55,19283
2014-04-13 11:10:15,11678
2014-04-14 16:07:55,7181
2014-04-14 17:10:47,2165
2014-04-15 10:00:01,5866
2014-04-15 13:00:02,6774
2014-04-16 10:00:00,7460
2014-04-16 12:52:00,5326
2014-04-16 15:00:01,5575
2014-04-17 12:36:12,5264
2014-04-18 11:11:51,3001
2014-04-18 17:00:02,5099
2014-04-18 18:00:01,4508
2014-04-19 09:00:01,4039
2014-04-19 15:00:01,9762
2014-04-20 06:30:01,4317
2014-04-20 14:00:02,2439
2014-04-21 13:00:01,5396
2014-04-21 15:00:02,3364
2014-04-21 17:00:01,19256
2014-04-22 12:52:14,5229
2014-04-22 15:03:54,28104
2014-04-23 11:30:00,4902
2014-04-24 12:04:37,4386
2014-04-25 10:00:00,3339
2014-04-25 15:00:01,19278
2014-04-25 17:00:01,4665
2014-04-26 14:00:02,10563
2014-04-27 14:00:01,38449
2014-04-29 13:01:24,5804
2014-04-30 10:47:39,4746
2014-05-01 13:00:02,4570
2014-05-01 15:00:01,11403
2014-05-01 16:00:01,18898
2014-05-02 13:00:01,12758
2014-05-02 16:00:01,5371
2014-05-04 15:00:01,2913
2014-05-05 09:06:58,19497
2014-05-05 15:18:30,5453
2014-05-06 14:24:38,4594
2014-05-06 17:03:11,15506
2014-05-07 13:50:37,4480
2014-05-07 16:55:18,6768
2014-05-08 14:40:53,4104
2014-05-09 15:03:16,13078
2014-05-10 11:00:01,8710
2014-05-11 10:00:02,29128
2014-05-11 11:30:00,19073
2014-05-12 12:53:32,5183
2014-05-12 15:32:35,8869
2014-05-13 11:54:58,10797
2014-05-13 15:23:24,14959
2014-05-14 16:33:35,28209
2014-05-15 12:26:21,6689
2014-05-16 13:05:04,9859
2014-05-17 13:00:01,9496
2014-05-17 14:22:34,10664
2014-05-17 15:40:39,4395
2014-05-18 16:14:51,15059
2014-05-19 14:57:37,6464
2014-05-19 16:48:26,11403
2014-05-20 14:26:17,10355
2014-05-21 13:06:08,6730
2014-05-22 11:17:22,5229
2014-05-22 16:20:44,12523
2014-05-24 08:00:00,1644
2014-05-24 11:30:01,30288
2014-05-24 14:30:00,3896
2014-05-25 10:00:00,5403
2014-05-25 17:00:01,13135
2014-05-26 14:09:13,6817
2014-05-26 15:29:59,10730
2014-05-27 12:29:47,9633
2014-05-28 11:49:16,8985
2014-05-29 11:13:26,12011
2014-05-29 16:26:15,31049
2014-06-01 10:12:27,10729
2014-06-01 14:00:01,13546
2014-06-02 11:00:01,14428
2014-06-03 02:00:01,13952
2014-06-03 12:33:02,12134
2014-06-04 09:02:30,8418
2014-06-04 13:58:22,8854
2014-06-04 17:06:29,7358
2014-06-05 11:00:00,11749
2014-06-06 11:51:00,7824
2014-06-07 16:30:00,6400
2014-06-08 15:00:02,7691
2014-06-08 17:30:00,3842
2014-06-09 15:15:39,12814
2014-06-10 15:28:09,6799
2014-06-10 16:25:03,5632
2014-06-11 16:06:48,23482
2014-06-13 16:19:05,19867
2014-06-14 06:50:00,8746
2014-06-14 09:00:01,13042
2014-06-14 13:00:00,11374
2014-06-14 19:00:04,9553
2014-06-15 01:00:00,10704
2014-06-15 10:00:01,10439
2014-06-15 17:00:01,7013
2014-06-16 08:55:46,3698
2014-06-16 12:07:47,8647
2014-06-17 14:01:18,12012
2014-06-18 15:28:49,22284
2014-06-19 12:12:26,16901
2014-06-20 09:13:46,18347
2014-06-20 13:04:01,20662
2014-06-21 12:17:08,21302
2014-06-21 13:00:01,5827
2014-06-21 14:41:52,22954
2014-06-22 11:27:40,16136
2014-06-22 12:25:36,48604
2014-06-23 14:28:31,14403
2014-06-24 11:42:05,20389
2014-06-24 15:25:00,8972
2014-06-25 11:11:24,10587
2014-06-25 15:06:20,15672
2014-06-26 12:35:59,5574
2014-06-26 15:37:18,25352
2014-06-27 15:40:10,11895
2014-06-27 17:09:30,6968
2014-06-28 15:01:31,31560
2014-06-29 08:34:42,8472
2014-06-30 11:04:38,8129
2014-07-02 09:42:44,19212
2014-07-03 16:27:14,3162
2014-07-04 15:11:24,8144
2014-07-04 22:34:33,9884
2014-07-05 12:00:16,5698
2014-07-05 13:29:02,11482
2014-07-05 20:24:33,9707
2014-07-06 11:23:53,7414
2014-07-06 11:30:00,12426
2014-07-06 21:21:48,6446
2014-07-07 15:50:51,3511
2014-07-08 10:38:28,11616
2014-07-08 15:23:36,3623
2014-07-10 13:21:58,8501
2014-07-12 14:00:04,18910
2014-07-14 15:37:50,14593
2014-07-16 17:03:30,8785
2014-07-18 14:43:39,43876
2014-07-19 14:00:01,17122
2014-07-21 15:37:40,13801
2014-07-22 16:11:19,4055
2014-07-23 12:42:52,14617
2014-07-23 15:17:38,3950
2014-07-24 12:50:54,34694
2014-07-25 11:10:20,21400
2014-07-27 09:00:02,11090
2014-07-28 14:00:02,17763
2014-07-29 16:36:59,20121
2014-07-31 15:42:28,22675
2014-08-01 13:01:14,28261
2014-08-04 12:00:01,23209
2014-08-05 14:00:03,8956
2014-08-05 16:30:42,36686
2014-08-06 09:58:59,4942
2014-08-06 14:00:02,12054
2014-08-07 13:00:02,4929
2014-08-08 13:00:03,15444
2014-08-09 13:00:03,4753
2014-08-10 13:00:01,22019
2014-08-11 13:00:03,8675
2014-08-12 14:00:02,21863
2014-08-13 13:00:02,5208
2014-08-14 15:00:02,19426
2014-08-15 13:00:04,3975
2014-08-16 12:27:42,12298
2014-08-16 15:00:01,22216
2014-08-17 13:00:01,8015
2014-08-18 14:00:02,13814
2014-08-19 13:00:01,6505
2014-08-20 13:00:02,18484
2014-08-21 13:00:03,3932
2014-08-22 13:00:02,14241
2014-08-23 13:00:02,6203
2014-08-24 15:00:01,22854
2014-08-26 15:02:13,3677
2014-08-28 14:00:02,2937
2014-08-31 08:20:50,5105
2014-08-31 16:54:43,3574
2014-09-01 14:40:49,6422
2014-09-03 15:34:43,3480
2014-09-06 11:30:01,7117
2014-09-06 14:00:03,25783
2014-09-07 11:30:01,4817
2014-09-08 13:53:44,7700
2014-09-08 17:14:45,35509
2014-09-10 08:17:48,5272
2014-09-10 20:10:24,4026
2014-09-11 15:20:01,5121
2014-09-15 18:00:03,11486
2014-09-16 01:00:01,3060
2014-09-18 15:17:52,2272
2014-09-18 16:14:57,3693
2014-09-19 16:00:01,3122
2014-09-20 13:40:02,3561
2014-09-20 18:30:05,2352
2014-09-21 16:00:01,2823
2014-09-21 18:49:32,4366
2014-09-24 16:48:31,10387
2014-09-25 16:08:08,35479
2014-09-26 17:26:05,12675
2014-09-27 13:00:01,14014
2014-09-27 19:00:01,20968
2014-09-28 11:00:01,22348
2014-09-28 16:00:01,18923
2014-09-29 06:00:00,17715
2014-09-29 17:00:01,18952
2014-09-30 15:56:23,5737
2014-09-30 18:00:01,11301
2014-10-01 13:53:29,24621
2014-10-01 16:53:15,9808
2014-10-02 11:19:15,6165
2014-10-02 14:50:42,9891
2014-10-02 16:32:37,2919
2014-10-03 14:47:39,24559
2014-10-04 04:30:00,5343
2014-10-05 05:30:00,8953
2014-10-06 14:34:14,9978
2014-10-06 17:03:39,24170
2014-10-09 17:00:42,12965
2014-10-10 09:32:26,3621
2014-10-10 13:50:21,23526
2014-10-11 05:22:06,8456
2014-10-11 10:30:01,9574
2014-10-12 10:30:01,12291
2014-10-13 15:54:07,12584
2014-10-13 17:09:03,34660
2014-10-14 15:01:01,4686
2014-10-15 12:30:01,4299
2014-10-16 10:26:37,15367
2014-10-17 09:14:40,13057
2014-10-17 14:05:18,4173
2014-10-20 15:27:27,22433
2014-10-22 15:07:14,20560
2014-10-27 15:45:45,30546
2014-10-29 16:15:41,8672
2014-10-31 13:40:34,16553
2014-11-01 17:30:01,17374
2014-11-02 19:30:01,13883
2014-11-03 15:02:35,10480
2014-11-06 16:59:51,11462
2014-11-07 15:58:35,17038
2014-11-08 15:30:01,13201
2014-11-09 15:30:02,9443
2014-11-10 16:49:49,10773
2014-11-13 16:00:12,21949
2014-11-14 17:11:33,13188
2014-11-15 20:13:07,3125
2014-11-17 17:29:55,29514
2014-11-18 15:54:18,16113
2014-11-18 18:58:25,10084
2014-11-19 17:07:32,27979
2014-11-21 15:24:50,10567
2014-11-22 12:30:07,4937
2014-11-22 14:00:01,14494
2014-11-23 12:30:08,11155
2014-11-24 15:42:47,9656
2014-11-24 18:01:06,5094
2014-11-26 17:00:11,10364
2014-11-27 16:30:47,12385
2014-11-28 13:00:01,12841
2014-11-30 17:00:02,14610
2014-11-30 23:50:55,9456
2014-12-01 14:39:28,5905
2014-12-02 16:14:26,17503
2014-12-03 10:09:49,32931
2014-12-04 16:28:14,19924
2014-12-05 14:09:21,33867
2014-12-06 12:04:54,11371
2014-12-06 13:10:54,6868
2014-12-06 18:12:34,20192
2014-12-10 17:48:55,23250
2014-12-13 16:00:06,6575
2014-12-14 16:00:06,10962
2014-12-15 16:35:21,21264
2014-12-16 16:39:45,29824
2014-12-20 16:00:03,11635
2014-12-21 16:00:02,5540
2014-12-23 16:00:02,9611
2014-12-24 11:00:06,6614
2014-12-24 14:00:01,20386
2014-12-24 14:00:02,2960
2014-12-29 15:00:04,18788
2014-12-29 17:00:01,3972
2014-12-30 14:00:01,18255
2014-12-30 17:00:01,7816
2014-12-31 14:00:05,15550
2015-01-02 14:00:02,37170
2015-01-02 16:00:02,9824
2015-01-06 14:00:56,3436
2015-01-06 17:01:08,7097
2015-01-09 16:08:47,2721
2015-01-12 16:25:56,18998
2015-01-12 19:00:01,22488
2015-01-14 16:11:07,11027
2015-01-16 16:12:22,26738
2015-01-19 15:32:23,32732
2015-01-20 16:09:41,14132
2015-01-22 16:54:01,9886
2015-01-23 15:12:17,32103
2015-01-27 16:39:21,2898
2015-01-29 17:20:09,16437
2015-01-31 10:00:02,3332
2015-01-31 15:00:01,4710
2015-02-01 05:40:52,10838
2015-02-01 10:00:00,10942
2015-02-01 15:00:00,4210
2015-02-02 10:00:52,8716
2015-02-02 15:01:37,3726
2015-02-03 11:16:30,29828
2015-02-03 11:16:43,42582
2015-02-03 16:23:11,41126
2015-02-05 16:31:03,23218
2015-02-06 17:30:01,13458
2015-02-07 10:05:32,9686
2015-02-07 15:00:02,23686
2015-02-08 10:22:20,8390
2015-02-08 15:00:01,15202
2015-02-09 17:16:03,22851
2015-02-10 13:30:03,34193
2015-02-10 14:34:33,40198
2015-02-10 15:37:02,18391
2015-02-10 17:41:33,15443
2015-02-11 16:51:15,24497
2015-02-12 16:19:04,11952
2015-02-12 18:01:13,28976
2015-02-13 15:29:19,23532
2015-02-13 19:00:00,6109
2015-02-14 14:00:02,23978
2015-02-15 16:00:01,37789
2015-02-16 13:32:25,19171
2015-02-17 14:00:07,13448
2015-02-18 10:15:47,7578
2015-02-18 11:07:34,21391
2015-02-18 17:17:03,14732
2015-02-18 19:04:54,1874
2015-02-19 17:33:51,38064
2015-02-20 12:22:55,4506
2015-02-20 16:27:59,4630
2015-02-20 17:45:11,4027
2015-02-20 18:30:03,4934
2015-02-21 10:07:41,23229
2015-02-22 15:00:03,17383
2015-02-23 16:04:19,3133
2015-02-23 17:18:15,19911
2015-02-24 12:29:40,7142
2015-02-24 16:15:14,24256
2015-02-24 18:15:48,18388
2015-02-25 11:39:38,4810
2015-02-25 16:18:28,6196
2015-02-25 17:41:12,13400
2015-02-26 15:05:45,12257
2015-02-26 16:33:52,7135
2015-02-26 18:03:52,12528
2015-03-03 09:16:44,10157
2015-03-03 09:54:58,4139
2015-03-03 10:25:37,7043
2015-03-03 11:53:55,8092
2015-03-03 12:12:20,40963
2015-03-03 13:04:05,51536
2015-03-03 17:46:01,45104
2015-03-04 12:35:17,14479
2015-03-04 15:31:41,1960
2015-03-05 16:06:34,6020
2015-03-06 18:48:58,6082
2015-03-06 19:40:00,1445
2015-03-09 15:41:42,5452
2015-03-10 17:46:05,20545
2015-03-11 17:21:48,9209
2015-03-11 20:31:27,5111
2015-03-13 15:42:12,12324
2015-03-16 17:02:27,42768
2015-03-19 14:24:28,1726
2015-03-23 16:17:13,2324
2015-03-25 14:55:09,20308
2015-03-26 14:17:58,39989
2015-03-26 15:25:24,20049
2015-03-27 20:16:12,25799
2015-03-28 11:46:17,18753
2015-03-29 13:24:35,13626
2015-03-30 12:13:21,31236
2015-03-30 15:17:06,17016
2015-03-30 19:23:00,26910
2015-03-31 14:48:24,16485
2015-04-01 13:33:28,10730
2015-04-02 13:43:02,10183
2015-04-02 15:13:05,6472
2015-04-03 13:04:41,19396
2015-04-03 15:14:38,3185
2015-04-04 18:00:04,4831
2015-04-05 17:00:01,8794
2015-04-06 17:00:01,7589
2015-04-07 13:06:53,15259
2015-04-08 09:05:22,24431
2015-04-08 13:14:00,28251
2015-04-09 13:24:31,20254
2015-04-10 12:19:25,7473
2015-04-11 13:21:53,6428
2015-04-13 14:01:35,3155
2015-04-13 16:34:45,4425
2015-04-14 13:32:42,18377
2015-04-14 15:17:28,31302
2015-04-15 13:02:38,19737
2015-04-15 15:13:50,21568
2015-04-16 13:15:26,5029
2015-04-16 15:17:43,15665
2015-04-17 13:06:58,7569
2015-04-17 14:05:41,8239
2015-04-17 15:07:49,21137
2015-04-17 16:56:16,14478
2015-04-17 18:10:01,13527
2015-04-18 13:24:05,12752
2015-04-18 16:51:39,6796
2015-04-19 13:01:03,17035
2015-04-20 12:06:53,15452
2015-04-20 13:50:31,11580
2015-04-20 16:00:00,4669
2015-04-21 13:16:15,19911
2015-04-21 15:18:34,19615
2015-04-22 13:00:07,15058
2015-04-23 11:03:54,8274
2015-04-23 13:23:44,7123
2015-04-23 15:12:59,18576
2015-04-24 13:26:33,15496
2015-04-24 15:15:41,11337
2015-04-25 15:00:01,14530
2015-04-27 13:21:27,14935
2015-04-28 13:01:37,12796
2015-04-28 15:42:30,10733
2015-04-30 13:22:02,4111
2015-05-01 13:11:15,1678
2015-05-02 14:08:49,7572
2015-05-04 13:36:10,38175
2015-05-07 13:19:40,7914
2015-05-08 14:33:40,11575
2015-05-08 15:46:58,7413
2015-05-11 13:26:44,13720
2015-05-12 14:23:06,7332
2015-05-12 16:20:40,3081
2015-05-13 13:09:26,4230
2015-05-14 11:22:07,15847
2015-05-14 14:43:43,12433
2015-05-14 15:18:28,5721
2015-05-14 17:33:15,7847
2015-05-15 13:53:48,16269
2015-05-15 16:22:53,11541
2015-05-19 08:41:25,24785
2015-05-19 15:24:23,11849
2015-05-19 16:20:02,17016
2015-05-20 13:51:09,15233
2015-05-21 09:30:07,5175
2015-05-21 11:59:55,4026
2015-05-21 15:53:27,9472
2015-05-22 13:31:19,1790
2015-05-22 14:16:20,7386
2015-05-22 15:55:51,17325
2015-05-22 17:27:01,3277
2015-05-25 15:27:39,19848
2015-05-25 17:00:01,15582
2015-05-26 13:00:00,13562
2015-05-28 12:30:01,4072
2015-05-28 16:18:44,13371
2015-05-28 18:30:00,10461
2015-05-29 09:03:16,2097
2015-05-29 13:02:27,15169
2015-05-29 16:44:43,8026
2015-05-30 13:00:02,15653
2015-05-31 13:00:01,13458
2015-06-01 13:00:00,15144
2015-06-02 13:00:02,11405
2015-06-03 15:54:40,28542
2015-06-04 10:59:26,5780
2015-06-04 13:11:03,2207
2015-06-04 14:43:37,2577
2015-06-05 09:56:26,19920
2015-06-05 14:46:52,31335
2015-06-10 15:09:25,8418
2015-06-11 14:48:43,3057
2015-06-12 09:04:33,7298
2015-06-12 14:59:12,10649
2015-06-12 17:00:01,30467
2015-06-13 12:00:01,9281
2015-06-14 16:00:02,15972
2015-06-15 16:00:31,11700
2015-06-16 14:40:23,18299
2015-06-16 16:56:55,16466
2015-06-17 14:11:04,6916
2015-06-17 16:31:15,14968
2015-06-18 11:02:13,3200
2015-06-18 14:22:06,9707
2015-06-18 17:00:07,17341
2015-06-19 10:09:09,4635
2015-06-19 15:32:45,15101
2015-06-19 17:30:02,14203
2015-06-20 08:30:18,1347
2015-06-20 14:00:02,7341
2015-06-21 15:00:02,29842
2015-06-22 15:59:52,7396
2015-06-23 12:30:02,6871
2015-06-24 15:12:12,16811
2015-06-25 09:34:41,10008
2015-06-25 11:07:19,7253
2015-06-25 14:05:08,7233
2015-06-25 16:59:15,15115
2015-06-26 10:06:57,2784
2015-06-27 10:10:57,5643
2015-06-28 08:51:14,16830
2015-06-30 11:39:48,12988
2015-06-30 14:26:00,20373
2015-07-01 11:33:30,18414
2015-07-02 09:30:01,9371
2015-07-03 11:30:01,4249
2015-07-03 16:30:01,9016
2015-07-04 16:00:01,14179
2015-07-06 15:29:04,13541
2015-07-07 15:51:49,15876
2015-07-07 18:30:01,14205
2015-07-08 12:00:00,8476
2015-07-08 16:01:45,14876
2015-07-09 11:28:44,4520
2015-07-09 14:52:35,1442
2015-07-09 16:30:01,18692
2015-07-09 20:00:01,10478
2015-07-14 08:34:35,2700
2015-07-15 12:35:05,11258
2015-07-16 09:30:01,4255
2015-07-17 08:44:23,1632
2015-07-17 15:03:17,11846
2015-07-18 07:16:24,20569
2015-07-20 12:36:21,8828
2015-07-21 13:30:01,14031
2015-07-23 09:50:42,3661
2015-07-24 08:35:17,2320
2015-07-24 10:37:40,9980
2015-07-26 14:43:12,13413
2015-07-27 08:34:26,7745
2015-07-28 14:55:01,12874
2015-07-30 09:08:14,4209
2015-07-30 17:00:00,16185
2015-08-03 08:32:53,2872
2015-08-05 19:33:51,3150
2015-08-06 08:00:00,2949
2015-08-06 09:30:00,3662
2015-08-08 11:00:01,2738
2015-08-10 18:00:01,2509
2015-08-12 12:30:01,11727
2015-08-13 09:30:00,6841
2015-08-13 17:00:00,4475
2015-08-14 07:30:03,9776
2015-08-20 09:30:00,6347
2015-08-21 10:30:02,4186
2015-08-27 09:30:01,3183
2015-09-03 09:56:25,3397
2015-09-03 15:17:32,2136
2015-09-04 10:30:01,13121
2015-09-10 09:30:01,2743
2015-09-13 13:00:02,10518
2015-09-13 16:00:01,5183
2015-09-15 09:14:08,4288
2015-09-15 09:21:41,10138
2015-09-15 09:53:26,7299
2015-09-15 11:45:32,19588
2015-09-16 12:17:51,5153
2015-09-17 10:50:30,2151
2015-09-17 12:30:06,3798
2015-09-18 08:30:02,3788
2015-09-19 08:00:01,10967
2015-09-20 18:17:57,11187
2015-09-21 15:25:40,5639
2015-09-22 15:30:01,5215
2015-09-23 13:35:29,6188
2015-09-24 09:30:27,2325
2015-09-24 13:00:01,10993
2015-09-24 15:00:01,6115
2015-09-25 08:48:01,5648
2015-09-25 15:30:41,7674
2015-09-29 15:09:58,11711
2015-10-01 09:37:05,2747
2015-10-02 13:30:00,6916
2015-10-03 17:00:01,7731
2015-10-05 13:00:00,7401
2015-10-06 19:30:01,5553
2015-10-07 12:31:36,5155
2015-10-07 18:30:01,7724
2015-10-08 14:00:00,10230
2015-10-08 19:00:01,9268
2015-10-09 09:30:01,3789
2015-10-09 18:00:04,8083
2015-10-09 21:00:00,7485
2015-10-10 10:00:02,3907
2015-10-10 12:00:02,3783
2015-10-10 14:00:03,5529
2015-10-11 14:00:01,14672
2015-10-12 09:30:13,7592
2015-10-13 09:50:03,15197
2015-10-13 10:30:17,27304
2015-10-13 12:20:35,10689
2015-10-13 17:00:01,4583
2015-10-13 18:30:01,7411
2015-10-14 09:49:42,5937
2015-10-14 15:31:56,7977
2015-10-14 18:00:01,9164
2015-10-15 13:09:24,3867
2015-10-15 14:45:00,5288
2015-10-16 11:00:01,3843
2015-10-16 14:00:01,6786
2015-10-17 10:00:00,4843
2015-10-17 12:00:01,8747
2015-10-17 14:00:03,5570
2015-10-18 11:00:00,14316
2015-10-21 12:56:14,6466
2015-10-21 13:50:29,3448
2015-10-22 09:44:44,5177
2015-10-22 13:36:31,4853
2015-10-22 17:15:01,1632
2015-10-23 09:31:07,6841
2015-10-23 12:09:11,10892
2015-10-23 15:30:24,3985
2015-10-24 10:00:00,3787
2015-10-24 15:00:00,3539
2015-10-25 13:00:02,7148
2015-10-26 10:30:01,5191
2015-10-26 12:00:01,3887
2015-10-27 14:00:00,6982
2015-10-27 16:00:03,8800
2015-10-28 12:00:54,7010
2015-10-28 16:01:49,3342
2015-10-29 10:32:59,4057
2015-10-29 12:09:27,2805
2015-10-30 16:00:04,4929
2015-10-30 20:00:01,5494
2015-10-31 11:00:00,4384
2015-10-31 14:00:01,2125
2015-10-31 17:00:01,4661
2015-11-01 13:00:02,6312
2015-11-02 10:25:41,3668
2015-11-03 10:30:01,5139
2015-11-04 10:36:53,1449
2015-11-04 12:30:01,7114
2015-11-04 16:00:00,8562
2015-11-05 10:30:00,9813
2015-11-05 12:36:05,6565
2015-11-06 15:00:01,6014
2015-11-07 11:00:01,4465
2015-11-07 14:00:00,5346
2015-11-07 17:00:01,4354
2015-11-08 12:30:00,12223
2015-11-10 11:00:13,4688
2015-11-10 13:00:00,4092
2015-11-11 11:08:24,1414
2015-11-11 18:12:00,4474
2015-11-12 12:12:00,4609
2015-11-12 16:37:00,8132
2015-11-12 18:49:00,5570
2015-11-13 10:30:12,3685
2015-11-13 14:22:00,4279
2015-11-14 11:12:15,12852
2015-11-16 10:03:00,4458
2015-11-17 10:41:00,5844
2015-11-17 12:23:01,7065
2015-11-17 18:12:01,7466
2015-11-18 10:35:28,3525
2015-11-18 12:38:57,1932
2015-11-18 18:42:00,4856
2015-11-19 12:32:00,2850
2015-11-19 18:00:00,10848
2015-11-20 18:32:01,2777
2015-11-21 11:02:00,3002
2015-11-21 13:56:01,3971
2015-11-21 17:05:00,2604
2015-11-22 12:25:00,3506
2015-11-23 18:42:02,8348
2015-11-24 10:33:32,4306
2015-11-24 13:17:14,3486
2015-11-25 10:57:39,971
2015-11-25 16:26:01,6205
2015-11-25 18:05:00,4375
2015-11-26 12:29:00,1623
2015-11-26 14:33:38,5479
2015-11-26 15:51:11,2761
2015-11-26 18:41:00,5550
2015-11-27 10:32:01,6316
2015-11-27 12:28:11,8289
2015-11-27 16:39:00,2698
2015-11-28 11:02:00,3739
2015-11-28 17:04:01,1185
2015-11-29 15:12:00,2710
2015-11-30 14:43:00,4697
2015-11-30 16:43:01,5129
2015-12-01 10:40:02,2440
2015-12-01 14:01:00,3771
2015-12-02 10:46:59,740
2015-12-03 19:38:00,2766
2015-12-04 12:17:03,3721
2015-12-04 16:03:08,1694
2015-12-04 21:04:02,2187
2015-12-05 11:02:01,2453
2015-12-05 14:09:01,4454
2015-12-05 17:04:00,5300
2015-12-06 09:44:00,1549
2015-12-06 18:35:01,3776
2015-12-07 09:44:01,3353
2015-12-07 16:08:01,2566
2015-12-07 18:35:01,3777
2015-12-08 09:44:31,3214
2015-12-08 18:35:00,6098
2015-12-09 09:54:30,1136
2015-12-09 12:05:11,5628
2015-12-10 10:06:14,2899
2015-12-10 18:35:01,6647
2015-12-11 18:35:01,2528
2015-12-12 09:32:00,11822
2015-12-12 12:31:01,14128
2015-12-12 18:32:01,3727
2015-12-13 09:32:01,11430
2015-12-13 15:32:02,3297
2015-12-14 10:40:51,6208
2015-12-14 13:23:00,6242
2015-12-14 17:26:01,1105
2015-12-15 10:50:45,7409
2015-12-15 14:04:10,4604
2015-12-15 16:08:00,4218
2015-12-16 10:55:47,551
2015-12-16 16:08:11,1965
2015-12-16 18:35:00,2413
2015-12-17 10:47:31,2843
2015-12-17 14:45:19,11286
2015-12-19 15:02:00,14074
2015-12-19 21:02:00,1885
2015-12-20 12:02:01,4397
2015-12-20 15:02:01,3927
2015-12-22 14:07:00,8625
2015-12-22 18:06:01,6380
2015-12-23 14:08:47,2466
2015-12-23 18:06:01,4914
2015-12-24 18:06:00,4507
2015-12-25 18:06:01,3494
2015-12-26 16:12:01,7449
2015-12-26 18:06:00,4412
2015-12-27 18:06:17,3486
2015-12-28 18:06:01,3675
2015-12-29 14:07:00,2433
2015-12-29 18:06:01,5293
2015-12-30 14:12:50,3142
2015-12-30 18:06:01,3534
2015-12-31 18:06:02,4527
2016-01-01 14:07:00,12414
2016-01-01 18:06:00,2585
2016-01-02 18:06:00,2571
2016-01-03 18:06:00,2875
2016-01-03 20:00:01,9489
2016-01-04 06:35:50,776
2016-01-04 07:00:01,2442
2016-01-04 07:20:01,4961
2016-01-04 07:52:03,4661
2016-01-04 08:12:31,851
2016-01-04 09:05:01,1587
2016-01-05 14:07:00,3797
2016-01-05 18:06:00,5866
2016-01-06 18:06:00,3581
2016-01-07 18:06:00,8887
2016-01-08 14:07:00,3665
2016-01-08 16:12:00,2442
2016-01-08 18:06:00,2488
2016-01-09 16:12:00,13520
2016-01-10 10:02:00,4095
2016-01-10 16:12:01,2978
2016-01-11 10:02:01,5476
2016-01-12 12:05:01,557
2016-01-12 18:06:01,4230
2016-01-13 10:02:01,4604
2016-01-14 08:02:01,2551
2016-01-14 10:02:00,5667
2016-01-14 16:12:01,1504
2016-01-15 10:33:00,7070
2016-01-15 14:07:00,16060
2016-01-16 14:07:00,1668
2016-01-16 18:06:00,1725
2016-01-17 10:02:00,2508
2016-01-17 12:05:01,1830
2016-01-18 10:02:01,2672
2016-01-18 11:49:02,2361
2016-01-19 12:05:01,2634
2016-01-19 13:31:00,2167
2016-01-20 10:02:00,1020
