2010-03-22 14:45:43,0
2010-03-25 12:40:53,4.1996937583311E-5
2010-03-26 08:45:58,0
2010-03-29 06:21:58,0
2010-03-29 13:10:32,0
2010-03-29 13:32:43,4.1996937583311E-5
2010-04-07 06:14:17,0
2010-04-12 07:46:26,4.1996937583311E-5
2010-04-13 13:53:14,0
2010-04-14 16:32:02,8.3993875166623E-5
2010-04-15 05:59:12,0
2010-04-16 08:59:59,8.3993875166623E-5
2010-04-16 20:09:34,8.3993875166623E-5
2010-04-19 06:05:07,0
2010-04-20 15:18:46,4.1996937583311E-5
2010-04-21 08:17:16,0
2010-04-22 08:47:04,4.1996937583311E-5
2010-04-26 14:20:45,0
2010-04-28 15:03:54,0.00012599081274993
2010-04-29 09:27:48,0.00067195100133298
2010-05-06 11:30:04,8.3993875166623E-5
2010-05-06 14:44:22,8.3993875166623E-5
2010-05-07 12:30:02,8.3993875166623E-5
2010-05-11 13:12:14,0.00012599081274993
2010-05-17 15:27:53,0.00041996937583311
2010-05-25 12:22:37,0.00016798775033325
2010-05-28 11:40:08,0.00025198162549987
2010-06-08 12:10:03,4.1996937583311E-5
2010-06-08 12:19:38,0
2010-06-11 09:50:25,0
2010-06-11 09:52:02,0
2010-06-15 10:01:32,8.3993875166623E-5
2010-06-18 10:20:15,0
2010-06-21 13:01:34,0
2010-06-25 13:14:52,0
2010-06-29 11:26:20,8.3993875166623E-5
2010-07-05 09:03:04,0.00033597550066649
2010-07-05 12:29:20,8.3993875166623E-5
2010-07-09 11:39:43,0.00020998468791656
2010-07-12 06:34:01,0.0003779724382498
2010-07-12 08:12:41,0.00012599081274993
2010-07-15 09:11:30,0.00054596018858305
2010-07-15 13:20:40,0.00079794181408292
2010-07-19 06:38:14,0.00029397856308318
2010-07-26 11:47:58,0.00029397856308318
2010-07-28 08:21:27,0.0003779724382498
2010-07-29 08:00:43,0.00029397856308318
2010-07-30 11:02:34,0.00067195100133298
2010-08-02 08:40:17,0.00029397856308318
2010-08-03 11:17:54,0.00046196631341643
2010-08-17 08:26:19,0.00029397856308318
2010-08-18 08:15:43,0.00033597550066649
2010-08-19 13:51:43,0.00016798775033325
2010-08-27 14:05:50,0.00016798775033325
2010-08-30 13:56:17,0.0003779724382498
2010-09-01 12:56:40,0.00025198162549987
2010-09-02 10:17:08,0.00041996937583311
2010-09-03 12:48:49,0.00033597550066649
2010-09-14 07:58:00,0.00067195100133298
2010-09-14 16:06:21,0.00012599081274993
2010-09-21 11:22:32,0.00016798775033325
2010-09-29 13:39:55,0.00020998468791656
2010-10-04 06:40:49,0.0013019050650827
2010-10-04 17:20:40,0.00016798775033325
2010-10-05 08:09:36,0.0018478652536657
2010-10-06 15:03:15,0.00016798775033325
2010-10-06 16:33:36,0.00025198162549987
2010-10-07 08:02:18,0.00012599081274993
2010-10-07 10:46:09,0.00025198162549987
2010-10-07 11:31:18,0.00050396325099974
2010-10-08 09:32:56,0.00016798775033325
2010-10-08 15:05:53,0.00020998468791656
2010-10-11 09:15:30,0.00016798775033325
2010-10-11 13:53:55,0.00058795712616636
2010-10-12 08:04:46,0.00025198162549987
2010-10-12 08:41:08,0.00020998468791656
2010-10-12 09:58:30,0.00020998468791656
2010-10-12 14:30:39,0.00012599081274993
2010-10-13 07:28:55,0.00025198162549987
2010-10-13 09:33:27,0.00029397856308318
2010-10-14 12:48:25,0.00058795712616636
2010-10-15 07:28:07,0.00041996937583311
2010-10-15 14:34:13,0.00088193568924954
2010-10-18 09:17:26,0.00029397856308318
2010-10-18 11:07:55,0.00096592956441616
2010-10-19 07:40:18,0.00058795712616636
2010-10-19 07:43:15,0.00012599081274993
2010-10-19 16:21:40,0.00050396325099974
2010-10-20 07:59:33,8.3993875166623E-5
2010-10-20 09:48:32,0.00050396325099974
2010-10-20 13:02:55,0.00071394793891629
2010-10-21 07:04:42,4.1996937583311E-5
2010-10-21 07:53:26,0.00016798775033325
2010-10-21 15:36:23,0.00033597550066649
2010-10-21 16:26:31,0.00025198162549987
2010-10-22 07:50:26,0.00054596018858305
2010-10-22 15:27:36,0.00058795712616636
2010-10-25 07:37:04,0.00067195100133298
2010-10-25 11:12:19,0.00096592956441616
2010-10-25 18:36:42,0.00016798775033325
2010-10-26 07:31:08,0.00054596018858305
2010-10-26 14:48:07,0.0003779724382498
2010-10-27 07:46:01,0.00075594487649961
2010-10-27 13:06:55,0.00016798775033325
2010-10-28 09:03:20,0.00029397856308318
2010-10-28 15:17:22,0.00029397856308318
2010-10-29 07:14:09,8.3993875166623E-5
2010-10-29 11:08:41,4.1996937583311E-5
2010-10-29 15:34:10,0.00012599081274993
2010-11-02 09:36:44,0.00016798775033325
2010-11-02 09:55:11,0.00041996937583311
2010-11-02 11:59:45,0.00020998468791656
2010-11-02 15:25:33,0.00012599081274993
2010-11-03 08:15:22,0.0010919203771661
2010-11-04 08:44:06,0.00054596018858305
2010-11-04 12:52:52,0.00050396325099974
2010-11-04 15:48:36,0.00041996937583311
2010-11-05 08:09:37,0.00071394793891629
2010-11-05 13:32:19,0.00020998468791656
2010-11-08 08:39:22,0.00058795712616636
2010-11-08 12:29:56,0.00020998468791656
2010-11-08 16:47:34,0.00016798775033325
2010-11-09 09:02:15,0.00050396325099974
2010-11-09 16:37:45,0.00067195100133298
2010-11-10 08:40:01,0.00062995406374967
2010-11-11 10:29:39,0.00029397856308318
2010-11-11 11:38:31,0.00012599081274993
2010-11-11 17:51:51,0.00020998468791656
2010-11-12 09:39:16,0.00025198162549987
2010-11-15 08:26:04,0.00029397856308318
2010-11-15 11:38:06,0.00020998468791656
2010-11-15 15:29:57,0.00046196631341643
2010-11-16 09:16:33,0.0012599081274993
2010-11-16 16:13:40,0.00012599081274993
2010-11-17 09:00:43,0.00020998468791656
2010-11-18 09:20:02,0.00046196631341643
2010-11-18 10:43:57,0.00016798775033325
2010-11-18 12:52:03,4.1996937583311E-5
2010-11-18 14:35:04,0.0003779724382498
2010-11-18 16:07:02,0.00020998468791656
2010-11-19 08:45:05,0.0003779724382498
2010-11-19 13:18:02,0.00016798775033325
2010-11-19 16:32:03,0.00016798775033325
2010-11-19 17:12:44,0.00041996937583311
2010-11-22 08:50:38,0.00033597550066649
2010-11-22 12:36:45,0.0033177580690816
2010-11-23 09:30:24,0.00029397856308318
2010-11-24 10:25:01,0.00075594487649961
2010-11-24 15:25:27,0.00025198162549987
2010-11-25 09:22:22,0.00088193568924954
2010-11-26 08:03:38,8.3993875166623E-5
2010-11-26 12:44:34,0.00046196631341643
2010-11-26 15:47:05,0.00029397856308318
2010-11-29 09:47:40,0.00050396325099974
2010-11-29 15:16:54,0.0019738560664156
2010-11-30 08:30:27,0.00016798775033325
2010-11-30 11:45:06,0.00025198162549987
2010-11-30 16:22:24,0.00020998468791656
2010-12-01 09:36:24,0.00012599081274993
2010-12-01 13:43:04,0.00025198162549987
2010-12-02 07:47:12,0.00012599081274993
2010-12-02 08:02:04,8.3993875166623E-5
2010-12-02 08:18:44,0.00058795712616636
2010-12-02 14:34:55,0.00041996937583311
2010-12-02 15:55:26,0.00079794181408292
2010-12-03 08:33:09,0.00016798775033325
2010-12-03 08:49:11,0.00016798775033325
2010-12-03 13:02:20,0.00079794181408292
2010-12-03 17:18:45,0.00083993875166623
2010-12-04 10:57:05,0
2010-12-06 11:22:03,4.1996937583311E-5
2010-12-06 14:02:24,0.00012599081274993
2010-12-06 16:56:08,8.3993875166623E-5
2010-12-06 17:05:32,0.00012599081274993
2010-12-06 17:08:11,8.3993875166623E-5
2010-12-07 08:30:18,0.00012599081274993
2010-12-07 10:14:07,8.3993875166623E-5
2010-12-07 15:03:03,0.00012599081274993
2010-12-08 10:18:04,0.00020998468791656
2010-12-08 15:18:33,0.00012599081274993
2010-12-08 16:19:08,0.00020998468791656
2010-12-08 19:28:38,0.00016798775033325
2010-12-09 08:09:55,0
2010-12-09 08:40:51,0.00025198162549987
2010-12-09 16:16:15,0.00012599081274993
2010-12-10 08:00:43,0
2010-12-10 14:00:17,0.00016798775033325
2010-12-13 13:56:19,0.00012599081274993
2010-12-13 14:10:59,0.00058795712616636
2010-12-14 07:58:17,0.00029397856308318
2010-12-14 09:38:45,0.00046196631341643
2010-12-14 11:37:25,0.00033597550066649
2010-12-14 16:18:34,0.00029397856308318
2010-12-15 09:14:11,0.0003779724382498
2010-12-15 14:39:02,0.00029397856308318
2010-12-15 17:41:56,0.00025198162549987
2010-12-16 10:30:15,0.00016798775033325
2010-12-16 12:31:01,0.020536502478239
2010-12-17 08:37:57,8.3993875166623E-5
2010-12-17 08:48:10,0.00012599081274993
2010-12-17 10:07:54,0
2010-12-17 10:08:47,0
2010-12-17 10:09:33,0
2010-12-17 10:10:27,0
2010-12-17 10:10:55,4.1996937583311E-5
2010-12-19 18:12:45,0.00033597550066649
2010-12-20 09:19:44,0.00025198162549987
2010-12-20 14:04:11,0.00020998468791656
2010-12-20 16:44:36,0.00012599081274993
2010-12-21 08:52:59,8.3993875166623E-5
2010-12-21 15:02:18,0.00092393262683285
2010-12-22 07:51:11,0.0003779724382498
2010-12-22 14:37:06,8.3993875166623E-5
2010-12-23 07:38:54,0.00025198162549987
2010-12-23 11:21:14,0.00012599081274993
2010-12-23 14:45:33,8.3993875166623E-5
2010-12-27 09:03:03,0.00029397856308318
2010-12-27 12:29:02,0.00029397856308318
2010-12-27 13:43:43,0.00020998468791656
2010-12-28 09:17:35,0.00020998468791656
2010-12-28 10:46:45,0.00020998468791656
2010-12-28 14:04:02,0.00067195100133298
2010-12-29 09:39:23,0.00096592956441616
2010-12-29 12:30:10,0.00041996937583311
2010-12-30 09:08:34,0.0003779724382498
2010-12-30 13:08:00,0.00041996937583311
2011-01-03 08:27:20,0.00054596018858305
2011-01-04 08:08:54,0.00016798775033325
2011-01-05 09:14:27,0.00029397856308318
2011-01-06 08:42:49,0.0013019050650827
2011-01-07 09:47:16,0.00033597550066649
2011-01-07 16:30:02,0.00033597550066649
2011-01-10 09:13:39,0.00025198162549987
2011-01-11 11:35:35,0.00041996937583311
2011-01-12 09:08:37,0.00058795712616636
2011-01-13 09:10:31,0.00041996937583311
2011-01-14 17:12:30,0.0003779724382498
2011-01-20 16:22:45,0.00025198162549987
2011-01-25 13:02:06,0.0010919203771661
2011-01-26 10:50:34,0.00075594487649961
2011-01-28 12:43:36,0.00075594487649961
2011-01-31 08:27:13,0.00050396325099974
2011-01-31 14:20:37,0.0010079265019995
2011-02-02 09:40:08,0.00062995406374967
2011-02-04 16:02:59,0.00058795712616636
2011-02-07 15:59:04,0.00071394793891629
2011-02-09 08:15:47,0.00050396325099974
2011-02-09 14:14:31,0.0016378805657491
2011-02-10 12:42:36,0.00088193568924954
2011-02-10 16:03:40,0.0021838407543322
2011-02-11 10:28:11,0.00071394793891629
2011-02-15 14:15:57,0.00067195100133298
2011-02-16 08:06:23,0
2011-02-18 14:15:55,0.00075594487649961
2011-02-24 08:54:31,0.00025198162549987
2011-02-24 15:37:36,0.00046196631341643
2011-02-25 10:16:36,0.00050396325099974
2011-02-28 08:50:34,0.00020998468791656
2011-03-01 08:50:21,0.00096592956441616
2011-03-01 13:06:32,0.0021418438167489
2011-03-01 15:15:56,0.00062995406374967
2011-03-02 08:34:52,0.0022258376919155
2011-03-02 12:47:30,0.0011759142523327
2011-03-02 15:25:29,0.00041996937583311
2011-03-03 08:31:12,0.00088193568924954
2011-03-03 12:07:17,0.00058795712616636
2011-03-03 16:04:07,0.00020998468791656
2011-03-04 09:50:35,0.00016798775033325
2011-03-04 15:10:46,0.00054596018858305
2011-03-07 07:22:42,0.0015118897529992
2011-03-07 11:34:25,0.00067195100133298
2011-03-08 11:11:15,0.00071394793891629
2011-03-08 14:58:03,8.3993875166623E-5
2011-03-10 11:13:28,0.0010919203771661
2011-03-10 16:06:59,0.00041996937583311
2011-03-11 08:45:11,0.00029397856308318
2011-03-14 07:45:52,0.00046196631341643
2011-03-14 11:29:32,0.00054596018858305
2011-03-15 10:14:54,0
2011-03-15 14:29:49,0.00041996937583311
2011-03-16 13:58:31,0.00029397856308318
2011-03-17 15:10:11,0.00029397856308318
2011-03-18 08:09:04,0.00020998468791656
2011-03-18 15:23:58,0.0039897090704146
2011-03-22 11:02:00,0.0003779724382498
2011-03-22 15:03:55,0.00088193568924954
2011-03-23 08:21:28,0.00016798775033325
2011-03-23 09:39:03,0
2011-03-23 12:08:49,0.00020998468791656
2011-03-23 15:36:49,0.00083993875166623
2011-03-24 11:08:13,0.00058795712616636
2011-03-25 09:21:36,0.00025198162549987
2011-03-25 14:08:10,0.00033597550066649
2011-03-28 07:22:31,0.00058795712616636
2011-03-28 11:31:10,0.00067195100133298
2011-03-29 10:15:11,0.00092393262683285
2011-03-29 14:10:43,0.0003779724382498
2011-03-30 07:53:30,0.0003779724382498
2011-03-30 14:10:19,0.0010079265019995
2011-03-31 07:48:02,0.00050396325099974
2011-03-31 11:40:14,0.0003779724382498
2011-03-31 14:52:57,0.00083993875166623
2011-04-01 06:55:45,0.0003779724382498
2011-04-01 11:06:10,0.00092393262683285
2011-04-01 15:49:12,0.0003779724382498
2011-04-04 07:26:23,0.00025198162549987
2011-04-04 14:22:10,0.00083993875166623
2011-04-05 10:33:39,0.001217911189916
2011-04-05 16:20:54,0.00092393262683285
2011-04-06 07:39:55,0.0012599081274993
2011-04-06 16:16:27,0.00033597550066649
2011-04-06 16:22:53,0.00020998468791656
2011-04-07 06:54:59,0.00092393262683285
2011-04-07 13:03:29,0.00088193568924954
2011-04-08 14:18:31,0.00016798775033325
2011-04-11 07:28:10,0.0010499234395828
2011-04-11 11:28:55,0.00050396325099974
2011-04-11 14:59:35,0.00046196631341643
2011-04-12 10:22:51,0.00050396325099974
2011-04-12 13:56:05,0.00067195100133298
2011-04-13 08:34:17,0.00071394793891629
2011-04-13 16:07:29,0.00025198162549987
2011-04-14 07:28:25,0.00041996937583311
2011-04-14 11:03:51,0.00054596018858305
2011-04-15 07:05:57,0.00016798775033325
2011-04-15 11:34:04,0.00025198162549987
2011-04-18 06:46:03,0.00020998468791656
2011-04-18 15:04:29,0.00041996937583311
2011-04-19 07:28:03,0.00020998468791656
2011-04-19 10:53:19,0.00025198162549987
2011-04-19 14:17:42,0.00046196631341643
2011-04-20 06:24:13,0.00041996937583311
2011-04-20 12:32:04,0.00050396325099974
2011-04-21 07:24:46,0.00041996937583311
2011-04-21 11:04:39,0.00029397856308318
2011-04-21 14:08:02,0.0010919203771661
2011-04-26 07:38:32,0.00054596018858305
2011-04-26 08:30:42,0.00025198162549987
2011-04-26 12:13:51,0.00062995406374967
2011-04-27 07:42:04,0.0003779724382498
2011-04-27 14:15:28,0.00050396325099974
2011-04-28 07:18:13,0.00012599081274993
2011-04-28 11:01:57,0.00062995406374967
2011-04-28 15:02:08,0.0003779724382498
2011-04-29 06:59:12,0.00033597550066649
2011-04-29 16:20:23,0.00050396325099974
2011-05-02 07:41:37,0.00050396325099974
2011-05-02 11:16:40,0.00046196631341643
2011-05-02 14:28:43,0.00041996937583311
2011-05-03 07:41:25,0.0003779724382498
2011-05-03 14:32:19,0.0017218744409158
2011-05-04 07:58:09,0.00025198162549987
2011-05-04 15:52:32,0.00029397856308318
2011-05-05 09:56:25,0.0003779724382498
2011-05-06 07:01:15,8.3993875166623E-5
2011-05-06 14:15:36,0.0010919203771661
2011-05-09 08:36:00,0.00025198162549987
2011-05-09 14:33:44,0.00046196631341643
2011-05-10 06:33:33,0.00029397856308318
2011-05-10 14:15:15,0.00054596018858305
2011-05-11 14:20:50,0.00029397856308318
2011-05-11 17:16:42,0.00062995406374967
2011-05-12 10:42:12,0.00046196631341643
2011-05-12 17:12:57,0.00041996937583311
2011-05-13 06:46:44,0.0003779724382498
2011-05-13 13:28:25,0.0003779724382498
2011-05-13 17:19:21,0.0003779724382498
2011-05-16 10:11:25,0.00058795712616636
2011-05-16 14:21:29,0.00050396325099974
2011-05-17 06:48:00,0.00058795712616636
2011-05-17 10:19:53,0.0018058683160824
2011-05-18 12:24:12,0.00025198162549987
2011-05-19 10:48:40,0.00041996937583311
2011-05-20 07:23:05,0.00033597550066649
2011-05-20 11:28:32,0.0019318591288323
2011-05-23 06:40:35,0.00050396325099974
2011-05-23 09:53:15,0.0020998468791656
2011-05-23 12:54:27,0.00071394793891629
2011-05-24 07:17:11,0.0020578499415823
2011-05-25 08:16:20,0.0003779724382498
2011-05-25 14:05:23,0.00050396325099974
2011-05-26 09:31:30,0.00016798775033325
2011-05-27 09:37:23,0.0010079265019995
2011-05-27 14:11:39,0.00050396325099974
2011-05-30 07:36:53,0.001217911189916
2011-05-30 15:35:51,0.00050396325099974
2011-05-31 10:03:18,0.00071394793891629
2011-05-31 15:05:03,0.0016798775033325
2011-06-01 08:07:11,0.00067195100133298
2011-06-01 11:10:53,0.00016798775033325
2011-06-01 15:03:16,0.0012599081274993
2011-06-03 07:59:16,0.00046196631341643
2011-06-03 11:17:23,0.00033597550066649
2011-06-03 14:19:01,0.00016798775033325
2011-06-06 07:20:36,0.00083993875166623
2011-06-06 11:24:42,0.00012599081274993
2011-06-06 14:34:48,0
2011-06-07 07:45:17,0.0013019050650827
2011-06-07 11:39:38,0.00046196631341643
2011-06-07 14:48:32,0.00016798775033325
2011-06-08 12:01:36,0.0036537335697481
2011-06-09 15:34:53,0.0021418438167489
2011-06-10 16:20:35,0.0015118897529992
2011-06-14 11:42:51,0.0015958836281658
2011-06-15 10:39:56,0
2011-06-15 15:28:45,0.00083993875166623
2011-06-16 07:20:22,0.00067195100133298
2011-06-16 11:31:10,0
2011-06-17 08:53:13,0.00075594487649961
2011-06-17 15:07:15,0.001343902002666
2011-06-20 06:18:31,0.0032757611314983
2011-06-20 14:22:30,0.00046196631341643
2011-06-21 09:36:24,0.0014278958778326
2011-06-21 15:24:28,0.00054596018858305
2011-06-22 09:46:38,0.00054596018858305
2011-06-22 15:36:43,0.0010499234395828
2011-06-23 09:34:34,0
2011-06-24 09:24:33,0.0012599081274993
2011-06-24 14:22:06,0.0010499234395828
2011-06-27 16:53:59,0.0015118897529992
2011-06-28 09:17:45,0.00025198162549987
2011-06-28 15:05:16,0.00088193568924954
2011-06-29 07:54:50,0.0015538866905825
2011-06-29 15:07:01,0.00062995406374967
2011-06-30 07:07:08,0.00029397856308318
2011-06-30 13:58:56,0.00088193568924954
2011-06-30 21:30:00,0.0020578499415823
2011-07-01 10:55:27,0.00025198162549987
2011-07-01 13:17:40,0.00062995406374967
2011-07-02 06:46:32,0.00054596018858305
2011-07-04 07:41:05,0.00020998468791656
2011-07-04 11:10:42,0.00050396325099974
2011-07-05 06:57:39,4.1996937583311E-5
2011-07-05 11:16:25,0.00041996937583311
2011-07-06 10:03:20,0.00029397856308318
2011-07-07 06:49:56,0.00033597550066649
2011-07-07 12:48:24,0.0003779724382498
2011-07-08 06:37:37,0
2011-07-08 21:06:59,0.00029397856308318
2011-07-09 08:02:23,0.00079794181408292
2011-07-09 11:34:56,8.3993875166623E-5
2011-07-09 13:38:19,4.1996937583311E-5
2011-07-09 20:12:15,0.00079794181408292
2011-07-10 09:31:49,8.3993875166623E-5
2011-07-10 17:42:03,0.00079794181408292
2011-07-10 19:49:09,0.00029397856308318
2011-07-10 20:15:50,4.1996937583311E-5
2011-07-11 09:30:05,0.00054596018858305
2011-07-12 10:16:35,0.00020998468791656
2011-07-12 13:53:10,0.0011759142523327
2011-07-13 08:19:54,0.00075594487649961
2011-07-13 17:29:35,0.00050396325099974
2011-07-14 07:36:22,0.0013019050650827
2011-07-14 16:17:05,0.0022678346294988
2011-07-15 13:30:04,0.00016798775033325
2011-07-19 07:21:01,0.0023518285046654
2011-07-20 12:44:54,0.0010499234395828
2011-07-21 14:45:29,0.00050396325099974
2011-07-22 08:03:55,0.00020998468791656
2011-07-22 09:30:22,0.0003779724382498
2011-07-22 14:02:22,0.00054596018858305
2011-07-25 10:05:09,0.00058795712616636
2011-07-28 06:46:17,0.0010919203771661
2011-07-28 09:35:44,0.00083993875166623
2011-07-29 15:19:31,0.0019318591288323
2011-08-02 11:40:11,0.0013019050650827
2011-08-03 12:05:13,0.0010079265019995
2011-08-03 15:02:11,0.0011339173147494
2011-08-04 07:22:07,0.0011759142523327
2011-08-05 08:13:49,0.001217911189916
2011-08-08 12:57:14,0.0016798775033325
2011-08-11 12:25:20,0.00075594487649961
2011-08-12 10:13:48,0.0028557917556652
2011-08-12 13:22:22,0.0026458070677486
2011-08-12 15:30:24,0.0030237795059984
2011-08-15 12:06:58,0.0011339173147494
2011-08-16 12:34:07,0.0018478652536657
2011-08-17 07:10:39,0.00092393262683285
2011-08-18 07:35:49,0.0020998468791656
2011-08-18 11:12:23,0.0010919203771661
2011-08-18 14:38:35,0.0018478652536657
2011-08-19 08:05:57,0.0035697396945815
2011-08-22 07:19:28,0.0022678346294988
2011-08-22 13:00:32,0.0028137948180819
2011-08-22 14:42:35,0.0050396325099974
2011-08-23 07:48:50,0.0049556386348307
2011-08-23 12:46:15,0.0044096784462477
2011-08-23 15:22:02,0.0031497703187484
2011-08-24 14:09:48,0.0058795712616636
2011-08-25 07:07:45,0.0010079265019995
2011-08-25 14:50:14,0
2011-08-26 08:40:28,0.0017218744409158
2011-08-26 12:55:31,0.0025198162549987
2011-08-29 08:47:45,0.0013019050650827
2011-08-29 12:15:52,0.0011339173147494
2011-08-30 14:15:13,0.001343902002666
2011-08-31 09:31:51,0.0036117366321648
2011-08-31 16:49:35,0.00083993875166623
2011-09-01 14:41:45,0.0017638713784991
2011-09-01 15:31:45,0.0015958836281658
2011-09-05 08:16:40,0.0020158530039989
2011-09-06 12:02:42,0.0011339173147494
2011-09-07 10:37:24,0.0024358223798321
2011-09-09 08:11:49,0.00041996937583311
2011-09-09 08:17:55,0.001889862191249
2011-09-12 11:39:28,0
2011-09-14 07:32:05,0.00083993875166623
2011-09-14 13:27:39,0.00054596018858305
2011-09-15 11:43:26,0.0026038101301653
2011-09-16 12:31:37,0
2011-09-20 15:05:59,0
2011-09-21 13:34:03,0.00046196631341643
2011-09-22 09:46:56,0.0003779724382498
2011-09-22 14:50:59,0.00041996937583311
2011-09-23 14:55:43,0.00041996937583311
2011-09-26 09:16:24,0.0003779724382498
2011-09-26 13:46:57,0.0021838407543322
2011-09-27 13:00:16,0.00083993875166623
2011-09-28 08:41:50,0.00067195100133298
2011-09-28 13:26:33,0.00020998468791656
2011-09-29 13:48:15,0.00025198162549987
2011-09-30 08:18:24,0.0023098315670821
2011-09-30 13:53:25,0.00041996937583311
2011-10-04 07:21:30,0.0003779724382498
2011-10-04 11:01:41,0.00071394793891629
2011-10-04 15:46:27,0.0003779724382498
2011-10-05 15:24:31,8.3993875166623E-5
2011-10-07 07:50:22,0.00088193568924954
2011-10-07 11:46:26,0.00012599081274993
2011-10-07 12:54:33,4.1996937583311E-5
2011-10-10 09:38:52,0.00020998468791656
2011-10-13 10:04:00,0.00058795712616636
2011-10-14 12:00:14,0.00041996937583311
2011-10-17 07:14:32,0.00029397856308318
2011-10-17 12:15:16,8.3993875166623E-5
2011-10-17 15:00:09,0.00062995406374967
2011-10-18 10:19:16,0.00016798775033325
2011-10-18 12:17:28,0.0003779724382498
2011-10-18 15:32:21,0.00020998468791656
2011-10-19 07:52:06,0.00020998468791656
2011-10-19 13:29:31,0.00033597550066649
2011-10-20 09:48:35,0.00029397856308318
2011-10-20 15:29:55,8.3993875166623E-5
2011-10-21 07:48:43,0.00016798775033325
2011-10-21 12:40:39,0.00012599081274993
2011-10-24 09:41:21,0.00033597550066649
2011-10-24 12:36:16,0.00029397856308318
2011-10-24 15:00:19,0.00075594487649961
2011-10-25 07:00:29,4.1996937583311E-5
2011-10-25 08:00:46,0.00012599081274993
2011-10-25 15:01:29,0.00016798775033325
2011-10-26 07:00:24,0.00029397856308318
2011-10-26 09:42:27,0.00046196631341643
2011-10-26 13:21:28,0.00054596018858305
2011-10-27 07:00:08,8.3993875166623E-5
2011-10-27 12:21:32,0.00020998468791656
2011-10-27 15:59:36,8.3993875166623E-5
2011-10-28 07:00:18,4.1996937583311E-5
2011-10-28 11:57:25,0.0025198162549987
2011-10-28 12:35:23,0
2011-10-28 15:28:16,0.00092393262683285
2011-10-31 09:06:46,8.3993875166623E-5
2011-10-31 14:12:52,0.00012599081274993
2011-10-31 16:26:06,8.3993875166623E-5
2011-10-31 19:03:06,0.00054596018858305
2011-11-01 10:30:31,0.00025198162549987
2011-11-02 07:26:41,8.3993875166623E-5
2011-11-02 10:31:17,0.00016798775033325
2011-11-02 13:29:12,0.00020998468791656
2011-11-02 16:25:06,8.3993875166623E-5
2011-11-02 19:01:15,8.3993875166623E-5
2011-11-03 08:00:18,0.00012599081274993
2011-11-03 10:34:20,0.00020998468791656
2011-11-03 13:29:00,0.00016798775033325
2011-11-03 16:33:54,0.00012599081274993
2011-11-03 19:09:33,0.00020998468791656
2011-11-04 08:00:13,0
2011-11-04 11:30:44,0.00025198162549987
2011-11-04 16:04:34,0.00025198162549987
2011-11-04 16:57:32,8.3993875166623E-5
2011-11-05 09:00:29,0.00025198162549987
2011-11-05 13:00:22,0.0003779724382498
2011-11-06 09:00:23,0.00029397856308318
2011-11-06 13:00:12,8.3993875166623E-5
2011-11-06 18:00:31,0.00020998468791656
2011-11-07 10:31:19,8.3993875166623E-5
2011-11-07 13:01:08,0.00020998468791656
2011-11-08 08:00:21,0.00016798775033325
2011-11-08 10:33:27,0.00041996937583311
2011-11-08 13:01:34,0.00033597550066649
2011-11-08 16:13:07,0.00012599081274993
2011-11-09 08:20:04,0.00033597550066649
2011-11-09 12:54:16,0.0003779724382498
2011-11-09 16:09:17,0.00020998468791656
2011-11-10 08:01:25,0.00016798775033325
2011-11-10 10:17:07,0.00012599081274993
2011-11-11 10:30:06,0.0003779724382498
2011-11-11 16:19:16,0.00012599081274993
2011-11-14 08:02:31,0.00025198162549987
2011-11-14 08:03:34,4.1996937583311E-5
2011-11-15 07:49:10,0.00033597550066649
2011-11-15 10:47:07,0.00012599081274993
2011-11-15 14:56:43,0.0014278958778326
2011-11-16 08:01:26,0.00012599081274993
2011-11-16 10:31:15,0.00033597550066649
2011-11-16 13:01:14,0.00033597550066649
2011-11-16 16:02:07,0.00046196631341643
2011-11-17 08:04:09,4.1996937583311E-5
2011-11-17 10:29:08,0.00020998468791656
2011-11-17 16:01:36,0.00012599081274993
2011-11-18 10:58:39,0.00075594487649961
2011-11-18 13:02:09,0.00020998468791656
2011-11-18 14:30:34,0.0015118897529992
2011-11-21 10:30:26,4.1996937583311E-5
2011-11-22 08:03:17,0.00075594487649961
2011-11-23 14:04:29,0
2011-11-23 15:33:22,0.00075594487649961
2011-11-23 18:08:38,0.00012599081274993
2011-11-24 08:01:29,8.3993875166623E-5
2011-11-24 12:30:35,0.00046196631341643
2011-11-24 13:01:35,0.00012599081274993
2011-11-25 10:32:11,0.00029397856308318
2011-11-25 13:02:06,0.00012599081274993
2011-11-26 08:23:06,0.00016798775033325
2011-11-28 09:46:55,0.00020998468791656
2011-11-28 13:01:20,0.00058795712616636
2011-11-29 08:32:06,0.00033597550066649
2011-11-29 16:01:10,0.00012599081274993
2011-11-29 17:00:00,0.00020998468791656
2011-11-30 10:03:18,0.00062995406374967
2011-11-30 16:01:23,0.00054596018858305
2011-12-01 07:34:19,0.00016798775033325
2011-12-01 08:01:27,0.00033597550066649
2011-12-01 12:05:40,0.00016798775033325
2011-12-01 16:10:29,0.00041996937583311
2011-12-02 08:01:22,0.00046196631341643
2011-12-02 15:09:44,0.0003779724382498
2011-12-03 08:01:31,0.00016798775033325
2011-12-04 08:02:23,0.00020998468791656
2011-12-05 08:03:33,0.0003779724382498
2011-12-05 10:47:03,0.00029397856308318
2011-12-05 13:29:27,4.1996937583311E-5
2011-12-06 08:05:16,8.3993875166623E-5
2011-12-06 11:48:12,0.00016798775033325
2011-12-06 15:03:27,0.00054596018858305
2011-12-07 08:01:12,8.3993875166623E-5
2011-12-08 08:01:26,0.00016798775033325
2011-12-09 08:01:32,0.00020998468791656
2011-12-09 10:30:22,0.0003779724382498
2011-12-10 08:01:27,0.00025198162549987
2011-12-11 08:01:30,0.00020998468791656
2011-12-12 08:02:23,0.00016798775033325
2011-12-12 11:55:51,0.00012599081274993
2011-12-13 08:01:27,0.00012599081274993
2011-12-14 07:54:04,8.3993875166623E-5
2011-12-14 16:27:58,0.00012599081274993
2011-12-15 08:01:39,4.1996937583311E-5
2011-12-15 11:10:57,0.00020998468791656
2011-12-16 08:01:21,8.3993875166623E-5
2011-12-17 08:00:35,8.3993875166623E-5
2011-12-18 08:01:41,8.3993875166623E-5
2011-12-19 08:06:09,8.3993875166623E-5
2011-12-19 12:38:49,0
2011-12-20 08:07:36,0.00012599081274993
2011-12-20 11:46:11,8.3993875166623E-5
2011-12-21 08:11:36,0.00012599081274993
2011-12-21 12:50:25,0
2011-12-21 15:09:00,0.00016798775033325
2011-12-22 08:13:10,4.1996937583311E-5
2011-12-22 11:49:04,0.00012599081274993
2011-12-22 12:02:29,0
2011-12-22 15:16:23,0.00016798775033325
2011-12-23 08:15:12,0.00012599081274993
2011-12-23 14:07:40,8.3993875166623E-5
2011-12-23 16:05:36,0.00058795712616636
2011-12-24 08:01:23,0.00033597550066649
2011-12-25 08:01:10,0.00075594487649961
2011-12-29 12:48:35,0.00033597550066649
2011-12-31 08:01:19,0.0010079265019995
2012-01-02 12:44:44,0.00046196631341643
2012-01-02 16:01:14,0.00025198162549987
2012-01-03 13:06:29,0.00020998468791656
2012-01-04 15:43:26,4.1996937583311E-5
2012-01-05 16:19:49,0
2012-01-10 08:39:10,0
2012-01-10 16:01:21,0.00012599081274993
2012-01-11 11:22:57,0.00029397856308318
2012-01-18 11:48:49,0.00016798775033325
2012-01-19 10:25:50,0
2012-01-23 10:14:12,0
2012-01-23 13:23:05,0.0094913078938284
2012-01-23 13:23:05,0.0094493109562451
2012-01-26 16:16:16,8.3993875166623E-5
2012-01-30 10:31:47,0.0023938254422488
2012-02-01 09:44:50,0.00054596018858305
2012-02-06 09:38:15,0.001217911189916
2012-02-06 09:38:16,0.001217911189916
2012-02-07 10:13:09,0.00058795712616636
2012-02-09 09:05:53,0.00012599081274993
2012-02-13 11:41:20,0.00016798775033325
2012-02-14 08:43:09,0.00033597550066649
2012-02-16 10:28:50,0.00050396325099974
2012-02-17 14:44:50,0.00088193568924954
2012-02-21 15:46:51,0.0003779724382498
2012-02-23 14:08:06,0.0010919203771661
2012-02-29 10:36:12,0.00041996937583311
2012-03-01 13:38:27,0.0030657764435817
2012-03-01 13:38:28,0.0029817825684151
2012-03-02 16:14:14,0.00046196631341643
2012-03-14 08:29:06,0.00062995406374967
2012-03-15 15:01:01,0.0003779724382498
2012-03-16 15:01:18,0.00092393262683285
2012-03-21 11:04:11,0.00029397856308318
2012-03-22 10:45:09,0.00088193568924954
2012-03-22 10:45:09,0.00088193568924954
2012-03-22 13:36:57,8.3993875166623E-5
2012-03-23 09:10:16,0.0027298009429152
2012-03-24 11:05:50,0.00088193568924954
2012-03-24 11:05:50,0.00088193568924954
2012-03-26 07:19:19,0.00088193568924954
2012-03-26 07:19:19,0.00088193568924954
2012-03-26 14:00:30,0.00054596018858305
2012-03-27 15:56:26,0.00016798775033325
2012-03-29 12:37:38,4.1996937583311E-5
2012-03-30 14:00:33,0.00092393262683285
2012-04-02 10:10:40,0.0045776661965809
2012-04-02 10:10:40,0.0045356692589976
2012-04-03 09:10:01,0.0015118897529992
2012-04-04 07:35:17,0.0010919203771661
2012-04-05 07:28:56,0.00079794181408292
2012-04-05 07:28:56,0.00083993875166623
2012-04-05 12:52:46,0.0003779724382498
2012-04-05 13:27:08,0.0010499234395828
2012-04-10 09:27:12,0.0011759142523327
2012-04-11 08:16:32,0.0011339173147494
2012-04-12 07:41:09,0.0010919203771661
2012-04-13 09:39:03,0.00067195100133298
2012-04-13 17:22:07,0.0018478652536657
2012-04-16 12:19:20,0.00041996937583311
2012-04-17 06:15:40,0.0045356692589976
2012-04-17 06:15:40,0.0045356692589976
2012-04-17 09:34:19,0.00041996937583311
2012-04-17 15:00:50,0.00088193568924954
2012-04-18 10:12:02,0.0013858989402493
2012-04-18 17:18:07,0.0021418438167489
2012-04-19 12:40:45,0.00088193568924954
2012-04-20 11:57:17,0.00075594487649961
2012-04-20 15:24:10,0.00079794181408292
2012-04-22 14:00:21,0.0011339173147494
2012-04-23 16:08:46,0.0011759142523327
2012-04-24 14:12:02,0.00088193568924954
2012-04-25 14:41:38,0.00020998468791656
2012-04-27 08:26:47,8.3993875166623E-5
2012-04-27 08:29:32,4.1996937583311E-5
2012-04-27 08:34:11,4.1996937583311E-5
2012-04-27 08:37:15,8.3993875166623E-5
2012-04-27 08:41:01,0
2012-04-27 09:37:49,0.003233764193915
2012-04-30 13:00:39,0.00067195100133298
2012-04-30 15:42:18,0.002561813192582
2012-04-30 15:42:18,0.002561813192582
2012-05-02 07:58:57,0.00020998468791656
2012-05-02 14:00:28,0.00083993875166623
2012-05-03 12:24:04,0.00062995406374967
2012-05-04 12:27:32,0.0017218744409158
2012-05-04 22:05:10,0.0036957305073314
2012-05-07 08:07:23,0.0014698928154159
2012-05-08 08:00:43,0.00062995406374967
2012-05-08 13:00:37,0.0041576968207478
2012-05-08 13:00:37,0.0041576968207478
2012-05-09 09:42:41,0.00016798775033325
2012-05-09 09:42:41,0.00088193568924954
2012-05-09 09:42:45,0.00020998468791656
2012-05-09 09:42:49,0.00012599081274993
2012-05-09 09:42:54,0.00016798775033325
2012-05-09 09:42:58,0.00016798775033325
2012-05-09 09:43:02,0.00012599081274993
2012-05-09 09:43:07,4.1996937583311E-5
2012-05-09 09:43:11,8.3993875166623E-5
2012-05-09 09:43:15,0.0032757611314983
2012-05-09 12:45:45,0.001217911189916
2012-05-09 12:45:47,0.012977053713243
2012-05-10 07:25:39,0.0070974824515796
2012-05-10 07:25:39,0.0070974824515796
2012-05-10 15:00:20,0.00096592956441616
2012-05-11 08:00:16,0.00054596018858305
2012-05-11 12:38:05,0.0023938254422488
2012-05-11 12:38:05,0.0023938254422488
2012-05-12 11:01:05,0.001889862191249
2012-05-12 11:01:05,0.00016798775033325
2012-05-13 08:04:08,0.005123626385164
2012-05-14 07:00:33,0.00020998468791656
2012-05-14 12:54:20,0
2012-05-14 12:54:21,0.00016798775033325
2012-05-14 12:54:24,0.0003779724382498
2012-05-14 12:54:27,0.00012599081274993
2012-05-14 12:54:30,0
2012-05-14 12:54:34,4.1996937583311E-5
2012-05-14 12:54:37,0.00012599081274993
2012-05-14 12:54:40,0.0020158530039989
2012-05-15 08:30:34,0.0066775130757465
2012-05-15 08:30:34,0.0068035038884965
2012-05-16 14:00:24,0.00029397856308318
2012-05-18 12:02:15,0
2012-05-21 08:00:44,0.00058795712616636
2012-05-24 13:42:26,4.1996937583311E-5
2012-05-25 14:01:29,0.0046616600717476
2012-05-25 14:01:29,0.0046616600717476
2012-05-30 07:55:59,0.00033597550066649
2012-05-30 12:52:29,0
2012-05-30 12:52:30,0.00025198162549987
2012-05-30 12:52:32,0.00020998468791656
2012-05-30 12:52:35,0.0003779724382498
2012-05-30 12:52:37,0.00012599081274993
2012-05-30 12:52:40,4.1996937583311E-5
2012-05-30 12:52:42,0
2012-05-30 12:52:45,0
2012-05-30 12:52:48,4.1996937583311E-5
2012-05-30 12:52:50,0.00071394793891629
2012-05-30 13:59:19,0.00029397856308318
2012-05-31 14:00:21,0.00041996937583311
2012-06-01 11:00:40,0.00092393262683285
2012-06-02 12:00:14,0.00033597550066649
2012-06-04 11:56:16,0.0018058683160824
2012-06-04 11:56:17,0.0018058683160824
2012-06-06 16:29:31,0.00025198162549987
2012-06-07 17:01:23,0.00025198162549987
2012-06-08 16:45:48,0.00016798775033325
2012-06-09 06:00:12,0.00029397856308318
2012-06-11 02:00:14,0.00033597550066649
2012-06-12 09:00:28,0.00025198162549987
2012-06-12 13:15:43,0.00054596018858305
2012-06-12 14:00:29,0.00029397856308318
2012-06-13 06:00:09,0.00012599081274993
2012-06-14 07:05:15,0.0068874977636631
2012-06-14 07:05:15,0.0069714916388297
2012-06-14 14:00:19,0.00058795712616636
2012-06-15 11:00:22,0.00025198162549987
2012-06-16 15:00:32,0
2012-06-17 06:00:17,4.1996937583311E-5
2012-06-18 09:00:50,8.3993875166623E-5
2012-06-19 07:35:30,4.1996937583311E-5
2012-06-19 13:00:38,0.00054596018858305
2012-06-20 14:27:16,0.00029397856308318
2012-06-21 12:01:28,0.0027717978804986
2012-06-21 16:01:10,0.00020998468791656
2012-06-22 07:00:24,0.00025198162549987
2012-06-22 12:01:04,0.0049556386348307
2012-06-25 07:06:48,0
2012-06-25 14:00:34,0.0018058683160824
2012-06-27 15:10:29,0.0003779724382498
2012-06-28 12:27:51,0.0073494640770795
2012-06-28 15:00:26,0.0013858989402493
2012-06-29 14:00:41,0.00016798775033325
2012-06-30 18:14:37,0.0018478652536657
2012-07-02 14:27:58,0.0029397856308318
2012-07-03 09:13:06,0.00062995406374967
2012-07-04 12:59:35,0.0003779724382498
2012-07-06 08:11:21,0.0035697396945815
2012-07-06 14:00:34,0.00083993875166623
2012-07-08 09:00:42,0.00020998468791656
2012-07-09 09:42:26,0.00020998468791656
2012-07-10 07:05:12,0.00054596018858305
2012-07-11 07:21:15,0
2012-07-11 12:29:21,0.0014278958778326
2012-07-12 09:16:29,0.001343902002666
2012-07-13 08:05:07,0.0015118897529992
2012-07-16 14:21:28,0.00075594487649961
2012-07-17 14:28:03,0.0015118897529992
2012-07-18 07:27:23,0.00067195100133298
2012-07-18 13:12:20,0.0010499234395828
2012-07-19 11:15:46,0.00067195100133298
2012-07-19 14:00:54,0
2012-07-20 09:11:27,0.00046196631341643
2012-07-21 11:00:31,0.00029397856308318
2012-07-23 13:00:17,0.00083993875166623
2012-07-24 08:15:49,0.0013858989402493
2012-07-25 12:19:05,0.00096592956441616
2012-07-26 08:24:38,0.0055015988234138
2012-07-27 09:59:31,0.0085673752669955
2012-07-27 12:54:33,0.001343902002666
2012-07-30 11:16:04,0.00029397856308318
2012-07-31 09:05:00,0.0010499234395828
2012-08-01 08:02:04,0.00062995406374967
2012-08-01 14:01:48,0.0016378805657491
2012-08-02 09:26:11,0.00075594487649961
2012-08-03 09:41:00,0.0029397856308318
2012-08-06 13:56:53,0.0011339173147494
2012-08-07 12:00:18,0.00020998468791656
2012-08-08 11:14:40,4.1996937583311E-5
2012-08-08 14:00:30,0.0012599081274993
2012-08-10 10:56:46,0.00033597550066649
2012-08-13 11:10:24,0.0022258376919155
2012-08-14 12:41:37,0
2012-08-14 13:44:24,0.00012599081274993
2012-08-16 10:47:40,0.0003779724382498
2012-08-17 07:18:23,0
2012-08-17 09:00:30,0.0015958836281658
2012-08-20 06:34:29,0
2012-08-20 14:14:13,0.00020998468791656
2012-08-21 06:43:25,0
2012-08-21 07:39:30,0.0068455008260798
2012-08-22 08:54:26,0
2012-08-22 14:22:11,0.0024778193174154
2012-08-23 08:40:32,0.016672784220575
2012-08-23 09:26:58,0
2012-08-24 08:48:55,0.00016798775033325
2012-08-24 11:19:34,0.00088193568924954
2012-08-24 23:45:41,0
2012-08-27 06:29:33,0
2012-08-27 11:01:19,0.0058795712616636
2012-08-28 07:22:16,0
2012-08-28 12:04:23,0.00016798775033325
2012-08-29 08:10:16,0
2012-08-29 13:00:54,0.00058795712616636
2012-08-30 13:25:59,0
2012-08-30 14:12:17,0.00079794181408292
2012-08-31 10:30:31,0.0065935192005799
2012-08-31 14:00:54,0.0031497703187484
2012-08-31 15:37:42,0
2012-09-01 12:25:13,0.00033597550066649
2012-09-03 08:13:17,0
2012-09-04 10:09:47,0
2012-09-04 11:34:41,0.00046196631341643
2012-09-05 11:10:11,0
2012-09-05 14:01:24,0.00033597550066649
2012-09-06 11:57:37,0.0025198162549987
2012-09-07 11:01:35,0.00079794181408292
2012-09-07 14:54:30,0
2012-09-10 07:30:14,0
2012-09-11 14:00:25,0.0077274365153293
2012-09-12 07:26:32,0
2012-09-13 07:31:27,0
2012-09-13 12:26:50,0.0036537335697481
2012-09-14 11:38:16,8.3993875166623E-5
2012-09-14 12:06:28,0
2012-09-14 15:00:10,0.00041996937583311
2012-09-16 14:00:41,0.00058795712616636
2012-09-17 06:37:03,0
2012-09-17 08:32:10,0.043760808961811
2012-09-18 06:49:18,0
2012-09-18 08:14:59,0.00092393262683285
2012-09-18 12:05:55,0.0052076202603306
2012-09-19 09:56:17,0
2012-09-19 11:57:59,0.00054596018858305
2012-09-20 08:30:44,0.013271032276326
2012-09-20 14:30:58,0.0058795712616636
2012-09-20 16:43:17,0
2012-09-21 14:04:41,0.0010499234395828
2012-09-22 08:00:41,0.0059215681992469
2012-09-22 10:23:14,0
2012-09-22 13:06:04,0.0017218744409158
2012-09-23 12:00:16,0.002561813192582
2012-09-24 06:40:14,0
2012-09-24 08:42:44,0.015538866905825
2012-09-25 06:59:09,0
2012-09-25 14:00:51,0.0033597550066649
2012-09-26 07:02:51,0
2012-09-26 08:32:33,0.0016378805657491
2012-09-26 14:23:39,0.0015958836281658
2012-09-27 10:07:25,0
2012-09-27 12:55:51,0.0023098315670821
2012-09-28 10:58:09,0.00083993875166623
2012-09-28 12:03:07,0
2012-09-29 07:45:13,0.0013019050650827
2012-09-29 14:00:49,0.00050396325099974
2012-09-30 08:30:36,0.00020998468791656
2012-10-01 07:19:40,0
2012-10-01 08:05:30,0.0050396325099974
2012-10-01 08:46:04,0.00054596018858305
2012-10-01 13:19:21,0.0013858989402493
2012-10-02 07:24:32,0
2012-10-02 10:41:44,0.0033177580690816
2012-10-03 12:00:36,0.002561813192582
2012-10-04 08:32:45,0
2012-10-04 10:40:28,0.0033177580690816
2012-10-05 08:48:02,0
2012-10-05 14:27:27,0.00016798775033325
2012-10-06 14:01:00,0.0036957305073314
2012-10-07 14:00:50,0.002561813192582
2012-10-08 07:22:50,0
2012-10-08 07:43:41,0.0016378805657491
2012-10-08 14:40:57,0.00062995406374967
2012-10-09 14:04:05,0.0011759142523327
2012-10-10 15:10:26,0.016672784220575
2012-10-11 08:41:41,0
2012-10-11 14:24:23,0.00016798775033325
2012-10-12 07:15:37,0.00041996937583311
2012-10-12 14:00:48,0.0022258376919155
2012-10-12 14:10:59,0
2012-10-13 14:00:25,0.0010079265019995
2012-10-14 12:00:31,0.00092393262683285
2012-10-15 06:30:10,0.0017638713784991
2012-10-15 06:57:31,0
2012-10-15 14:00:26,0.0043256845710811
2012-10-16 07:01:04,0
2012-10-16 14:30:26,0.00092393262683285
2012-10-17 10:24:10,0
2012-10-17 14:10:28,0.0015538866905825
2012-10-18 14:30:40,0.00075594487649961
2012-10-19 09:21:09,0
2012-10-19 11:16:51,0.0017218744409158
2012-10-20 12:28:24,0.001217911189916
2012-10-21 11:01:33,0.0010919203771661
2012-10-22 05:33:25,0
2012-10-22 14:53:44,0.0058795712616636
2012-10-23 07:25:53,0
2012-10-23 14:01:08,0.0058375743240803
2012-10-24 14:00:33,0.0091973293307452
2012-10-25 07:00:42,0.0073494640770795
2012-10-25 11:19:25,0.00054596018858305
2012-10-25 14:00:44,0.0075174518274127
2012-10-25 15:52:52,0.0043256845710811
2012-10-26 06:21:22,0.0060055620744135
2012-10-26 11:00:28,0.0038217213200813
2012-10-26 14:01:56,0.005669586573747
2012-10-27 14:01:16,0.0053756080106639
2012-10-29 13:48:44,0.0028557917556652
2012-10-30 08:20:21,0.0033597550066649
2012-10-30 15:30:20,0.0027298009429152
2012-10-31 15:00:56,0.0026878040053319
2012-11-01 15:00:47,0.0064255314502466
2012-11-02 08:41:17,0.00016798775033325
2012-11-02 15:01:18,0.00041996937583311
2012-11-03 10:00:14,0.00058795712616636
2012-11-03 12:00:34,0.0077274365153293
2012-11-04 12:00:19,0.00041996937583311
2012-11-05 15:00:43,0.0019738560664156
2012-11-06 15:06:29,0.0057535804489137
2012-11-07 09:00:17,0.00058795712616636
2012-11-07 15:56:54,0.00046196631341643
2012-11-08 15:00:24,0.00096592956441616
2012-11-11 18:59:01,0.00058795712616636
2012-11-13 16:50:56,0.003779724382498
2012-11-14 08:14:04,0.0055435957609971
2012-11-14 15:00:55,0.00092393262683285
2012-11-15 07:24:00,0.0023938254422488
2012-11-15 15:44:11,0.0015118897529992
2012-11-16 15:27:14,0.001217911189916
2012-11-17 12:01:44,0.00029397856308318
2012-11-19 14:58:20,0.00096592956441616
2012-11-20 15:01:18,0.0012599081274993
2012-11-21 08:43:01,0
2012-11-21 15:00:31,0.00033597550066649
2012-11-22 07:57:04,0.00020998468791656
2012-11-23 08:00:26,0.00058795712616636
2012-11-23 16:00:28,0.00096592956441616
2012-11-24 10:50:07,0.0021418438167489
2012-11-25 13:00:22,0.00012599081274993
2012-11-26 08:51:24,0.00025198162549987
2012-11-27 15:19:19,0.00054596018858305
2012-11-28 15:00:47,0.00029397856308318
2012-11-29 15:01:06,0.00041996937583311
2012-11-30 15:00:31,0.00046196631341643
2012-12-01 11:48:49,0.0020158530039989
2012-12-03 08:00:14,0.00012599081274993
2012-12-04 15:18:04,0.0010079265019995
2012-12-05 08:05:22,0.0013019050650827
2012-12-06 13:53:51,0.0019738560664156
2012-12-07 15:30:18,0.0012599081274993
2012-12-08 09:00:21,0.00092393262683285
2012-12-09 08:10:20,0.00050396325099974
2012-12-10 08:28:55,0.0013019050650827
2012-12-11 15:00:45,0.0012599081274993
2012-12-12 08:00:25,0.00058795712616636
2012-12-14 08:00:35,0.0017218744409158
2012-12-15 10:30:26,0.00054596018858305
2012-12-16 12:00:18,0.00083993875166623
2012-12-18 16:00:34,0.019990542289656
2012-12-19 10:26:18,0.00020998468791656
2012-12-20 15:04:23,0.00067195100133298
2012-12-21 15:00:24,0.00067195100133298
2012-12-22 12:01:05,0.00046196631341643
2012-12-24 09:30:18,0.00062995406374967
2013-01-03 09:23:13,0.00088193568924954
2013-01-04 11:55:57,0.00050396325099974
2013-01-08 16:18:32,0.0011759142523327
2013-01-10 08:29:47,0.0012599081274993
2013-01-11 15:02:24,0.00025198162549987
2013-01-14 15:38:04,0.015958836281658
2013-01-15 09:32:44,0.030741758310984
2013-01-16 16:00:00,0.00088193568924954
2013-01-17 15:01:17,0.0040737029455812
2013-01-18 15:01:14,0.0020998468791656
2013-01-21 15:37:05,0.00062995406374967
2013-01-22 10:13:01,0.0045776661965809
2013-01-23 08:58:59,0.001889862191249
2013-01-24 11:18:27,0.016714781158158
2013-01-25 15:00:06,0.0003779724382498
2013-01-26 12:00:03,0.003107773381165
2013-01-29 14:43:04,0.0019318591288323
2013-01-30 12:54:04,0.0031917672563317
2013-01-31 08:12:03,0.0037377274449147
2013-02-01 08:44:04,0.01306104758841
2013-02-04 07:38:03,0.0067615069509131
2013-02-05 15:00:10,0.0016378805657491
2013-02-06 12:49:40,0.0015118897529992
2013-02-07 09:26:05,0.0034017519442482
2013-02-09 15:00:04,0.0023098315670821
2013-02-11 15:01:05,0.00025198162549987
2013-02-12 13:55:06,0.003233764193915
2013-02-14 14:27:04,0.0042836876334978
2013-02-15 15:00:14,0.0022678346294988
2013-02-18 15:00:19,0.0010079265019995
2013-02-19 15:01:04,0.0022258376919155
2013-02-20 15:42:03,0.0038637182576647
2013-02-21 15:00:12,0.0017638713784991
2013-02-22 15:00:11,0.00075594487649961
2013-02-25 15:02:47,0.00067195100133298
2013-02-26 07:34:05,0.0072654702019129
2013-02-26 13:20:29,0.0020998468791656
2013-02-27 13:58:03,0.001343902002666
2013-02-28 14:30:04,0.0034857458194148
2013-03-01 09:05:14,0.0061735498247468
2013-03-01 15:48:06,0.00041996937583311
2013-03-04 09:14:05,0.003107773381165
2013-03-04 15:00:21,0.0003779724382498
2013-03-05 14:21:49,0.0024358223798321
2013-03-06 15:00:13,0.00096592956441616
2013-03-07 15:00:18,0.0016798775033325
2013-03-11 13:12:05,0.0043676815086644
2013-03-11 16:00:16,0.00033597550066649
2013-03-13 10:50:08,0.0054176049482472
2013-03-13 15:56:06,0.0021418438167489
2013-03-14 16:51:04,0.0020158530039989
2013-03-15 15:00:07,0.00041996937583311
2013-03-16 13:00:13,0.0041156998831645
2013-03-17 13:00:07,0.0016378805657491
2013-03-18 10:53:06,0.0026038101301653
2013-03-18 15:00:07,0.00067195100133298
2013-03-19 15:00:08,0.0048296478220808
2013-03-20 10:04:06,0.003779724382498
2013-03-20 13:48:40,0.0028977886932485
2013-03-21 15:00:10,0.0028977886932485
2013-03-22 15:00:07,0.00071394793891629
2013-03-25 08:00:07,0.00067195100133298
2013-03-25 15:00:05,0.0019738560664156
2013-03-26 15:00:11,0.0026038101301653
2013-03-27 08:00:07,0.0043256845710811
2013-03-27 15:00:11,0.00062995406374967
2013-03-28 08:00:07,0.00058795712616636
2013-03-28 13:00:24,0.00012599081274993
2013-03-28 15:00:19,0.0010919203771661
2013-03-29 15:00:06,0.00054596018858305
2013-04-01 07:00:08,0.0027298009429152
2013-04-01 14:00:07,0.0003779724382498
2013-04-02 14:00:07,0.0023938254422488
2013-04-03 11:03:06,0.0010079265019995
2013-04-03 16:00:26,0.0020578499415823
2013-04-04 14:00:23,0.0050396325099974
2013-04-05 08:00:09,0.0014698928154159
2013-04-05 14:00:23,0.00058795712616636
2013-04-06 07:00:06,0.003779724382498
2013-04-07 07:00:08,0.0012599081274993
2013-04-07 14:00:08,0.00058795712616636
2013-04-08 07:00:07,0.0026878040053319
2013-04-08 14:00:09,0.00041996937583311
2013-04-09 15:15:06,0.0020578499415823
2013-04-10 10:06:07,0.001889862191249
2013-04-10 14:00:32,0.00096592956441616
2013-04-10 17:00:14,0.00046196631341643
2013-04-11 10:00:28,0.00025198162549987
2013-04-11 14:01:05,0.0024778193174154
2013-04-12 07:49:05,0.015412876093075
2013-04-12 14:01:05,0.0003779724382498
2013-04-13 07:00:08,0.0031917672563317
2013-04-14 07:00:05,0.0016378805657491
2013-04-14 10:00:11,0.00075594487649961
2013-04-15 09:01:09,0.0046616600717476
2013-04-15 14:00:20,0.00029397856308318
2013-04-16 08:06:07,0.0037377274449147
2013-04-16 14:00:37,0.01927659435074
2013-04-17 12:00:13,0.0093233201434951
2013-04-18 07:15:04,0.0027298009429152
2013-04-18 14:00:38,0.0015538866905825
2013-04-19 07:00:07,0.00025198162549987
2013-04-19 14:00:26,0.0028557917556652
2013-04-20 07:00:05,0.0012599081274993
2013-04-20 14:00:29,0.0010919203771661
2013-04-21 07:00:14,0.0013858989402493
2013-04-21 14:00:11,0.00029397856308318
2013-04-22 08:30:05,0.0018058683160824
2013-04-22 14:00:22,0.00029397856308318
2013-04-23 07:57:07,0.0019318591288323
2013-04-24 07:35:06,0.0020578499415823
2013-04-24 13:35:15,0.00088193568924954
2013-04-24 14:54:08,0.0035697396945815
2013-04-24 22:00:14,0.0024358223798321
2013-04-25 13:02:10,0.042962867147728
2013-04-26 14:01:06,0.00050396325099974
2013-04-27 14:00:22,0.00062995406374967
2013-04-28 07:00:06,0.001343902002666
2013-04-29 07:00:07,0.01864664028699
2013-04-29 14:00:16,0.00058795712616636
2013-04-30 07:00:05,0.0030657764435817
2013-05-01 07:00:08,0.0024358223798321
2013-05-01 11:30:06,0.011885133336077
2013-05-02 10:37:06,0.0043676815086644
2013-05-03 07:05:05,0.016504796470241
2013-05-04 07:00:05,0.0017638713784991
2013-05-05 07:00:05,0.0020998468791656
2013-05-06 12:50:57,0
2013-05-06 15:00:15,0.00071394793891629
2013-05-07 15:07:51,0.0055435957609971
2013-05-08 07:30:05,0.0010499234395828
2013-05-09 08:00:10,0.0017638713784991
2013-05-10 08:38:06,0.00050396325099974
2013-05-11 07:00:08,0.0031497703187484
2013-05-12 07:00:05,0.00083993875166623
2013-05-13 10:02:09,0.00083993875166623
2013-05-14 07:00:09,0.0028977886932485
2013-05-14 14:52:05,0.0017218744409158
2013-05-15 10:00:13,0.0010079265019995
2013-05-16 07:00:04,0.0028977886932485
2013-05-17 07:00:08,0.0031497703187484
2013-05-18 17:47:39,0.0020158530039989
2013-05-19 19:01:45,0.0023518285046654
2013-05-20 14:15:56,0.018058683160824
2013-05-21 12:07:36,0.00083993875166623
2013-05-21 14:10:58,0.0026878040053319
2013-05-22 14:00:14,0.00062995406374967
2013-05-23 00:16:04,0.0015118897529992
2013-05-23 14:00:16,0.00046196631341643
2013-05-24 07:12:06,0.0014278958778326
2013-05-25 07:00:08,0.0039897090704146
2013-05-26 07:00:04,0.0033177580690816
2013-05-27 14:00:26,0.00054596018858305
2013-05-28 15:00:15,0.0036957305073314
2013-05-29 14:00:16,0.0003779724382498
2013-05-30 07:00:06,0.0022678346294988
2013-05-31 07:00:07,0.00046196631341643
2013-05-31 10:19:04,0.0035277427569982
2013-06-01 07:00:07,0.0015118897529992
2013-06-02 07:00:08,0.00067195100133298
2013-06-03 14:00:18,0.0020158530039989
2013-06-04 16:03:48,0.0027298009429152
2013-06-05 16:13:04,0.00096592956441616
2013-06-06 08:30:04,0.0045356692589976
2013-06-07 07:00:05,0.0018478652536657
2013-06-08 07:00:03,0.0026038101301653
2013-06-09 07:00:04,0.0019318591288323
2013-06-10 14:01:26,0.001217911189916
2013-06-11 07:00:10,0.0041576968207478
2013-06-12 14:46:02,0.0021838407543322
2013-06-13 07:00:05,0.0011759142523327
2013-06-13 14:00:50,0.0010079265019995
2013-06-14 07:00:05,0.0076434426401627
2013-06-15 07:00:04,0.0019738560664156
2013-06-15 14:00:10,0.0015958836281658
2013-06-16 07:00:03,0.0020578499415823
2013-06-17 07:00:04,0.0027717978804986
2013-06-18 07:00:05,0.0016378805657491
2013-06-19 14:39:03,0.0038637182576647
2013-06-20 07:00:05,0.0020578499415823
2013-06-21 13:00:26,0.0015958836281658
2013-06-22 07:00:03,0.0012599081274993
2013-06-23 19:00:08,0.0028557917556652
2013-06-24 07:02:04,0.00079794181408292
2013-06-25 07:14:02,0.0019318591288323
2013-06-26 07:15:03,0.0030237795059984
2013-06-27 07:00:04,0.0021418438167489
2013-06-28 07:00:05,0.0024358223798321
2013-06-29 07:00:04,0.00096592956441616
2013-06-30 07:00:07,0.00096592956441616
2013-07-01 14:00:32,0.0028137948180819
2013-07-02 14:00:19,0.0017218744409158
2013-07-03 11:00:08,0.0020578499415823
2013-07-04 07:00:07,0.0014278958778326
2013-07-05 14:01:10,0.0003779724382498
2013-07-06 07:00:05,0.00096592956441616
2013-07-07 09:23:07,0.0028137948180819
2013-07-08 07:00:04,0.0031917672563317
2013-07-09 14:00:32,0.054302040295222
2013-07-10 07:00:04,0.001217911189916
2013-07-10 15:55:41,0.002561813192582
2013-07-11 07:00:04,0.0028137948180819
2013-07-12 07:00:05,0.0012599081274993
2013-07-13 07:00:03,0.0011339173147494
2013-07-14 07:00:04,0.0011759142523327
2013-07-15 08:12:15,0.0010499234395828
2013-07-16 07:00:03,0.0023938254422488
2013-07-17 14:00:41,0.00046196631341643
2013-07-18 15:00:16,0.00041996937583311
2013-07-18 15:00:19,0.00083993875166623
2013-07-18 15:00:23,0.00083993875166623
2013-07-18 15:00:26,0.0024778193174154
2013-07-18 15:00:30,0.00058795712616636
2013-07-18 15:00:34,0.0018058683160824
2013-07-18 15:00:37,0.001343902002666
2013-07-18 15:00:41,0.00062995406374967
2013-07-18 15:00:44,0.0018058683160824
2013-07-18 15:00:48,0.0028137948180819
2013-07-18 15:00:51,0.00033597550066649
2013-07-19 11:07:22,0.00096592956441616
2013-07-19 14:00:34,0.0010919203771661
2013-07-20 09:00:08,0.019948545352073
2013-07-21 07:00:04,0.0044936723214143
2013-07-22 14:01:03,0.0033177580690816
2013-07-23 14:00:15,0.00096592956441616
2013-07-24 07:00:04,0.0020998468791656
2013-07-25 07:00:05,0.0026878040053319
2013-07-25 11:01:03,0.012599081274993
2013-07-25 13:41:47,0.0020158530039989
2013-07-26 02:00:09,0.00054596018858305
2013-07-26 13:30:01,0.00075594487649961
2013-07-27 07:00:03,0.0020578499415823
2013-07-28 09:00:06,0.0066775130757465
2013-07-29 07:00:09,0.00088193568924954
2013-07-30 07:00:04,0.009029341580412
2013-07-31 14:00:12,0.0049136416972474
2013-08-01 06:52:50,0.002561813192582
2013-08-01 14:00:25,0.0014698928154159
2013-08-02 08:27:04,0.0021418438167489
2013-08-03 07:00:06,0.0010919203771661
2013-08-04 07:00:13,0.0021418438167489
2013-08-05 15:00:16,0.0036117366321648
2013-08-06 11:19:07,0.003233764193915
2013-08-07 07:00:10,0.0055435957609971
2013-08-08 07:00:09,0.0072654702019129
2013-08-09 07:00:14,0.0020998468791656
2013-08-10 07:00:09,0.0015118897529992
2013-08-11 14:00:07,0.0059635651368302
2013-08-12 08:00:10,0.0018058683160824
2013-08-13 07:00:07,0.0037377274449147
2013-08-14 07:00:09,0.0034017519442482
2013-08-15 10:18:04,0.0041996937583311
2013-08-16 07:00:04,0.0028137948180819
2013-08-17 07:00:09,0.001217911189916
2013-08-18 09:00:06,0.0044096784462477
2013-08-19 14:00:17,0.00067195100133298
2013-08-20 07:00:08,0.0021838407543322
2013-08-21 07:00:07,0.0019318591288323
2013-08-22 07:00:05,0.0055015988234138
2013-08-23 07:00:06,0.001889862191249
2013-08-24 08:00:06,0.0015958836281658
2013-08-25 08:00:05,0.0034017519442482
2013-08-26 14:00:30,0.0015958836281658
2013-08-27 07:00:04,0.003779724382498
2013-08-28 07:00:06,0.00092393262683285
2013-08-29 07:00:09,0.0022258376919155
2013-08-30 07:00:05,0.0030237795059984
2013-08-31 07:00:09,0.00096592956441616
2013-09-01 14:00:08,0.0019738560664156
2013-09-02 14:00:41,0.00096592956441616
2013-09-03 07:00:09,0.0017638713784991
2013-09-04 09:00:14,0.0012599081274993
2013-09-05 07:00:05,0.0018058683160824
2013-09-06 15:00:17,0.00041996937583311
2013-09-07 08:00:09,0.0013019050650827
2013-09-08 08:00:08,0.0020578499415823
2013-09-09 15:00:29,0.0010919203771661
2013-09-10 14:30:12,0.00041996937583311
2013-09-11 14:00:06,0.0010499234395828
2013-09-12 07:00:05,0.00062995406374967
2013-09-13 07:00:07,0.00096592956441616
2013-09-14 07:00:06,0.0023938254422488
2013-09-15 07:00:07,0.00071394793891629
2013-09-16 14:00:20,0.0018478652536657
2013-09-17 07:00:05,0.0011759142523327
2013-09-18 07:30:06,0.0014278958778326
2013-09-19 07:30:05,0.0021418438167489
2013-09-20 14:01:11,0.0003779724382498
2013-09-21 07:00:08,0.00075594487649961
2013-09-22 08:00:05,0.0003779724382498
2013-09-23 15:30:14,0.0033177580690816
2013-09-24 07:42:32,0.00067195100133298
2013-09-25 07:00:05,0.0013019050650827
2013-09-26 07:00:05,0.0019318591288323
2013-09-27 09:00:11,0.00079794181408292
2013-09-27 14:00:47,0.00096592956441616
2013-09-28 07:00:08,0.00058795712616636
2013-09-29 09:00:09,0.0010079265019995
2013-09-30 10:01:06,0.0015538866905825
2013-10-01 14:57:06,0.0015118897529992
2013-10-02 15:15:08,0.0023098315670821
2013-10-03 08:00:06,0.0024778193174154
2013-10-04 14:45:06,0.0013019050650827
2013-10-05 09:00:10,0.0020158530039989
2013-10-06 09:00:08,0.0019738560664156
2013-10-07 09:00:10,0.0013019050650827
2013-10-08 10:07:03,0.00062995406374967
2013-10-08 15:15:06,0.0015538866905825
2013-10-09 14:00:20,0.0014698928154159
2013-10-10 07:00:22,0.0022678346294988
2013-10-11 07:00:04,0.0013858989402493
2013-10-12 07:00:07,0.00075594487649961
2013-10-13 09:38:04,0.00075594487649961
2013-10-14 14:00:27,0.0016378805657491
2013-10-15 14:00:11,0.00062995406374967
2013-10-16 13:00:17,0.010667222146161
2013-10-17 13:30:07,0.001889862191249
2013-10-18 12:15:07,0.0071814763267463
2013-10-19 07:00:04,0.00075594487649961
2013-10-20 08:30:05,0.001217911189916
2013-10-21 09:30:04,0.0052916141354972
2013-10-22 13:30:01,0.0048716447596641
2013-10-23 13:25:06,0.00062995406374967
2013-10-24 13:30:08,0.016588790345408
2013-10-24 16:40:09,0.00096592956441616
2013-10-25 17:13:08,0.0021838407543322
2013-10-26 08:00:12,0.00054596018858305
2013-10-27 10:00:07,0.0011759142523327
2013-10-28 18:40:08,0.15089499673684
2013-10-29 15:50:07,0.085505764919622
2013-10-29 15:55:32,0.0032757611314983
2013-10-30 13:20:03,0.0015118897529992
2013-10-31 10:00:06,0.015664857718575
2013-11-01 10:10:04,0.012137114961577
2013-11-02 08:50:03,0.00058795712616636
2013-11-03 08:51:14,0.0010079265019995
2013-11-04 13:20:04,0.0038217213200813
2013-11-05 11:45:04,0.015790848531325
2013-11-06 11:15:05,0.0026878040053319
2013-11-06 16:45:07,0.0015538866905825
2013-11-07 09:50:39,0.0062575436999134
2013-11-07 17:21:08,0.0026038101301653
2013-11-08 12:00:33,0.00083993875166623
2013-11-09 08:00:08,0.00092393262683285
2013-11-10 15:00:08,0.00088193568924954
2013-11-11 18:50:03,0.0011339173147494
2013-11-12 15:00:10,0.0010919203771661
2013-11-12 19:00:13,0.0033597550066649
2013-11-13 08:00:08,0.00096592956441616
2013-11-13 17:55:00,0.0011339173147494
2013-11-14 14:00:42,0.001343902002666
2013-11-14 19:00:13,0.001217911189916
2013-11-15 14:36:46,0.00075594487649961
2013-11-15 19:00:11,0.00071394793891629
2013-11-16 10:00:06,0.0011759142523327
2013-11-17 19:00:09,0.0046616600717476
2013-11-18 08:00:07,0.00092393262683285
2013-11-18 19:00:14,0.00071394793891629
2013-11-19 08:18:33,0.001217911189916
2013-11-19 13:30:09,0.00071394793891629
2013-11-19 19:00:09,0.0010499234395828
2013-11-20 08:00:09,0.0013858989402493
2013-11-20 13:46:03,0.0014698928154159
2013-11-21 12:00:08,0.00092393262683285
2013-11-22 13:00:22,0.0010919203771661
2013-11-22 19:00:06,0.0012599081274993
2013-11-23 10:00:06,0.0010919203771661
2013-11-24 19:00:06,0.001217911189916
2013-11-25 19:00:08,0.00071394793891629
2013-11-26 19:00:09,0.0010079265019995
2013-11-27 08:00:15,0.00058795712616636
2013-11-28 19:00:06,0.0010499234395828
2013-11-29 08:00:08,0.0010079265019995
2013-11-30 09:00:11,0.00067195100133298
2013-11-30 19:00:14,0.00092393262683285
2013-12-01 19:00:08,0.00054596018858305
2013-12-02 08:00:08,0.00071394793891629
2013-12-02 19:00:10,0.00062995406374967
2013-12-03 14:45:07,0.0016378805657491
2013-12-03 19:00:08,0.00092393262683285
2013-12-04 08:00:09,0.00083993875166623
2013-12-04 19:00:04,0.00067195100133298
2013-12-05 08:00:05,0.0010079265019995
2013-12-05 19:00:07,0.0016798775033325
2013-12-06 08:50:03,0.0044096784462477
2013-12-06 19:00:04,0.0010499234395828
2013-12-07 09:00:06,0.00062995406374967
2013-12-08 19:00:05,0.00067195100133298
2013-12-09 15:00:13,0.0017218744409158
2013-12-10 15:12:19,0.004451675383831
2013-12-10 16:00:14,0.001217911189916
2013-12-11 08:00:06,0.00083993875166623
2013-12-11 19:00:08,0.00075594487649961
2013-12-12 10:08:36,0.004451675383831
2013-12-12 12:14:59,0.010289249707911
2013-12-12 13:00:08,0.0018058683160824
2013-12-13 07:33:45,0.0013858989402493
2013-12-13 07:44:37,0.00020998468791656
2013-12-13 11:00:07,0.0010919203771661
2013-12-14 10:00:06,0.00088193568924954
2013-12-14 19:00:08,0.012599081274993
2013-12-15 09:00:06,0.0014698928154159
2013-12-15 15:00:06,0.0019738560664156
2013-12-16 13:00:12,0.012977053713243
2013-12-16 19:00:05,0.00075594487649961
2013-12-17 13:00:05,0.0022258376919155
2013-12-17 19:00:05,0.0017218744409158
2013-12-18 08:00:08,0.00071394793891629
2013-12-18 19:00:07,0.001217911189916
2013-12-19 12:00:07,0.026878040053319
2013-12-19 19:00:09,0.0026038101301653
2013-12-20 19:00:10,0.00054596018858305
2013-12-21 09:00:07,0.0014698928154159
2013-12-21 19:00:07,0.00083993875166623
2013-12-22 12:00:07,0.0015118897529992
2013-12-23 15:00:19,0.0020578499415823
2013-12-23 16:00:08,0.0011759142523327
2013-12-24 13:00:06,0.0010499234395828
2013-12-25 13:00:08,0.0010499234395828
2013-12-26 16:31:07,0.0023938254422488
2013-12-27 19:00:05,0.0020158530039989
2014-01-01 19:00:04,0.0011759142523327
2014-01-02 19:00:09,0.0023938254422488
2014-01-03 19:00:04,0.0010079265019995
2014-01-04 19:00:07,0.00092393262683285
2014-01-05 19:00:06,0.0014278958778326
2014-01-06 19:00:13,0.0016378805657491
2014-01-07 19:00:09,0.0013019050650827
2014-01-08 17:00:12,0.00062995406374967
2014-01-09 09:00:12,0.00071394793891629
2014-01-09 15:01:04,0.0014698928154159
2014-01-10 07:14:11,0.0018478652536657
2014-01-10 17:00:08,0.0020158530039989
2014-01-11 10:00:05,0.0010919203771661
2014-01-12 10:00:08,0.00071394793891629
2014-01-13 19:00:09,0.0021838407543322
2014-01-14 19:00:08,0.00067195100133298
2014-01-15 08:00:07,0.00041996937583311
2014-01-16 19:00:08,0.0011759142523327
2014-01-17 13:43:52,0.00071394793891629
2014-01-17 19:00:09,0.00088193568924954
2014-01-18 10:00:09,0.0010079265019995
2014-01-18 15:00:11,0.00062995406374967
2014-01-19 10:00:06,0.001217911189916
2014-01-20 19:00:08,0.002561813192582
2014-01-21 19:00:17,0.0011339173147494
2014-01-22 19:00:11,0.00067195100133298
2014-01-23 19:00:07,0.00096592956441616
2014-01-24 19:00:03,0.00067195100133298
2014-01-25 10:00:09,0.00083993875166623
2014-01-25 15:00:09,0.0010499234395828
2014-01-27 19:00:15,0.00083993875166623
2014-01-28 18:00:12,0.002561813192582
2014-01-29 19:00:13,0.0015118897529992
2014-01-30 19:00:04,0.00041996937583311
2014-01-31 13:19:01,0.0017638713784991
2014-01-31 19:00:06,0.00079794181408292
2014-02-01 10:00:10,0.0013858989402493
2014-02-03 15:30:12,0.0070554855139963
2014-02-04 18:00:19,0.001217911189916
2014-02-05 13:00:12,0.0015538866905825
2014-02-06 10:00:06,0.0010919203771661
2014-02-06 15:44:09,0.010583228270994
2014-02-07 15:45:09,0.00041996937583311
2014-02-08 10:00:10,0.00092393262683285
2014-02-09 15:00:07,0.0024358223798321
2014-02-10 18:00:17,0.0016798775033325
2014-02-11 15:00:16,0.0040317060079979
2014-02-12 08:30:03,0.00075594487649961
2014-02-12 13:00:13,0.0011339173147494
2014-02-13 15:00:14,0.0025198162549987
2014-02-14 10:00:04,0.0017638713784991
2014-02-14 18:00:16,0.00075594487649961
2014-02-15 10:00:05,0.0017218744409158
2014-02-17 18:00:19,0.0015118897529992
2014-02-18 18:00:08,0.0013019050650827
2014-02-19 13:00:15,0.0010079265019995
2014-02-19 18:00:18,0.0011759142523327
2014-02-20 18:00:07,0.0010919203771661
2014-02-21 18:00:10,0.00071394793891629
2014-02-22 10:00:12,0.00096592956441616
2014-02-22 18:00:11,0.0010499234395828
2014-02-23 18:00:06,0.011591154772994
2014-02-23 19:00:06,0.015454873030659
2014-02-23 20:00:00,0.0010919203771661
2014-02-24 13:00:17,0.013774995527326
2014-02-24 16:04:04,0.00096592956441616
2014-02-25 12:02:09,0.033849531692149
2014-02-25 14:29:05,0.00029397856308318
2014-02-25 14:29:12,0.00012599081274993
2014-02-25 14:29:15,0.00016798775033325
2014-02-25 14:29:18,0.00033597550066649
2014-02-25 14:29:21,0.00020998468791656
2014-02-26 13:16:08,0.00071394793891629
2014-02-26 14:00:17,0.00062995406374967
2014-02-27 16:13:04,0.0020158530039989
2014-02-27 19:00:09,0.0016798775033325
2014-02-28 18:00:04,0.00067195100133298
2014-03-01 10:00:13,0.0010079265019995
2014-03-03 13:35:06,0.00020998468791656
2014-03-03 13:35:10,8.3993875166623E-5
2014-03-03 13:35:17,8.3993875166623E-5
2014-03-03 13:35:20,8.3993875166623E-5
2014-03-03 13:35:26,8.3993875166623E-5
2014-03-03 13:35:31,4.1996937583311E-5
2014-03-03 13:35:38,4.1996937583311E-5
2014-03-03 13:35:44,8.3993875166623E-5
2014-03-03 13:35:49,4.1996937583311E-5
2014-03-03 13:35:52,4.1996937583311E-5
2014-03-03 13:35:56,8.3993875166623E-5
2014-03-03 13:36:03,0.00020998468791656
2014-03-03 13:36:06,8.3993875166623E-5
2014-03-03 13:37:06,0.00083993875166623
2014-03-03 16:00:22,0.0034437488818315
2014-03-04 18:00:28,0.0014698928154159
2014-03-05 13:09:09,0.0013858989402493
2014-03-06 18:00:13,0.0021838407543322
2014-03-07 19:00:10,0.00083993875166623
2014-03-08 10:00:11,0.001217911189916
2014-03-08 18:00:11,0.00096592956441616
2014-03-10 11:00:10,0.013774995527326
2014-03-10 11:03:18,0.00067195100133298
2014-03-10 18:00:16,0.00088193568924954
2014-03-11 18:00:14,0.0010079265019995
2014-03-12 18:00:13,0.00096592956441616
2014-03-13 16:10:05,0.001217911189916
2014-03-14 09:00:12,0.031287718499567
2014-03-14 19:00:14,0.00092393262683285
2014-03-15 10:00:10,0.00067195100133298
2014-03-17 17:00:17,0.00058795712616636
2014-03-18 18:43:20,0.001343902002666
2014-03-19 09:30:08,0.0023518285046654
2014-03-19 19:00:09,0.00083993875166623
2014-03-20 18:00:12,0.00058795712616636
2014-03-21 16:00:08,0.0015118897529992
2014-03-22 10:00:11,0.00088193568924954
2014-03-24 15:00:18,0.0069294947012464
2014-03-25 18:31:22,0.00062995406374967
2014-03-26 09:30:08,0.022972324858071
2014-03-26 18:00:10,0.0011339173147494
2014-03-27 09:00:08,0.00058795712616636
2014-03-27 17:45:08,0.0018058683160824
2014-03-28 16:00:13,0.067321090946048
2014-03-28 18:45:07,0.0011759142523327
2014-03-29 10:00:08,0.0010079265019995
2014-03-31 18:30:07,0.0013858989402493
2014-04-01 11:43:05,0.0023938254422488
2014-04-02 07:00:05,0.00067195100133298
2014-04-02 10:00:10,0.051908214852973
2014-04-03 17:00:12,0.00054596018858305
2014-04-04 09:00:08,0.0072234732643296
2014-04-05 09:00:05,0.00033597550066649
2014-04-06 09:00:06,0.0014278958778326
2014-04-07 08:30:10,0.032547626627066
2014-04-07 14:00:11,0.010331246645495
2014-04-08 17:30:10,0.00079794181408292
2014-04-09 06:17:52,0.00041996937583311
2014-04-09 09:00:11,0.00050396325099974
2014-04-10 17:00:06,0.00075594487649961
2014-04-11 09:45:11,0.0051656233227473
2014-04-11 14:20:05,0.00075594487649961
2014-04-12 08:00:11,0.011423167022661
2014-04-12 11:00:15,0.0067195100133298
2014-04-14 07:00:10,0.0056275896361637
2014-04-14 17:30:10,0.00062995406374967
2014-04-15 17:00:06,0.0010079265019995
2014-04-16 07:00:11,0.0044936723214143
2014-04-17 14:00:17,0.00054596018858305
2014-04-17 16:00:08,0.0011339173147494
2014-04-18 14:00:09,0.0012599081274993
2014-04-19 09:00:09,0.00092393262683285
2014-04-21 16:45:09,0.0010499234395828
2014-04-22 12:00:10,0.016462799532658
2014-04-22 14:35:05,0.0020998468791656
2014-04-23 13:00:10,0.0053336110730806
2014-04-23 18:00:13,0.00054596018858305
2014-04-24 12:00:13,0.0047456539469142
2014-04-25 09:59:06,0.0098272833944949
2014-04-25 18:00:14,0.00075594487649961
2014-04-26 09:00:10,0.00050396325099974
2014-04-28 09:59:04,0.0016378805657491
2014-04-28 17:00:08,0.0045356692589976
2014-04-29 09:59:07,0.0081894028287457
2014-04-30 17:30:08,0.00088193568924954
2014-05-01 17:00:07,0.0016798775033325
2014-05-02 09:59:06,0.0081894028287457
2014-05-02 14:00:20,0.010751216021328
2014-05-03 09:00:08,0.00071394793891629
2014-05-04 09:59:06,0.0044096784462477
2014-05-04 14:00:08,0.0021418438167489
2014-05-05 10:59:37,0.00075594487649961
2014-05-05 17:15:07,0.0013858989402493
2014-05-06 18:00:12,0.00050396325099974
2014-05-07 17:00:10,0.00058795712616636
2014-05-08 17:00:07,0.00062995406374967
2014-05-09 17:00:10,0.00050396325099974
2014-05-10 09:00:07,0.00071394793891629
2014-05-12 17:30:07,0.00092393262683285
2014-05-13 16:30:08,0.00088193568924954
2014-05-14 08:00:06,0.00029397856308318
2014-05-14 17:00:09,0.001343902002666
2014-05-15 15:45:05,0.0016798775033325
2014-05-16 17:30:10,0.00079794181408292
2014-05-17 09:00:07,0.00050396325099974
2014-05-18 09:00:09,0.0012599081274993
2014-05-19 08:33:50,0.00067195100133298
2014-05-19 12:00:33,0.0036537335697481
2014-05-19 17:45:09,0.00041996937583311
2014-05-20 17:30:11,0.00046196631341643
2014-05-21 12:01:04,0.026164092114403
2014-05-21 16:45:08,0.0013019050650827
2014-05-22 14:30:07,0.00054596018858305
2014-05-23 13:00:08,0.00029397856308318
2014-05-24 09:00:44,0.00041996937583311
2014-05-25 09:00:06,0.0013858989402493
2014-05-26 14:00:42,0.00016798775033325
2014-05-27 09:22:36,0.0018478652536657
2014-05-27 14:01:19,0.0050396325099974
2014-05-28 16:45:39,0.0044096784462477
2014-05-29 17:02:37,0.00054596018858305
2014-05-30 15:30:00,0.00033597550066649
2014-05-31 14:00:57,0.00054596018858305
2014-06-02 11:01:03,0.00067195100133298
2014-06-02 17:00:46,0.0043676815086644
2014-06-03 17:02:34,0.0003779724382498
2014-06-04 17:45:33,0.00054596018858305
2014-06-05 17:02:16,0.00067195100133298
2014-06-06 09:01:03,0.010205255832745
2014-06-06 16:45:26,0.00083993875166623
2014-06-07 09:55:11,0.0015118897529992
2014-06-09 17:02:01,0.0017638713784991
2014-06-10 14:36:46,4.1996937583311E-5
2014-06-10 17:00:51,0.00071394793891629
2014-06-11 17:01:40,0.00092393262683285
2014-06-12 17:31:04,0.00062995406374967
2014-06-13 16:30:56,0.00041996937583311
2014-06-14 08:00:45,0.0014278958778326
2014-06-14 14:00:48,0.00046196631341643
2014-06-15 09:00:43,0.00054596018858305
2014-06-16 15:01:50,0.00046196631341643
2014-06-17 17:02:19,0.0018058683160824
2014-06-18 17:02:04,0.00050396325099974
2014-06-19 15:02:02,0.00046196631341643
2014-06-20 17:15:31,0.00071394793891629
2014-06-21 09:00:42,0.00054596018858305
2014-06-21 16:02:07,0.0011339173147494
2014-06-23 14:01:05,0.0026038101301653
2014-06-23 16:00:34,0.0011759142523327
2014-06-24 11:00:17,0.00041996937583311
2014-06-24 14:53:13,0.0003779724382498
2014-06-25 08:30:36,0.00029397856308318
2014-06-25 12:00:27,0.0052916141354972
2014-06-26 14:31:00,0.00058795712616636
2014-06-26 17:02:10,0.00071394793891629
2014-06-27 13:24:22,0.00020998468791656
2014-06-27 15:02:43,0.00071394793891629
2014-06-27 18:01:08,0.00079794181408292
2014-06-28 09:00:32,0.00062995406374967
2014-06-28 14:01:09,0.00088193568924954
2014-06-30 08:43:55,0
2014-06-30 11:25:11,0
2014-06-30 11:27:17,0
2014-06-30 11:28:42,0
2014-06-30 11:29:59,0
2014-06-30 11:31:29,0
2014-06-30 17:15:43,0.00071394793891629
2014-07-01 14:31:20,0.00058795712616636
2014-07-02 12:00:53,0.0078534273280792
2014-07-02 17:45:32,0.00050396325099974
2014-07-03 13:02:25,0.00041996937583311
2014-07-04 11:00:08,0.0016798775033325
2014-07-04 14:01:32,0.00058795712616636
2014-07-05 09:01:09,0.00062995406374967
2014-07-07 16:45:35,0.0017218744409158
2014-07-08 17:00:37,0.00075594487649961
2014-07-09 12:00:56,0.00046196631341643
2014-07-10 09:48:16,0.00071394793891629
2014-07-10 17:30:41,0.00083993875166623
2014-07-11 14:03:04,0.00058795712616636
2014-07-12 09:01:02,0.00041996937583311
2014-07-12 15:00:57,0.00046196631341643
2014-07-14 16:30:00,0.00029397856308318
2014-07-15 15:00:40,0.00046196631341643
2014-07-16 12:01:27,0.005669586573747
2014-07-17 17:02:17,0.00054596018858305
2014-07-18 12:10:13,0.021964398356072
2014-07-19 09:00:58,0.00067195100133298
2014-07-20 09:30:24,0.002561813192582
2014-07-21 10:57:39,0.013774995527326
2014-07-21 15:31:11,0.001217911189916
2014-07-22 12:04:39,0.0078534273280792
2014-07-23 16:08:10,0.00020998468791656
2014-07-23 16:15:45,0.00033597550066649
2014-07-24 14:30:28,0.0003779724382498
2014-07-25 09:25:36,0.010373243583078
2014-07-25 17:01:42,0.0014698928154159
2014-07-26 09:00:36,0.00050396325099974
2014-07-27 12:00:01,0.00079794181408292
2014-07-28 16:31:43,0.00029397856308318
2014-07-29 12:30:15,0.00041996937583311
2014-07-29 16:01:46,0.00058795712616636
2014-07-30 12:01:06,0.011633151710577
2014-07-30 17:02:34,0.00046196631341643
2014-07-31 13:31:19,0.00029397856308318
2014-07-31 16:02:51,0.0012599081274993
2014-08-02 09:00:54,0.00071394793891629
2014-08-03 14:00:02,0.00079794181408292
2014-08-04 16:02:19,0.00067195100133298
2014-08-05 12:01:52,0.00067195100133298
2014-08-05 16:45:42,0.00088193568924954
2014-08-06 12:01:16,0.00050396325099974
2014-08-07 11:01:54,0.00062995406374967
2014-08-07 11:55:27,0.0010919203771661
2014-08-07 17:01:10,0.00033597550066649
2014-08-08 16:01:33,0.00075594487649961
2014-08-09 09:00:46,0
2014-08-11 16:31:13,0.0010079265019995
2014-08-12 14:02:37,0.00041996937583311
2014-08-13 11:01:12,0.00029397856308318
2014-08-13 14:01:56,0.02486218704932
2014-08-14 17:02:45,0.0003779724382498
2014-08-15 16:31:29,0.00079794181408292
2014-08-16 09:01:17,0.00033597550066649
2014-08-16 13:01:07,0.0021418438167489
2014-08-18 16:31:23,0.00016798775033325
2014-08-19 13:02:31,0.00054596018858305
2014-08-20 12:00:30,0.001217911189916
2014-08-20 13:42:28,0.00075594487649961
2014-08-21 06:42:30,0.00075594487649961
2014-08-21 12:44:50,0.0016798775033325
2014-08-21 16:30:48,0.00029397856308318
2014-08-21 17:02:20,0.00646752838783
2014-08-22 14:00:28,0.00062995406374967
2014-08-22 18:50:24,0.0010919203771661
2014-08-23 09:00:52,0.00046196631341643
2014-08-23 15:51:05,0.0016798775033325
2014-08-23 19:04:47,0.0015118897529992
2014-08-25 15:30:16,0.00033597550066649
2014-08-25 17:00:00,0.00046196631341643
2014-08-26 13:00:06,0.00046196631341643
2014-08-26 13:00:57,0.00046196631341643
2014-08-26 17:02:06,0.00092393262683285
2014-08-27 13:52:56,0.00025198162549987
2014-08-27 16:37:23,0.00020998468791656
2014-08-28 11:36:41,0.010457237458245
2014-08-28 12:14:36,0.00067195100133298
2014-08-28 12:14:56,0.00067195100133298
2014-08-28 14:15:28,0.00025198162549987
2014-08-29 14:02:12,0.00033597550066649
2014-08-30 09:00:50,0.00071394793891629
2014-09-01 14:01:38,0.0089453477052453
2014-09-02 14:00:34,0.00041996937583311
2014-09-03 14:02:32,0.00071394793891629
2014-09-04 11:21:50,0.0010499234395828
2014-09-04 17:32:48,8.3993875166623E-5
2014-09-04 17:32:48,0.00012599081274993
2014-09-04 17:32:48,0.00083993875166623
2014-09-05 12:00:56,0.00062995406374967
2014-09-05 16:00:56,0.0010919203771661
2014-09-06 09:00:40,0.00054596018858305
2014-09-06 14:01:10,0.00083993875166623
2014-09-08 12:55:13,0.00062995406374967
2014-09-08 16:03:04,0.00075594487649961
2014-09-09 11:00:34,0.00067195100133298
2014-09-09 13:14:09,0
2014-09-09 13:17:52,0.00050396325099974
2014-09-09 13:17:58,0.00050396325099974
2014-09-09 17:01:51,0.0083153936414957
2014-09-10 17:00:41,0.00050396325099974
2014-09-11 13:01:35,0.00041996937583311
2014-09-11 15:31:17,0.00041996937583311
2014-09-12 14:03:10,0.0010919203771661
2014-09-13 09:00:42,0.00058795712616636
2014-09-14 11:00:34,0.00054596018858305
2014-09-15 12:00:33,0.00025198162549987
2014-09-15 17:00:00,0.0003779724382498
2014-09-16 17:01:33,0.00079794181408292
2014-09-17 07:32:48,0.00067195100133298
2014-09-17 07:32:59,0.00067195100133298
2014-09-17 14:15:45,0.0053336110730806
2014-09-17 17:02:16,0.00062995406374967
2014-09-18 12:00:30,0.014824918966909
2014-09-18 15:31:34,0.00025198162549987
2014-09-19 12:00:00,0.00046196631341643
2014-09-19 12:00:00,0.00046196631341643
2014-09-19 17:02:34,0.00046196631341643
2014-09-20 09:00:39,0.00071394793891629
2014-09-21 12:00:42,0.024358223798321
2014-09-22 06:21:40,0.00075594487649961
2014-09-22 17:01:07,0.00079794181408292
2014-09-23 14:14:23,0.0020578499415823
2014-09-23 17:00:46,0.00071394793891629
2014-09-24 07:22:39,0.00041996937583311
2014-09-24 09:58:36,0.0020158530039989
2014-09-24 17:03:02,0.00071394793891629
2014-09-25 17:03:55,0.00054596018858305
2014-09-26 18:31:24,0.00020998468791656
2014-09-27 09:00:49,0.00088193568924954
2014-09-29 11:30:18,0.00016798775033325
2014-09-29 11:30:26,0.00016798775033325
2014-09-29 17:07:02,0.00058795712616636
2014-09-30 13:24:51,0.017134750533991
2014-10-01 14:03:13,0.00029397856308318
2014-10-01 17:00:00,0.00050396325099974
2014-10-02 10:55:34,0.00020998468791656
2014-10-02 10:55:34,0.00025198162549987
2014-10-02 10:55:34,0.00062995406374967
2014-10-02 14:37:42,0.0003779724382498
2014-10-02 14:37:59,0.0003779724382498
2014-10-02 17:02:27,0.00071394793891629
2014-10-03 09:01:05,0.00033597550066649
2014-10-03 16:02:52,0.00054596018858305
2014-10-06 16:02:32,0.00050396325099974
2014-10-08 17:02:37,0.0003779724382498
2014-10-09 08:08:08,0.00029397856308318
2014-10-09 08:08:18,0.00029397856308318
2014-10-09 12:00:25,0.01306104758841
2014-10-09 14:31:30,0.00067195100133298
2014-10-10 16:00:00,0.00067195100133298
2014-10-11 09:01:10,0.0003779724382498
2014-10-13 16:02:24,0.0003779724382498
2014-10-14 12:01:52,0.009575301768995
2014-10-14 17:03:19,0.00025198162549987
2014-10-15 14:03:26,0.0099952711448281
2014-10-16 16:00:41,0.00083993875166623
2014-10-17 14:01:18,0.00041996937583311
2014-10-17 17:06:19,0.0022258376919155
2014-10-18 09:01:31,0.0003779724382498
2014-10-19 14:01:53,0.001343902002666
2014-10-19 14:02:14,0.001343902002666
2014-10-20 11:48:18,0.0018058683160824
2014-10-20 12:02:09,0.0079374212032459
2014-10-20 17:02:48,0.00046196631341643
2014-10-21 17:03:48,0.00025198162549987
2014-10-22 17:05:13,0.00033597550066649
2014-10-23 17:04:17,0.0003779724382498
2014-10-24 12:03:02,0.0048296478220808
2014-10-24 15:02:40,0.00025198162549987
2014-10-25 14:01:50,0.00033597550066649
2014-10-27 17:01:05,0.00025198162549987
2014-10-28 17:02:59,0.00041996937583311
2014-10-29 17:01:56,0.00050396325099974
2014-10-30 17:01:58,0.00029397856308318
2014-10-30 17:02:42,0.00075594487649961
2014-10-31 13:02:24,0.0011759142523327
2014-10-31 15:04:08,0.00020998468791656
2014-10-31 19:00:56,0.00088193568924954
2014-11-01 15:02:07,0.00029397856308318
2014-11-03 14:02:02,0.021082462666822
2014-11-03 18:00:43,0.00058795712616636
2014-11-04 13:13:56,0.0029817825684151
2014-11-04 17:02:07,0.00020998468791656
2014-11-05 09:02:44,0.00033597550066649
2014-11-05 09:03:02,0.00033597550066649
2014-11-05 15:00:45,0.00062995406374967
2014-11-05 15:00:45,0.00062995406374967
2014-11-05 18:02:46,0.0003779724382498
2014-11-06 17:02:13,0.0011339173147494
2014-11-07 13:01:20,0.0073494640770795
2014-11-08 13:00:37,0.00058795712616636
2014-11-08 17:02:07,0.00054596018858305
2014-11-10 12:01:48,0.0070554855139963
2014-11-10 15:01:54,0.0068035038884965
2014-11-11 18:00:29,0.00071394793891629
2014-11-12 16:10:47,0.00646752838783
2014-11-12 18:01:01,0.00016798775033325
2014-11-13 08:30:45,0.00033597550066649
2014-11-13 16:55:00,0.0011339173147494
2014-11-14 17:05:34,0.00025198162549987
2014-11-15 13:00:52,0.00033597550066649
2014-11-15 13:00:55,0.013984980215243
2014-11-17 09:14:37,0.00046196631341643
2014-11-17 09:15:52,0.00046196631341643
2014-11-17 17:10:39,0.00046196631341643
2014-11-18 18:00:57,0.00050396325099974
2014-11-19 15:30:47,0.00058795712616636
2014-11-19 18:01:25,0.00033597550066649
2014-11-20 13:01:19,0.0041576968207478
2014-11-20 18:02:31,0.00029397856308318
2014-11-21 15:00:16,0.00020998468791656
2014-11-21 18:02:02,0.00046196631341643
2014-11-22 13:01:12,0.00016798775033325
2014-11-23 13:01:30,0.00046196631341643
2014-11-24 16:25:09,0.00029397856308318
2014-11-25 18:01:37,0.00058795712616636
2014-11-26 15:33:13,0.00012599081274993
2014-11-26 15:45:31,0.022132386106405
2014-11-27 15:00:34,0.015790848531325
2014-11-28 18:00:54,0.00041996937583311
2014-11-29 10:00:42,0.00016798775033325
2014-11-29 16:01:10,0.0003779724382498
2014-11-30 13:01:26,0.0003779724382498
2014-11-30 14:01:03,0.00046196631341643
2014-12-01 13:03:28,0.0003779724382498
2014-12-01 13:03:35,0.0003779724382498
2014-12-01 18:01:33,0.00029397856308318
2014-12-02 18:02:09,0.00054596018858305
2014-12-03 18:00:12,0.00020998468791656
2014-12-04 18:00:18,0.00029397856308318
2014-12-06 13:01:37,0.00046196631341643
2014-12-06 15:01:12,0.00033597550066649
2014-12-08 18:01:08,0.00058795712616636
2014-12-09 20:03:59,0.00092393262683285
2014-12-09 20:56:10,0.0013858989402493
2014-12-10 15:04:22,0.0012599081274993
2014-12-10 18:00:04,0.00025198162549987
2014-12-11 13:01:44,0.0023938254422488
2014-12-11 17:00:01,0.00071394793891629
2014-12-12 10:00:30,0.00088193568924954
2014-12-12 15:01:35,0.0003779724382498
2014-12-13 12:01:39,0.00033597550066649
2014-12-14 15:01:28,0.0010919203771661
2014-12-15 15:00:20,0.00033597550066649
2014-12-16 16:25:07,0.00020998468791656
2014-12-16 18:01:12,0.00041996937583311
2014-12-17 15:02:33,0.00020998468791656
2014-12-17 18:00:01,0.00016798775033325
2014-12-18 15:01:29,0.00025198162549987
2014-12-19 18:01:49,0.00033597550066649
2014-12-20 12:00:53,0.00012599081274993
2014-12-22 09:42:59,0.00062995406374967
2014-12-22 15:01:51,0.00041996937583311
2014-12-22 18:01:02,0.00041996937583311
2014-12-23 08:40:03,0.00033597550066649
2014-12-23 15:31:06,0.0012599081274993
2014-12-23 18:01:42,0.00025198162549987
2014-12-24 18:01:26,0.00079794181408292
2014-12-25 18:00:48,0.00046196631341643
2014-12-26 14:01:01,0.00050396325099974
2014-12-26 18:01:48,0.00088193568924954
2014-12-27 14:01:08,0.00067195100133298
2014-12-28 14:01:00,0.00071394793891629
2014-12-29 14:01:23,0.00071394793891629
2014-12-29 18:01:42,0.00041996937583311
2014-12-30 14:00:24,0.00050396325099974
2014-12-30 18:02:07,0.00025198162549987
2014-12-31 14:01:33,0.00046196631341643
2014-12-31 18:01:36,0.0003779724382498
2015-01-01 14:01:53,0.00054596018858305
2015-01-01 18:01:30,0.00058795712616636
2015-01-01 23:39:00,0.00029397856308318
2015-01-02 08:38:58,0.00029397856308318
2015-01-02 08:39:08,0.00025198162549987
2015-01-02 18:01:37,0.00054596018858305
2015-01-05 18:05:28,0.00058795712616636
2015-01-06 18:01:08,0.00033597550066649
2015-01-07 18:05:25,0.0003779724382498
2015-01-08 18:01:17,0.011045194584411
2015-01-09 18:00:22,0.00025198162549987
2015-01-10 13:01:14,0.00046196631341643
2015-01-13 18:00:15,0.00033597550066649
2015-01-14 18:00:13,0.00062995406374967
2015-01-15 18:01:19,0.00062995406374967
2015-01-16 18:00:13,0.00029397856308318
2015-01-17 13:01:22,0.00046196631341643
2015-01-19 13:01:27,0.00046196631341643
2015-01-19 18:01:38,0.00012599081274993
2015-01-20 18:00:12,0.00025198162549987
2015-01-21 18:01:18,0.00020998468791656
2015-01-22 13:57:44,0.029607840996235
2015-01-22 18:00:48,0.00033597550066649
2015-01-23 14:42:02,0.0027298009429152
2015-01-24 14:01:19,0.00041996937583311
2015-01-26 13:30:10,0.00029397856308318
2015-01-27 18:01:18,0.0003779724382498
2015-01-28 10:01:36,0.066859124632632
2015-01-30 13:01:00,0.054260043357638
2015-01-31 13:00:49,0.00058795712616636
2015-02-02 12:56:00,0.00016798775033325
2015-02-02 18:01:45,0.001217911189916
2015-02-03 18:02:02,0.00029397856308318
2015-02-04 18:02:45,0.00062995406374967
2015-02-05 13:00:01,0.024526211548654
2015-02-06 04:57:00,0.00025198162549987
2015-02-06 12:41:19,0.00071394793891629
2015-02-06 13:54:45,0.00025198162549987
2015-02-06 13:55:40,0.00025198162549987
2015-02-09 13:01:57,0.0015958836281658
2015-02-10 06:34:00,0.0097432895193283
2015-02-10 08:25:06,0.009575301768995
2015-02-10 08:25:06,0.0097432895193283
2015-02-10 14:00:25,0.042374910021561
2015-02-11 13:01:00,0.01826866784874
2015-02-11 17:00:16,0.00079794181408292
2015-02-11 23:15:00,0.00020998468791656
2015-02-12 08:15:27,0.00020998468791656
2015-02-12 08:15:40,0.00016798775033325
2015-02-12 15:30:58,0.00033597550066649
2015-02-13 10:56:22,0.0024358223798321
2015-02-13 14:06:44,0.011213182334744
2015-02-14 12:00:58,0.00058795712616636
2015-02-14 16:01:03,0.0010919203771661
2015-02-15 12:00:59,0.00041996937583311
2015-02-16 18:00:30,0.00025198162549987
2015-02-17 18:01:51,0.00041996937583311
2015-02-18 13:00:43,0.01331302921391
2015-02-18 18:01:43,0.01255708433741
2015-02-19 15:05:21,0.02624808598957
2015-02-20 16:01:01,0.00020998468791656
2015-02-21 13:01:09,0.00033597550066649
2015-02-23 18:00:39,0.00062995406374967
2015-02-24 12:00:57,0.001343902002666
2015-02-24 18:01:57,0.0011339173147494
2015-02-25 14:30:10,0.0091973293307452
2015-02-26 15:45:42,0.01826866784874
2015-02-26 19:00:51,0.00058795712616636
2015-02-27 12:14:02,0.0048716447596641
2015-02-27 18:00:57,0.00058795712616636
2015-02-28 13:01:23,0.00062995406374967
2015-03-02 10:15:20,0.0011339173147494
2015-03-02 19:05:44,0.00054596018858305
2015-03-03 12:01:19,0.00046196631341643
2015-03-04 13:00:19,0.014698928154159
2015-03-04 18:02:58,0.00067195100133298
2015-03-05 12:50:22,0.076770401902293
2015-03-05 18:00:14,0.00054596018858305
2015-03-06 11:30:15,0.034017519442482
2015-03-06 18:00:21,0.00016798775033325
2015-03-08 18:01:30,0.00046196631341643
2015-03-09 18:00:42,0.00029397856308318
2015-03-10 18:02:12,0.00041996937583311
2015-03-11 18:02:49,0.00058795712616636
2015-03-12 15:02:05,0.06937894088763
2015-03-13 18:01:04,0.00046196631341643
2015-03-15 18:00:00,0.00088193568924954
2015-03-16 17:28:42,0.00046196631341643
2015-03-17 18:00:44,0.00079794181408292
2015-03-19 15:01:03,0.052622162791889
2015-03-20 08:25:06,0.00088193568924954
2015-03-20 14:02:21,0.021376441229906
2015-03-24 14:05:02,0.0017218744409158
2015-03-24 18:00:02,0.00025198162549987
2015-03-25 18:02:58,0.00079794181408292
2015-03-26 04:37:00,0.00012599081274993
2015-03-26 15:02:18,0.076812398839877
2015-03-28 18:01:43,0.0013858989402493
2015-03-31 11:57:00,0.0041576968207478
2015-04-01 08:05:04,0.0012599081274993
2015-04-02 14:01:17,0.077148374340543
2015-04-03 12:00:47,0.00062995406374967
2015-04-03 17:02:13,0.00041996937583311
2015-04-04 09:00:40,0.00050396325099974
2015-04-04 15:00:03,0.00041996937583311
2015-04-07 13:46:34,0.01852064947424
2015-04-08 11:41:18,0.010289249707911
2015-04-09 11:02:25,0.06303740331255
2015-04-09 14:13:30,0.0091133354555786
2015-04-09 17:03:09,0.00046196631341643
2015-04-10 12:05:40,0.010121261957578
2015-04-10 14:00:07,0.039225139702813
2015-04-11 12:01:11,0.00046196631341643
2015-04-13 10:00:00,0.21859406012114
2015-04-14 05:39:00,0.00033597550066649
2015-04-14 12:02:16,0.0045776661965809
2015-04-15 12:00:00,0.0075174518274127
2015-04-16 11:31:20,0.05694784736297
2015-04-17 11:02:19,0.062995406374967
2015-04-20 17:00:01,0.004451675383831
2015-04-21 15:02:26,0.00062995406374967
2015-04-22 10:00:00,0.0055855926985804
2015-04-22 18:01:44,0.00092393262683285
2015-04-23 14:03:01,0.064591290003133
2015-04-23 14:36:59,0.0052076202603306
2015-04-25 17:02:20,0.00033597550066649
2015-04-27 19:00:02,0.0083153936414957
2015-04-28 09:00:00,0.0061315528871635
2015-04-28 15:21:24,0.00020998468791656
2015-04-30 14:03:17,0.059131688117302
2015-04-30 15:02:05,0.00083993875166623
2015-04-30 19:00:01,0.0058795712616636
2015-05-02 12:01:33,0.00041996937583311
2015-05-02 14:02:28,0.00046196631341643
2015-05-03 17:02:01,0.00096592956441616
2015-05-04 17:02:57,0.0010499234395828
2015-05-05 10:28:02,0.00041996937583311
2015-05-05 17:02:54,0.00050396325099974
2015-05-06 17:02:48,0.0003779724382498
2015-05-06 19:00:50,0.023770266672154
2015-05-07 07:06:32,0.017722707660157
2015-05-07 17:02:57,0.00025198162549987
2015-05-08 17:03:05,0.00046196631341643
2015-05-08 19:00:00,0.00033597550066649
2015-05-09 17:13:01,0.00067195100133298
2015-05-10 17:01:30,0.00083993875166623
2015-05-11 19:00:01,0.0018058683160824
2015-05-12 09:57:44,0.00016798775033325
2015-05-12 17:02:28,0.00062995406374967
2015-05-13 17:03:04,0.0010079265019995
2015-05-13 19:00:01,0.0314557062499
2015-05-14 17:02:47,0.00041996937583311
2015-05-16 09:00:03,0.0312037246244
2015-05-18 14:03:06,0.00071394793891629
2015-05-18 17:00:02,0.00041996937583311
2015-05-19 19:02:32,0.00025198162549987
2015-05-20 08:01:41,0.00029397856308318
2015-05-20 17:02:36,0.0025198162549987
2015-05-21 17:02:58,0.00083993875166623
2015-05-22 12:46:12,0.045986646653726
2015-05-22 17:03:41,0.00062995406374967
2015-05-23 15:00:02,0.00020998468791656
2015-05-23 17:00:01,0.00025198162549987
2015-05-24 17:00:01,0.0003779724382498
2015-05-25 17:00:00,0.00079794181408292
2015-05-25 19:02:53,0.00058795712616636
2015-05-26 13:49:40,0.00075594487649961
2015-05-26 17:02:43,0.00025198162549987
2015-05-27 19:00:03,0.0023938254422488
2015-05-28 17:01:06,0.00083993875166623
2015-05-29 17:02:29,0.0011339173147494
2015-06-03 17:00:00,0.0013858989402493
2015-06-04 19:02:45,0.00046196631341643
2015-06-05 14:00:01,0.00071394793891629
2015-06-06 17:02:44,0.00054596018858305
2015-06-08 14:00:01,0.00058795712616636
2015-06-08 16:00:00,0.0010499234395828
2015-06-08 18:00:00,0.00088193568924954
2015-06-09 08:00:01,0.0003779724382498
2015-06-09 12:00:01,0.00058795712616636
2015-06-09 12:40:05,0.00029397856308318
2015-06-09 15:00:01,0.00071394793891629
2015-06-10 17:02:00,0.00016798775033325
2015-06-11 17:03:07,0.001217911189916
2015-06-12 17:00:01,0.0025198162549987
2015-06-16 14:02:56,0.00020998468791656
2015-06-16 17:00:01,0.00020998468791656
2015-06-17 17:03:26,0.00041996937583311
2015-06-18 15:16:16,0.0020998468791656
2015-06-18 17:00:01,0.0003779724382498
2015-06-21 14:02:25,0.00054596018858305
2015-06-24 11:50:01,0.0011759142523327
2015-06-24 17:05:53,0.0011339173147494
2015-06-25 12:45:00,0.00092393262683285
2015-06-25 15:15:00,0.00054596018858305
2015-06-26 09:45:00,0.0010079265019995
2015-06-26 19:03:13,0.00020998468791656
2015-06-27 19:00:02,0.00071394793891629
2015-06-28 19:00:02,0.016924765846075
2015-06-29 17:02:19,0.00029397856308318
2015-06-30 12:59:26,0.00054596018858305
2015-07-02 19:00:01,0.016042830156825
2015-07-03 17:00:00,0.0003779724382498
2015-07-05 19:00:02,0.016210817907158
2015-07-06 17:30:00,0.0045356692589976
2015-07-07 17:03:00,0.00033597550066649
2015-07-07 19:00:03,0.0062575436999134
2015-07-08 18:00:01,0.0042836876334978
2015-07-09 17:05:00,0.0003779724382498
2015-07-09 19:00:01,0.014614934278992
2015-07-10 09:00:00,0.0032757611314983
2015-07-10 19:00:04,0.019612569851406
2015-07-12 18:00:01,0.054638015795888
2015-07-12 19:00:09,0.021124459604406
2015-07-14 11:44:31,0.00050396325099974
2015-07-14 15:00:01,0.0088193568924954
2015-07-15 14:06:18,0.0041996937583311
2015-07-15 19:00:02,0.026584061490236
2015-07-16 19:00:02,0.010961200709244
2015-07-18 12:01:55,0.00041996937583311
2015-07-18 19:00:18,0.022678346294988
2015-07-19 09:00:01,0.047120563968475
2015-07-19 19:00:02,0.016840771970908
2015-07-22 09:00:00,0.035529409195481
2015-07-22 19:00:01,0.037251283636397
2015-07-23 19:02:00,0.0014278958778326
2015-07-24 12:00:01,0.0020578499415823
2015-07-24 19:00:02,0.034521482693482
2015-07-25 19:00:03,0.011339173147494
2015-07-26 08:00:02,0.03792323463773
2015-07-28 08:00:01,0.0094493109562451
2015-07-28 19:00:02,0.0093653170810784
2015-07-29 09:00:01,0.022342370794322
2015-07-29 11:36:18,0.0023098315670821
2015-07-30 13:50:38,0.0039477121328313
2015-07-30 19:00:00,0.00016798775033325
2015-07-31 19:00:01,0.0036537335697481
2015-08-01 12:01:52,0.00050396325099974
2015-08-02 19:00:02,0.054218046420055
2015-08-04 15:03:08,0.00041996937583311
2015-08-04 19:00:00,0.0052916141354972
2015-08-04 19:03:39,0.00041996937583311
2015-08-05 19:04:13,0.00050396325099974
2015-08-06 19:03:28,0.0010499234395828
2015-08-07 12:02:40,0.0023518285046654
2015-08-07 19:02:57,0.00058795712616636
2015-08-08 16:02:55,0.00096592956441616
2015-08-09 19:02:18,0.00067195100133298
2015-08-12 12:00:01,0.00054596018858305
2015-08-12 19:04:14,0.00092393262683285
2015-08-13 19:04:20,0.00058795712616636
2015-08-14 13:15:53,0.0010079265019995
2015-08-14 19:03:59,0.00083993875166623
2015-08-19 12:00:00,0.0013019050650827
2015-08-20 19:00:01,0.00050396325099974
2015-08-21 19:02:50,0.0019738560664156
2015-08-22 14:02:34,0.0010919203771661
2015-08-23 16:02:30,0.00083993875166623
2015-08-24 19:03:44,0.0010079265019995
2015-08-26 12:00:00,0.00062995406374967
2015-08-27 12:30:50,0.00062995406374967
2015-08-28 19:00:00,0.001343902002666
2015-08-31 12:20:22,0.039099148890063
2015-08-31 14:00:31,0.001217911189916
2015-08-31 19:00:01,0.0013858989402493
2015-09-01 09:01:53,0.23938254422488
2015-09-01 14:07:54,0.00075594487649961
2015-09-01 19:01:48,0.0017218744409158
2015-09-02 10:00:03,0.019738560664156
2015-09-04 15:00:01,0.0029817825684151
2015-09-06 19:00:01,0.0077274365153293
2015-09-07 09:02:30,0.2285053373908
2015-09-09 19:03:41,0.0016798775033325
2015-09-10 08:02:28,0.32354440714183
2015-09-10 19:00:00,0.0040737029455812
2015-09-11 19:03:03,0.0010079265019995
2015-09-12 12:02:14,0.00058795712616636
2015-09-13 14:02:53,0.0015118897529992
2015-09-13 19:00:02,0.0012599081274993
2015-09-14 15:00:39,0.0037377274449147
2015-09-15 08:09:01,0.0010079265019995
2015-09-15 19:00:02,0.0015538866905825
2015-09-15 19:00:02,0.019486579038657
2015-09-17 10:44:03,0.0040737029455812
2015-09-17 19:00:00,0.0071814763267463
2015-09-19 19:00:04,0.0055015988234138
2015-09-20 19:00:01,0.0030657764435817
2015-09-21 10:25:50,0.0012599081274993
2015-09-21 14:00:00,0.00046196631341643
2015-09-22 17:30:00,0.010919203771661
2015-09-22 19:00:01,0.00050396325099974
2015-09-24 08:02:17,0.0022258376919155
2015-09-24 08:04:14,0.00062995406374967
2015-09-24 14:03:55,0.00062995406374967
2015-09-24 19:00:01,0.00096592956441616
2015-09-25 14:04:03,0.00033597550066649
2015-09-25 19:00:02,0.0038637182576647
2015-09-25 19:00:02,0.00062995406374967
2015-09-27 19:00:15,0.0023098315670821
2015-09-28 15:00:02,0.17227143796674
2015-09-29 19:00:05,0.0010079265019995
2015-09-30 13:00:04,0.00088193568924954
2015-09-30 19:00:02,0.00062995406374967
2015-09-30 19:00:03,0.0023938254422488
2015-10-01 11:00:01,0.00050396325099974
2015-10-01 19:00:00,0.0020578499415823
2015-10-03 12:16:05,0.00071394793891629
2015-10-04 19:00:00,0.0077694334529126
2015-10-05 19:00:02,0.00075594487649961
2015-10-06 14:00:01,0.0022258376919155
2015-10-06 19:00:01,0.0010079265019995
2015-10-07 15:36:35,0.0020158530039989
2015-10-07 19:00:04,0.0019318591288323
2015-10-08 12:29:55,0.00033597550066649
2015-10-08 14:03:22,0.0010919203771661
2015-10-08 19:01:16,0.00079794181408292
2015-10-09 08:45:03,0.00041996937583311
2015-10-09 14:00:06,0.003107773381165
2015-10-09 19:00:04,0.00088193568924954
2015-10-10 12:49:02,0.00071394793891629
2015-10-11 19:00:01,0.00062995406374967
2015-10-12 14:00:05,0.00046196631341643
2015-10-12 19:00:01,0.00046196631341643
2015-10-13 08:00:03,0.00050396325099974
2015-10-13 10:48:07,0.0024778193174154
2015-10-14 08:05:02,0.00041996937583311
2015-10-14 11:06:02,0.00033597550066649
2015-10-14 19:00:00,0.00041996937583311
2015-10-15 08:37:40,0.00033597550066649
2015-10-15 19:00:03,0.00067195100133298
2015-10-17 09:00:02,0.0045776661965809
2015-10-17 12:00:02,0.015622860780992
2015-10-18 19:00:01,0.00033597550066649
2015-10-19 14:00:02,0.00033597550066649
2015-10-19 19:00:03,0.0031917672563317
2015-10-20 09:30:04,0.00062995406374967
2015-10-20 12:23:50,0.028221942055985
2015-10-21 14:52:32,0.074040600959378
2015-10-21 19:00:00,0.039099148890063
2015-10-22 11:03:41,0.00079794181408292
2015-10-22 12:00:00,0.005123626385164
2015-10-22 19:00:03,0.00071394793891629
2015-10-23 08:00:01,0.00033597550066649
2015-10-23 17:18:05,0.00088193568924954
2015-10-23 19:00:03,0.00071394793891629
2015-10-24 12:00:03,0.067741060321881
2015-10-25 19:00:03,0.0003779724382498
2015-10-25 19:50:00,0.004451675383831
2015-10-26 20:00:01,0.013481016964243
2015-10-27 08:15:35,0.00041996937583311
2015-10-27 13:00:01,0.08256597928879
2015-10-27 15:00:01,0.0041156998831645
2015-10-28 20:00:01,0.0049136416972474
2015-10-29 09:00:03,0.00033597550066649
2015-10-29 15:00:01,0.0048716447596641
2015-10-30 12:12:52,0.0010079265019995
2015-10-30 15:00:00,0.0010499234395828
2015-10-31 10:00:02,0.00029397856308318
2015-11-01 05:10:15,0.00096592956441616
2015-11-01 11:00:01,8.3993875166623E-5
2015-11-02 07:00:01,0.00096592956441616
2015-11-02 11:00:01,0.00033597550066649
2015-11-03 07:00:01,0.00033597550066649
2015-11-03 11:00:06,0.00033597550066649
2015-11-03 13:32:58,0.00050396325099974
2015-11-03 15:00:07,0.00062995406374967
2015-11-04 11:55:55,0.00054596018858305
2015-11-04 15:37:31,0.00071394793891629
2015-11-04 20:00:04,0.00079794181408292
2015-11-05 14:53:01,0.00050396325099974
2015-11-05 17:00:04,0.00067195100133298
2015-11-05 20:00:03,0.00054596018858305
2015-11-05 22:00:02,0.00020998468791656
2015-11-09 20:00:01,0.00033597550066649
2015-11-11 11:00:02,0.0010499234395828
2015-11-11 20:00:11,0.0016798775033325
2015-11-12 14:00:03,0.0010919203771661
2015-11-12 15:00:02,0.00041996937583311
2015-11-12 19:58:19,0.0016378805657491
2015-11-13 20:00:03,0.00029397856308318
2015-11-17 20:00:00,0.00067195100133298
2015-11-18 15:20:17,0.001217911189916
2015-11-19 13:00:02,0.00025198162549987
2015-11-20 10:00:00,0.0013858989402493
2015-11-21 10:30:02,0.0003779724382498
2015-11-23 20:00:01,0.0017638713784991
2015-11-25 20:00:04,0.00079794181408292
2015-11-26 10:00:01,0.00025198162549987
2015-11-26 15:00:05,0.00083993875166623
2015-11-26 20:00:01,0.001889862191249
2015-11-27 11:03:20,0.00088193568924954
2015-11-27 11:13:00,0.0015118897529992
2015-11-27 15:00:04,0.0015958836281658
2015-11-27 15:01:27,0.00050396325099974
2015-11-28 14:21:01,0.00050396325099974
2015-11-28 15:00:26,0.00058795712616636
2015-11-30 17:15:06,0.00096592956441616
2015-11-30 20:00:53,0.00054596018858305
2015-12-01 20:00:03,0.00046196631341643
2015-12-02 15:00:03,0.00041996937583311
2015-12-02 20:00:01,0.00067195100133298
2015-12-03 13:00:02,0.00020998468791656
2015-12-04 20:00:04,0.00016798775033325
2015-12-05 10:00:02,0.00075594487649961
2015-12-05 20:00:03,0.0014278958778326
2015-12-08 20:00:05,0.0018058683160824
2015-12-09 20:00:02,0.00025198162549987
2015-12-10 13:00:01,0.00020998468791656
2015-12-10 20:00:01,0.00029397856308318
2015-12-10 20:00:02,0.0021838407543322
2015-12-11 20:17:39,0.00033597550066649
2015-12-12 10:00:01,0.00012599081274993
2015-12-12 11:00:03,0.00012599081274993
2015-12-12 20:00:01,0.0010499234395828
2015-12-13 11:01:01,0.00025198162549987
2015-12-14 15:00:01,0.004451675383831
2015-12-15 13:00:01,0.00016798775033325
2015-12-15 20:00:00,0.0021838407543322
2015-12-16 10:09:02,0.0010919203771661
2015-12-16 16:30:11,0.0045356692589976
2015-12-16 20:00:02,0.0053756080106639
2015-12-16 22:00:03,0.0014698928154159
2015-12-17 06:00:01,0.23787065447188
2015-12-17 13:00:00,0.017680710722574
2015-12-17 20:00:04,0.00092393262683285
2015-12-18 13:31:13,0.17264941040499
2015-12-19 10:00:01,0.00025198162549987
2015-12-19 13:00:01,0.00071394793891629
2015-12-20 13:00:02,0.043466830398727
2015-12-21 16:30:02,0.0040737029455812
2015-12-22 16:31:06,0.0054596018858305
2015-12-22 17:17:47,0.011465163960244
2015-12-23 20:00:01,0.0075594487649961
2015-12-23 20:00:06,0.0025198162549987
2015-12-25 13:00:01,0.18109079485924
2015-12-31 13:00:02,0.16626587589233
2015-12-31 14:05:00,0.0014278958778326
2016-01-04 15:00:01,0.16962563089899
2016-01-07 15:56:07,0.15316283136634
2016-01-08 13:00:00,0.039267136640396
2016-01-08 16:01:55,0.00092393262683285
2016-01-11 15:00:08,0.0022678346294988
2016-01-13 13:00:02,0.00083993875166623
2016-01-14 13:00:02,0.21813209380772
2016-01-14 20:00:00,0.039855093766563
2016-01-15 15:00:06,0.0003779724382498
2016-01-16 13:00:05,0.0015118897529992
2016-01-18 11:06:24,0.00062995406374967
2016-01-18 20:00:04,0.0003779724382498
2016-01-19 10:42:59,0.0033597550066649
2016-01-19 15:00:05,0.0081474058911624
2016-01-20 20:00:03,0.0010079265019995
2016-01-21 15:00:05,0.00012599081274993
2016-01-21 20:00:01,0.0010499234395828
2016-01-22 13:00:01,0.14900513454559
2016-01-22 19:00:03,0.00062995406374967
2016-01-23 10:00:00,0.0038637182576647
2016-01-23 10:00:03,0.0003779724382498
2016-01-24 13:00:01,0.061105544183718
2016-01-26 19:00:05,0.00088193568924954
2016-01-27 13:00:01,0.02599610436407
2016-01-28 12:59:19,0.0097432895193283
2016-01-28 15:00:00,0.00046196631341643
2016-01-29 13:00:01,0.02536615030032
2016-01-29 19:00:03,0.0034437488818315
2016-01-31 20:00:01,0.29683435483885
2016-02-02 15:00:03,0.00041996937583311
2016-02-04 15:00:02,0.00054596018858305
2016-02-06 20:00:00,0.17554719909824
2016-02-08 15:30:02,0.00083993875166623
2016-02-09 15:00:02,0.00025198162549987
2016-02-10 19:00:02,0.00033597550066649
2016-02-12 13:00:02,0.0088193568924954
2016-02-12 19:00:01,0.043592821211477
2016-02-13 10:00:01,0.00083993875166623
2016-02-14 15:00:17,0.00075594487649961
2016-02-15 13:00:00,0.0060895559495802
2016-02-15 19:00:02,0.00050396325099974
2016-02-16 09:25:39,0.00062995406374967
2016-02-16 15:00:03,0.00016798775033325
2016-02-17 09:00:02,0.00054596018858305
2016-02-18 15:00:06,0.041156998831645
2016-02-19 13:00:01,0.009575301768995
2016-02-23 13:27:42,0.0073494640770795
2016-02-23 14:48:21,0.010247252770328
2016-02-26 14:03:20,0.00058795712616636
2016-02-26 17:00:00,0.00050396325099974
2016-02-27 10:00:02,0.00058795712616636
2016-02-27 17:00:01,0.017344735221908
2016-02-29 13:00:01,0.047666524157058
2016-02-29 21:00:23,0.00020998468791656
2016-03-01 09:00:01,0.0015118897529992
2016-03-01 10:00:00,0.040947014143729
2016-03-01 19:00:01,0.00067195100133298
2016-03-02 09:00:01,0.00075594487649961
2016-03-02 13:00:00,0.0013019050650827
2016-03-03 16:03:02,0.043046861022894
2016-03-03 19:00:17,0.00050396325099974
2016-03-04 11:00:01,0.00054596018858305
2016-03-04 13:01:46,0.00075594487649961
2016-03-04 15:00:02,0.059215681992469
2016-03-05 14:00:01,0.00054596018858305
2016-03-06 11:00:01,0.00075594487649961
2016-03-07 13:00:02,0.058123761615303
2016-03-07 15:14:35,0.011549157835411
2016-03-09 14:00:01,0.041408980457145
2016-03-09 19:00:01,0.0022258376919155
2016-03-11 19:00:00,0.017890695410491
2016-03-13 19:00:00,0.0050816294475807
2016-03-14 19:00:01,0.00096592956441616
2016-03-17 15:00:05,0.0016378805657491
2016-03-21 19:00:08,0.00050396325099974
2016-03-25 13:00:00,0.003107773381165
2016-03-25 19:00:02,0.0022678346294988
2016-03-27 13:00:04,0.0080634120159958
2016-03-29 08:24:59,0.00041996937583311
2016-03-30 18:00:01,0.00062995406374967
2016-03-31 18:00:01,0.00075594487649961
2016-04-01 11:00:27,0.00062995406374967
2016-04-02 18:00:01,0.00050396325099974
2016-04-04 18:00:03,0.00096592956441616
2016-04-05 11:34:02,0.0045356692589976
2016-04-05 13:37:12,0.003233764193915
2016-04-06 09:12:34,0.0010079265019995
2016-04-06 13:26:26,0.0015958836281658
2016-04-07 14:00:02,0.08281796091429
2016-04-08 09:49:05,0.00054596018858305
2016-04-08 18:00:03,0.00092393262683285
2016-04-09 09:00:00,0.00062995406374967
2016-04-11 14:00:08,0.0015118897529992
2016-04-11 18:00:01,0.00041996937583311
2016-04-12 12:10:01,0.00012599081274993
2016-04-12 18:00:00,0.098020852319449
2016-04-13 11:59:42,0.00029397856308318
2016-04-13 18:00:00,0.0013858989402493
2016-04-14 08:15:31,0.00029397856308318
2016-04-14 10:43:39,0.00025198162549987
2016-04-14 15:30:02,0.00020998468791656
2016-04-14 18:00:03,0.0010919203771661
2016-04-15 12:00:00,0.003107773381165
2016-04-15 18:00:01,0.0028137948180819
2016-04-16 09:00:01,0.00046196631341643
2016-04-16 18:00:01,0.035067442882065
2016-04-17 14:00:00,0.0058795712616636
2016-04-17 18:00:01,0.009029341580412
