2009-04-03,937
2009-04-04,942
2009-04-05,1281
2009-04-06,968
2009-04-07,1107
2009-04-08,776
2009-04-09,662
2009-04-10,386
2009-04-11,954
2009-04-12,737
2009-04-13,507
2009-04-14,1014
2009-04-15,639
2009-04-16,686
2009-04-17,643
2009-04-18,643
2009-04-19,656
2009-04-20,699
2009-04-21,726
2009-04-22,1395
2009-04-23,1198
2009-04-24,777
2009-04-25,717
2009-04-27,1099
2009-05-01,1623
2009-05-02,684
2009-05-03,760
2009-05-04,743
2009-05-06,-606
2009-05-08,973
2009-05-10,596
2009-05-11,938
2009-05-12,717
2009-05-13,769
2009-05-14,2529
2009-05-15,-1141
2009-05-16,874
2009-05-17,579
2009-05-18,709
2009-05-19,700
2009-05-20,707
2009-05-21,700
2009-05-22,728
2009-05-23,659
2009-05-24,651
2009-05-25,1093
2009-05-26,3805
2009-05-27,-2552
2009-05-28,1595
2009-05-29,-298
2009-05-30,730
2009-05-31,721
2009-06-01,835
2009-06-02,730
2009-06-03,741
2009-06-04,800
2009-06-05,-1251
2009-06-06,2551
2009-06-07,872
2009-06-08,599
2009-06-09,851
2009-06-10,681
2009-06-11,633
2009-06-12,693
2009-06-13,741
2009-06-14,934
2009-06-15,1032
2009-06-16,690
2009-06-17,685
2009-06-18,668
2009-06-19,832
2009-06-20,588
2009-06-21,663
2009-06-22,550
2009-06-23,641
2009-06-24,525
2009-06-25,10318
2009-06-26,-8916
2009-06-27,647
2009-06-28,663
2009-06-29,839
2009-06-30,770
2009-07-01,603
2009-07-02,764
2009-07-03,607
2009-07-04,703
2009-07-05,756
2009-07-06,645
2009-07-07,760
2009-07-08,496
2009-07-09,708
2009-07-10,701
2009-07-11,565
2009-07-12,692
2009-07-13,683
2009-07-14,774
2009-07-15,637
2009-07-16,566
2009-07-17,576
2009-07-18,662
2009-07-19,859
2009-07-20,651
2009-07-21,664
2009-07-22,801
2009-07-23,712
2009-07-24,-142881
2009-07-25,144245
2009-07-26,636
2009-07-27,667
2009-07-28,737
2009-07-29,685
2009-07-30,810
2009-07-31,781
2009-08-01,759
2009-08-02,684
2009-08-03,718
2009-08-04,772
2009-08-05,771
2009-08-06,813
2009-08-07,771
2009-08-08,781
2009-08-09,722
2009-08-10,670
2009-08-11,632
2009-08-12,836
2009-08-13,736
2009-08-14,741
2009-08-15,934
2009-08-16,765
2009-08-17,710
2009-08-18,763
2009-08-19,628
2009-08-20,725
2009-08-21,875
2009-08-22,598
2009-08-23,736
2009-08-24,763
2009-08-25,725
2009-08-26,817
2009-08-27,790
2009-08-28,656
2009-08-29,667
2009-08-30,822
2009-08-31,793
2009-09-01,878
2009-09-02,831
2009-09-03,772
2009-09-04,836
2009-09-05,900
2009-09-06,648
2009-09-07,893
2009-09-08,291
2009-09-09,300
2009-09-10,1386
2009-09-11,888
2009-09-12,989
2009-09-13,827
2009-09-14,517
2009-09-15,864
2009-09-16,953
2009-09-17,971
2009-09-18,976
2009-09-19,509
2009-09-20,877
2009-09-21,911
2009-09-22,871
2009-09-23,634
2009-09-24,666
2009-09-25,871
2009-09-26,562
2009-09-27,1140
2009-09-28,702
2009-09-29,832
2009-09-30,923
2009-10-01,691
2009-10-02,1002
2009-10-03,666
2009-10-04,649
2009-10-05,817
2009-10-06,1196
2009-10-07,590
2009-10-08,835
2009-10-09,665
2009-10-10,849
2009-10-11,746
2009-10-12,862
2009-10-13,860
2009-10-14,1100
2009-10-15,716
2009-10-16,485
2009-10-17,726
2009-10-18,590
2009-10-19,-705
2009-10-20,2556
2009-10-22,1354
2009-10-23,519
2009-10-24,17
2009-10-25,967
2009-10-26,554
2009-10-27,939
2009-10-29,-249
2009-10-30,1146
2009-10-31,599
2009-11-01,1113
2009-11-02,595
2009-11-03,980
2009-11-04,400
2009-11-05,1563
2009-11-06,1385
2009-11-07,794
2009-11-08,590
2009-11-09,292
2009-11-10,1409
2009-11-11,528
2009-11-12,969
2009-11-13,626
2009-11-14,758
2009-11-15,688
2009-11-16,668
2009-11-17,888
2009-11-18,916
2009-11-21,1140
2009-11-22,1072
2009-11-23,1148
2009-11-24,968
2009-11-25,863
2009-11-26,731
2009-11-27,867
2009-11-28,964
2009-11-29,626
2009-11-30,873
2009-12-01,665
2009-12-02,1009
2009-12-03,756
2009-12-04,966
2009-12-05,962
2009-12-06,978
2009-12-07,1172
2009-12-08,1200
2009-12-10,979
2009-12-11,2080
2009-12-12,903
2009-12-13,1133
2009-12-14,898
2009-12-15,1095
2009-12-16,1302
2009-12-17,1000
2009-12-18,1329
2009-12-19,1299
2009-12-20,1267
2009-12-21,1636
2009-12-22,1387
2009-12-23,1156
2009-12-24,969
2009-12-25,1394
2009-12-26,1487
2009-12-27,1209
2009-12-29,2147
2009-12-30,1508
2009-12-31,-2130
2010-01-01,4095
2010-01-02,1055
2010-01-03,1027
2010-01-04,1422
2010-01-05,1233
2010-01-06,1182
2010-01-07,1409
2010-01-08,1701
2010-01-09,1774
2010-01-10,1352
2010-01-11,1582
2010-01-12,1497
2010-01-13,1563
2010-01-14,1682
2010-01-15,1391
2010-01-16,1504
2010-01-17,1612
2010-01-18,1376
2010-01-19,1433
2010-01-20,1067
2010-01-21,1585
2010-01-22,989
2010-01-23,1430
2010-01-24,2214
2010-01-25,1707
2010-01-26,1114
2010-01-27,1746
2010-01-28,1522
2010-01-29,1487
2010-01-31,2307
2010-02-01,2269
2010-02-02,1274
2010-02-03,1627
2010-02-04,-708
2010-02-05,3557
2010-02-06,2425
2010-02-07,2071
2010-02-08,-702
2010-02-09,1512
2010-02-10,2860
2010-02-11,529
2010-02-12,1815
2010-02-13,1577
2010-02-14,1838
2010-02-15,1551
2010-02-16,1709
2010-02-17,1217
2010-02-18,5038
2010-02-19,1682
2010-02-20,1518
2010-02-21,1661
2010-02-22,1522
2010-02-23,1703
2010-02-24,1434
2010-02-25,1903
2010-02-26,1260
2010-02-27,1290
2010-02-28,2280
2010-03-01,857
2010-03-02,1368
2010-03-03,729
2010-03-04,2573
2010-03-05,1556
2010-03-06,1984
2010-03-07,1891
2010-03-08,1526
2010-03-09,1373
2010-03-10,1336
2010-03-11,2612
2010-03-12,1415
2010-03-13,1878
2010-03-14,1711
2010-03-15,1629
2010-03-16,1172
2010-03-17,1900
2010-03-18,1847
2010-03-19,1723
2010-03-20,1792
2010-03-21,1358
2010-03-22,1589
2010-03-23,1932
2010-03-24,1807
2010-03-25,1816
2010-03-26,1934
2010-03-27,1287
2010-03-28,2101
2010-03-29,1724
2010-03-30,-471
2010-03-31,1455
2010-04-01,4234
2010-04-02,1224
2010-04-03,2184
2010-04-04,1661
2010-04-05,1869
2010-04-06,2032
2010-04-07,1618
2010-04-08,1017
2010-04-09,2099
2010-04-10,288
2010-04-11,1381
2010-04-12,2100
2010-04-13,2246
2010-04-14,289
2010-04-15,1680
2010-04-16,1800
2010-04-17,1780
2010-04-18,2930
2010-04-19,2024
2010-04-20,1767
2010-04-21,1756
2010-04-22,1641
2010-04-23,1684
2010-04-24,1690
2010-04-25,-2490
2010-04-26,1725
2010-04-27,1567
2010-04-28,9653
2010-04-29,-6345
2010-04-30,1543
2010-05-01,1388
2010-05-02,8979
2010-05-03,1631
2010-05-04,1423
2010-05-05,1559
2010-05-06,1540
2010-05-07,1652
2010-05-08,1583
2010-05-09,-5125
2010-05-10,1600
2010-05-11,1319
2010-05-12,1165
2010-05-13,1116
2010-05-14,1302
2010-05-15,-2625
2010-05-16,1007
2010-05-17,1330
2010-05-18,1711
2010-05-19,1749
2010-05-20,2511
2010-05-21,1278
2010-05-22,1074
2010-05-23,1957
2010-05-24,1472
2010-05-25,1116
2010-05-26,1256
2010-05-27,1174
2010-05-28,1082
2010-05-29,964
2010-05-30,3516
2010-05-31,908
2010-06-01,977
2010-06-02,916
2010-06-03,941
2010-06-04,1076
2010-06-05,1176
2010-06-06,946
2010-06-07,1394
2010-06-08,2075
2010-06-09,3927
2010-06-10,518
2010-06-11,774
2010-06-12,0
2010-06-13,29409
2010-06-14,31764
2010-06-15,31777
2010-06-16,30023
2010-06-17,3647
2010-06-18,2406
2010-06-19,2759
2010-06-20,2363
2010-06-21,2585
2010-06-22,11661
2010-06-23,3013
2010-06-24,0
2010-06-25,25619
2010-06-26,9162
2010-06-27,9157
2010-06-28,10677
2010-06-29,10205
2010-06-30,15134
2010-07-01,11475
2010-07-02,18553
2010-07-03,20793
2010-07-04,20464
2010-07-05,25015
2010-07-06,25260
2010-07-07,21979
2010-07-08,21542
2010-07-09,8244
2010-07-10,2905
2010-07-11,2234
2010-07-12,2562
2010-07-13,2689
2010-07-14,2598
2010-07-15,24445
2010-07-16,7353
2010-07-17,13654
2010-07-18,17695
2010-07-19,18018
2010-07-20,16837
2010-07-21,13874
2010-07-22,14037
2010-07-23,15284
2010-07-24,14533
2010-07-25,14553
2010-07-26,12739
2010-07-27,12350
2010-07-28,13673
2010-07-29,14058
2010-07-30,14257
2010-07-31,12639
2010-08-01,10725
2010-08-02,15776
2010-08-03,25814
2010-08-04,15452
2010-08-05,9564
2010-08-06,14213
2010-08-07,12136
2010-08-08,12955
2010-08-09,11438
2010-08-10,13316
2010-08-11,21076
2010-08-12,12653
2010-08-13,12621
2010-08-14,19209
2010-08-15,20002
2010-08-16,20971
2010-08-17,7093
2010-08-18,6251
2010-08-19,6526
2010-08-20,6057
2010-08-21,5221
2010-08-22,6371
2010-08-23,6189
2010-08-24,5720
2010-08-25,6780
2010-08-26,4341
2010-08-27,4565
2010-08-28,6330
2010-08-29,6853
2010-08-30,7228
2010-08-31,6997
2010-09-01,6964
2010-09-02,6568
2010-09-03,6181
2010-09-04,6622
2010-09-05,6265
2010-09-06,5665
2010-09-07,5809
2010-09-08,5679
2010-09-09,5093
2010-09-10,8202
2010-09-11,25926
2010-09-12,23909
2010-09-13,15972
2010-09-14,13788
2010-09-15,10669
2010-09-16,10216
2010-09-17,6111
2010-09-18,10258
2010-09-19,7417
2010-09-20,6737
2010-09-21,6243
2010-09-22,9408
2010-09-23,8204
2010-09-24,19695
2010-09-25,23460
2010-09-26,22047
2010-09-27,18972
2010-09-28,18735
2010-09-29,18117
2010-09-30,18544
2010-10-01,19653
2010-10-02,19473
2010-10-03,19838
2010-10-04,18786
2010-10-05,24176
2010-10-06,33989
2010-10-07,29026
2010-10-08,26760
2010-10-09,30107
2010-10-10,30264
2010-10-11,25802
2010-10-12,35183
2010-10-13,35534
2010-10-14,34251
2010-10-15,32314
2010-10-16,33548
2010-10-17,31930
2010-10-18,32904
2010-10-19,23837
2010-10-20,21224
2010-10-21,18302
2010-10-22,18467
2010-10-23,23334
2010-10-24,23791
2010-10-25,23288
2010-10-26,24923
2010-10-27,27265
2010-10-28,27777
2010-10-29,30055
2010-10-30,30889
2010-10-31,30877
2010-11-01,28149
2010-11-02,25212
2010-11-03,26919
2010-11-04,25720
2010-11-05,21535
2010-11-06,22546
2010-11-07,22371
2010-11-08,20507
2010-11-09,22777
2010-11-10,22236
2010-11-11,40847
2010-11-12,33895
2010-11-13,35030
2010-11-14,44730
2010-11-15,51095
2010-11-16,56303
2010-11-17,68320
2010-11-18,31911
2010-11-19,34252
2010-11-20,40987
2010-11-21,40814
2010-11-22,34853
2010-11-23,27789
2010-11-24,24857
2010-11-25,23143
2010-11-26,20600
2010-11-27,18553
2010-11-28,15838
2010-11-29,14347
2010-11-30,17551
2010-12-01,20756
2010-12-02,26748
2010-12-03,27592
2010-12-04,28981
2010-12-05,20906
2010-12-06,17576
2010-12-07,16985
2010-12-08,11366
2010-12-09,9985
2010-12-10,8478
2010-12-11,11942
2010-12-12,13450
2010-12-13,13526
2010-12-14,11474
2010-12-15,14630
2010-12-16,12499
2010-12-17,10591
2010-12-18,11724
2010-12-19,9718
2010-12-20,9986
2010-12-21,7962
2010-12-22,5641
2010-12-23,6427
2010-12-24,8724
2010-12-25,8269
2010-12-26,8883
2010-12-27,10255
2010-12-28,13265
2010-12-29,15158
2010-12-30,10085
2010-12-31,8971
2011-01-01,7944
2011-01-02,8963
2011-01-03,9597
2011-01-04,8070
2011-01-05,8816
2011-01-06,8886
2011-01-07,8764
2011-01-08,7536
2011-01-09,6762
2011-01-10,5905
2011-01-11,5878
2011-01-12,4928
2011-01-13,6762
2011-01-14,6717
2011-01-15,8280
2011-01-16,7652
2011-01-17,7692
2011-01-18,7654
2011-01-19,6176
2011-01-20,6229
2011-01-21,5461
2011-01-22,5795
2011-01-23,6050
2011-01-24,8016
2011-01-25,14338
2011-01-26,3525
2011-01-27,4910
2011-01-28,3325
2011-01-29,3296
2011-01-30,2563
2011-01-31,2062
2011-02-01,3283
2011-02-02,4961
2011-02-03,4221
2011-02-04,4626
2011-02-05,5471
2011-02-06,5169
2011-02-07,4386
2011-02-08,6255
2011-02-09,4546
2011-02-10,3931
2011-02-11,4692
2011-02-12,5227
2011-02-13,4993
2011-02-14,3735
2011-02-15,4923
2011-02-16,3894
2011-02-17,3789
2011-02-18,5657
2011-02-19,5299
2011-02-20,4709
2011-02-21,4172
2011-02-22,4254
2011-02-23,3905
2011-02-24,4382
2011-02-25,5118
2011-02-26,6167
2011-02-27,4979
2011-02-28,4844
2011-03-01,5590
2011-03-02,5383
2011-03-03,7708
2011-03-04,8015
2011-03-05,5122
2011-03-06,4483
2011-03-07,4701
2011-03-08,5235
2011-03-09,7872
2011-03-10,6158
2011-03-11,5205
2011-03-12,5289
2011-03-13,3844
2011-03-14,4476
2011-03-15,5636
2011-03-16,14821
2011-03-17,47991
2011-03-18,46632
2011-03-19,49342
2011-03-20,37763
2011-03-21,32324
2011-03-22,19098
2011-03-23,18508
2011-03-24,16446
2011-03-25,11015
2011-03-26,1139
2011-03-27,1772
2011-03-28,1320
2011-03-29,-164
2011-03-30,1192
2011-03-31,2523
2011-04-01,12537
2011-04-02,16848
2011-04-03,17221
2011-04-04,13571
2011-04-05,12954
2011-04-06,8584
2011-04-07,8882
2011-04-08,6905
2011-04-09,7271
2011-04-10,7032
2011-04-11,9207
2011-04-12,14278
2011-04-13,19716
2011-04-14,17989
2011-04-15,14737
2011-04-16,13658
2011-04-17,12321
2011-04-18,12224
2011-04-19,11242
2011-04-20,11316
2011-04-21,10951
2011-04-22,17609
2011-04-23,15883
2011-04-24,27016
2011-04-25,20414
2011-04-26,18407
2011-04-27,6763
2011-04-28,17800
2011-04-29,18372
2011-04-30,15385
2011-05-01,11231
2011-05-02,11949
2011-05-03,11606
2011-05-04,9460
2011-05-05,9845
2011-05-06,9798
2011-05-07,9094
2011-05-08,7208
2011-05-09,5150
2011-05-10,6231
2011-05-11,6705
2011-05-12,8548
2011-05-13,8830
2011-05-14,6255
2011-05-15,6682
2011-05-16,5644
2011-05-17,6827
2011-05-18,6429
2011-05-19,11391
2011-05-20,15403
2011-05-21,18358
2011-05-22,15857
2011-05-23,14186
2011-05-24,13590
2011-05-25,10850
2011-05-26,27908
2011-05-27,23661
2011-05-28,25557
2011-05-29,18027
2011-05-30,15240
2011-05-31,12984
2011-06-01,12513
2011-06-02,12447
2011-06-03,10752
2011-06-04,10646
2011-06-05,10489
2011-06-06,11733
2011-06-07,11942
2011-06-08,10807
2011-06-09,10324
2011-06-10,11891
2011-06-11,11946
2011-06-12,11734
2011-06-13,12763
2011-06-14,10288
2011-06-15,8982
2011-06-16,8665
2011-06-17,8539
2011-06-18,9727
2011-06-19,9108
2011-06-20,10392
2011-06-21,8571
2011-06-22,9569
2011-06-23,8313
2011-06-24,7408
2011-06-25,7013
2011-06-26,7166
2011-06-27,7118
2011-06-28,6616
2011-06-29,5800
2011-06-30,6291
2011-07-01,6452
2011-07-02,7013
2011-07-03,7128
2011-07-04,7549
2011-07-05,6591
2011-07-06,8024
2011-07-07,7040
2011-07-08,6745
2011-07-09,6654
2011-07-10,6951
2011-07-11,7340
2011-07-12,7580
2011-07-13,6751
2011-07-14,6484
2011-07-15,5951
2011-07-16,6275
2011-07-17,6189
2011-07-18,6246
2011-07-19,6557
2011-07-20,6811
2011-07-21,6347
2011-07-22,6482
2011-07-23,6385
2011-07-24,6667
2011-07-25,6508
2011-07-26,6577
2011-07-27,6652
2011-07-28,5499
2011-07-29,4731
2011-07-30,4476
2011-07-31,4210
2011-08-01,4462
2011-08-02,4172
2011-08-03,5026
2011-08-04,5777
2011-08-05,5319
2011-08-06,5447
2011-08-07,5389
2011-08-08,5307
2011-08-09,5206
2011-08-10,5505
2011-08-11,4853
2011-08-12,7758
2011-08-13,8293
2011-08-14,8924
2011-08-15,9460
2011-08-16,7534
2011-08-17,5720
2011-08-18,6679
2011-08-19,6308
2011-08-20,6576
2011-08-21,6839
2011-08-22,6281
2011-08-23,5275
2011-08-24,5266
2011-08-25,5140
2011-08-26,5292
2011-08-27,5040
2011-08-28,3832
2011-08-29,5740
2011-08-30,4557
2011-08-31,4147
2011-09-01,4460
2011-09-02,4510
2011-09-03,4449
2011-09-04,4487
2011-09-05,4758
2011-09-06,4575
2011-09-07,4178
2011-09-08,5205
2011-09-09,5411
2011-09-10,5420
2011-09-11,5347
2011-09-12,5015
2011-09-13,5270
2011-09-14,5828
2011-09-15,5737
2011-09-16,5230
2011-09-17,6035
2011-09-18,5051
2011-09-19,4488
2011-09-20,4557
2011-09-21,3612
2011-09-22,2882
2011-09-23,4234
2011-09-24,3473
2011-09-25,3970
2011-09-26,4145
2011-09-27,3233
2011-09-28,2554
2011-09-29,2875
2011-09-30,2383
2011-10-01,2939
2011-10-02,3270
2011-10-03,3727
2011-10-04,3171
2011-10-05,3596
2011-10-06,4719
2011-10-07,4985
2011-10-08,6069
2011-10-09,5350
2011-10-10,5395
2011-10-11,5682
2011-10-12,6050
2011-10-13,5009
2011-10-14,6196
2011-10-15,8007
2011-10-16,6368
2011-10-17,5250
2011-10-18,5669
2011-10-19,5605
2011-10-20,4508
2011-10-21,4106
2011-10-22,4801
2011-10-23,5670
2011-10-24,4564
2011-10-25,3710
2011-10-26,4078
2011-10-27,4750
2011-10-28,4219
2011-10-29,4145
2011-10-30,3805
2011-10-31,4768
2011-11-01,3122
2011-11-02,4263
2011-11-03,3175
2011-11-04,3618
2011-11-05,3398
2011-11-06,5387
2011-11-07,5363
2011-11-08,5188
2011-11-09,4732
2011-11-10,4626
2011-11-11,5360
2011-11-12,4943
2011-11-13,5303
2011-11-14,4836
2011-11-15,4442
2011-11-16,5368
2011-11-17,5648
2011-11-18,5139
2011-11-19,4931
2011-11-20,4305
2011-11-21,4315
2011-11-22,3826
2011-11-23,3544
2011-11-24,3568
2011-11-25,3468
2011-11-26,4151
2011-11-27,4349
2011-11-28,4193
2011-11-29,4190
2011-11-30,4297
2011-12-01,4100
2011-12-02,3798
2011-12-03,3454
2011-12-04,3500
2011-12-05,3078
2011-12-06,3771
2011-12-07,4471
2011-12-08,4345
2011-12-09,4122
2011-12-10,3189
2011-12-11,3640
2011-12-12,4021
2011-12-13,6767
2011-12-14,7007
2011-12-15,6632
2011-12-16,5924
2011-12-17,6065
2011-12-18,5619
2011-12-19,5810
2011-12-20,6333
2011-12-21,6281
2011-12-22,6736
2011-12-23,8979
2011-12-24,7205
2011-12-25,7440
2011-12-26,7569
2011-12-27,7603
2011-12-28,7458
2011-12-29,7179
2011-12-30,7019
2011-12-31,6365
2012-01-01,5544
2012-01-02,6478
2012-01-03,9321
2012-01-04,10263
2012-01-05,10147
2012-01-06,9500
2012-01-07,13605
2012-01-08,14139
2012-01-09,14454
2012-01-10,12871
2012-01-11,14494
2012-01-12,14698
2012-01-13,14654
2012-01-14,15518
2012-01-15,14942
2012-01-16,13152
2012-01-17,12327
2012-01-18,10139
2012-01-19,10934
2012-01-20,10332
2012-01-21,22131
2012-01-22,24362
2012-01-23,22260
2012-01-24,19294
2012-01-25,18563
2012-01-26,19482
2012-01-27,28499
2012-01-28,29245
2012-01-29,30911
2012-01-30,31479
2012-01-31,35884
2012-02-01,34854
2012-02-02,37793
2012-02-03,34265
2012-02-04,34819
2012-02-05,34046
2012-02-06,31296
2012-02-07,26048
2012-02-08,21165
2012-02-09,21372
2012-02-10,22609
2012-02-11,24556
2012-02-12,23617
2012-02-13,19224
2012-02-14,20463
2012-02-15,20063
2012-02-16,22199
2012-02-17,19611
2012-02-18,25548
2012-02-19,25645
2012-02-20,31624
2012-02-21,24011
2012-02-22,25721
2012-02-23,27115
2012-02-24,28198
2012-02-25,38374
2012-02-26,106307
2012-02-27,82880
2012-02-28,107043
2012-02-29,89251
2012-03-01,80595
2012-03-02,80818
2012-03-03,108499
2012-03-04,75177
2012-03-05,48795
2012-03-06,40784
2012-03-07,57474
2012-03-08,57718
2012-03-09,57050
2012-03-10,51320
2012-03-11,44485
2012-03-12,24831
2012-03-13,23447
2012-03-14,18919
2012-03-15,18455
2012-03-16,15771
2012-03-17,15482
2012-03-18,19582
2012-03-19,8319
2012-03-20,8140
2012-03-21,9603
2012-03-22,9966
2012-03-23,11897
2012-03-24,9376
2012-03-25,7943
2012-03-26,6448
2012-03-27,5838
2012-03-28,6603
2012-03-29,8447
2012-03-30,7739
2012-03-31,7290
2012-04-01,7448
2012-04-02,6326
2012-04-03,6213
2012-04-04,5754
2012-04-05,6278
2012-04-06,6549
2012-04-07,7421
2012-04-08,9440
2012-04-09,9624
2012-04-10,9164
2012-04-11,8277
2012-04-12,8506
2012-04-13,9066
2012-04-14,15722
2012-04-15,18415
2012-04-16,13192
2012-04-17,9213
2012-04-18,8669
2012-04-19,9948
2012-04-20,8913
2012-04-21,8815
2012-04-22,8097
2012-04-23,7381
2012-04-24,8531
2012-04-25,7888
2012-04-26,8582
2012-04-27,8104
2012-04-28,7938
2012-04-29,7152
2012-04-30,6770
2012-05-01,7112
2012-05-02,7094
2012-05-03,6219
2012-05-04,6796
2012-05-05,6325
2012-05-06,6479
2012-05-07,6915
2012-05-08,6899
2012-05-09,7026
2012-05-10,7808
2012-05-11,8856
2012-05-12,8333
2012-05-13,8097
2012-05-14,11226
2012-05-15,11505
2012-05-16,11985
2012-05-17,11671
2012-05-18,10911
2012-05-19,10792
2012-05-20,10955
2012-05-21,10292
2012-05-22,10709
2012-05-23,13137
2012-05-24,13990
2012-05-25,12886
2012-05-26,12543
2012-05-27,11038
2012-05-28,11404
2012-05-29,10912
2012-05-30,10410
2012-05-31,10575
2012-06-01,9761
2012-06-02,11087
2012-06-03,11163
2012-06-04,10812
2012-06-05,11146
2012-06-06,10548
2012-06-07,9338
2012-06-08,10067
2012-06-09,11373
2012-06-10,11977
2012-06-11,10825
2012-06-12,11169
2012-06-13,10614
2012-06-14,10786
2012-06-15,10669
2012-06-16,11223
2012-06-17,10768
2012-06-18,9227
2012-06-19,9955
2012-06-20,11360
2012-06-21,12407
2012-06-22,17801
2012-06-23,11895
2012-06-24,11244
2012-06-25,11346
2012-06-26,9246
2012-06-27,10382
2012-06-28,9434
2012-06-29,9447
2012-06-30,9398
2012-07-01,9760
2012-07-02,10849
2012-07-03,10913
2012-07-04,11102
2012-07-05,10138
2012-07-06,7761
2012-07-07,10382
2012-07-08,10207
2012-07-09,11551
2012-07-10,11519
2012-07-11,10261
2012-07-12,9549
2012-07-13,10244
2012-07-14,11334
2012-07-15,11287
2012-07-16,11036
2012-07-17,11254
2012-07-18,12011
2012-07-19,14379
2012-07-20,13314
2012-07-21,12594
2012-07-22,12315
2012-07-23,12093
2012-07-24,12345
2012-07-25,13002
2012-07-26,12647
2012-07-27,13071
2012-07-28,13383
2012-07-29,13002
2012-07-30,13022
2012-07-31,12075
2012-08-01,11635
2012-08-02,11415
2012-08-03,11030
2012-08-04,11323
2012-08-05,11465
2012-08-06,11267
2012-08-07,13074
2012-08-08,12728
2012-08-09,12924
2012-08-10,13900
2012-08-11,11617
2012-08-12,13090
2012-08-13,11662
2012-08-14,13589
2012-08-15,13821
2012-08-16,11018
2012-08-17,9091
2012-08-18,6523
2012-08-19,7714
2012-08-20,8560
2012-08-21,6719
2012-08-22,9206
2012-08-23,9789
2012-08-24,9243
2012-08-25,8080
2012-08-26,9071
2012-08-27,9356
2012-08-28,9340
2012-08-29,8867
2012-08-30,8685
2012-08-31,7765
2012-09-01,8433
2012-09-02,8411
2012-09-03,7432
2012-09-04,7986
2012-09-05,6168
2012-09-06,8754
2012-09-07,8340
2012-09-08,8004
2012-09-09,7951
2012-09-10,7581
2012-09-11,8307
2012-09-12,9654
2012-09-13,9799
2012-09-14,9389
2012-09-15,8992
2012-09-16,8760
2012-09-17,6888
2012-09-18,7590
2012-09-19,7338
2012-09-20,4699
2012-09-21,5504
2012-09-22,6073
2012-09-23,5958
2012-09-24,5236
2012-09-25,4009
2012-09-26,3439
2012-09-27,4007
2012-09-28,7701
2012-09-29,6556
2012-09-30,8359
2012-10-01,4868
2012-10-02,6533
2012-10-03,8789
2012-10-04,3106
2012-10-05,18959
2012-10-06,1853
2012-10-07,17666
2012-10-08,8863
2012-10-09,3735
2012-10-10,8203
2012-10-11,8558
2012-10-12,9468
2012-10-13,10235
2012-10-14,10303
2012-10-15,9155
2012-10-16,8276
2012-10-17,7265
2012-10-18,7172
2012-10-19,7512
2012-10-20,7910
2012-10-21,8599
2012-10-22,8720
2012-10-23,8379
2012-10-24,7391
2012-10-25,6985
2012-10-26,7510
2012-10-27,7006
2012-10-28,8506
2012-10-29,8470
2012-10-30,7799
2012-10-31,7943
2012-11-01,7372
2012-11-02,6566
2012-11-03,8826
2012-11-04,9198
2012-11-05,8213
2012-11-06,8479
2012-11-07,8702
2012-11-08,8793
2012-11-09,8385
2012-11-10,9418
2012-11-11,9374
2012-11-12,8560
2012-11-13,8648
2012-11-14,9854
2012-11-15,10693
2012-11-16,9673
2012-11-17,10252
2012-11-18,10253
2012-11-19,8474
2012-11-20,7473
2012-11-21,8663
2012-11-22,13285
2012-11-23,12881
2012-11-24,13085
2012-11-25,13284
2012-11-26,12587
2012-11-27,12276
2012-11-28,12341
2012-11-29,12590
2012-11-30,12994
2012-12-01,13479
2012-12-02,12717
2012-12-03,13596
2012-12-04,14065
2012-12-05,13615
2012-12-06,14105
2012-12-07,14538
2012-12-08,13304
2012-12-09,13913
2012-12-10,12004
2012-12-11,10347
2012-12-12,10455
2012-12-13,10893
2012-12-14,11893
2012-12-15,11756
2012-12-16,11646
2012-12-17,11059
2012-12-18,11062
2012-12-19,10558
2012-12-20,9682
2012-12-21,10701
2012-12-22,10164
2012-12-23,10594
2012-12-24,9808
2012-12-25,10076
2012-12-26,10640
2012-12-27,10629
2012-12-28,10012
2012-12-29,10242
2012-12-30,10249
2012-12-31,9059
2013-01-01,7761
2013-01-02,8800
2013-01-03,8571
2013-01-04,8838
2013-01-05,9906
2013-01-06,9613
2013-01-07,8539
2013-01-08,7503
2013-01-09,8218
2013-01-10,7718
2013-01-11,7652
2013-01-12,7790
2013-01-13,8081
2013-01-14,7246
2013-01-15,7837
2013-01-16,8059
2013-01-17,8580
2013-01-18,10435
2013-01-19,10910
2013-01-20,11218
2013-01-21,9976
2013-01-22,10131
2013-01-23,9498
2013-01-24,8791
2013-01-25,9315
2013-01-26,14085
2013-01-27,12324
2013-01-28,11803
2013-01-29,10960
2013-01-30,10028
2013-01-31,10348
2013-02-01,10213
2013-02-02,11264
2013-02-03,11295
2013-02-04,9530
2013-02-05,10512
2013-02-06,11712
2013-02-07,11126
2013-02-08,14568
2013-02-09,15512
2013-02-10,14218
2013-02-11,13024
2013-02-12,13601
2013-02-13,12033
2013-02-14,9390
2013-02-15,9287
2013-02-16,10022
2013-02-17,9886
2013-02-18,9549
2013-02-19,10298
2013-02-20,10069
2013-02-21,9936
2013-02-22,10221
2013-02-23,10961
2013-02-24,11327
2013-02-25,9926
2013-02-26,9363
2013-02-27,8200
2013-02-28,8369
2013-03-01,9045
2013-03-02,9704
2013-03-03,9252
2013-03-04,8352
2013-03-05,8644
2013-03-06,6472
2013-03-07,8102
2013-03-08,7783
2013-03-09,9364
2013-03-10,9095
2013-03-11,7919
2013-03-12,5010
2013-03-13,6604
2013-03-14,12393
2013-03-15,8704
2013-03-16,9141
2013-03-17,9301
2013-03-18,8550
2013-03-19,8425
2013-03-20,9422
2013-03-21,9810
2013-03-22,8330
2013-03-23,8759
2013-03-24,8717
2013-03-25,8362
2013-03-26,8219
2013-03-27,7843
2013-03-28,8170
2013-03-29,8470
2013-03-30,8100
2013-03-31,8951
2013-04-01,8749
2013-04-02,8917
2013-04-03,9524
2013-04-04,9396
2013-04-05,10205
2013-04-06,9795
2013-04-07,9367
2013-04-08,8882
2013-04-09,8992
2013-04-10,8925
2013-04-11,8260
2013-04-12,5430
2013-04-13,5509
2013-04-14,5820
2013-04-15,5361
2013-04-16,7702
2013-04-17,7255
2013-04-18,7408
2013-04-19,7167
2013-04-20,7577
2013-04-21,8735
2013-04-22,7034
2013-04-23,7763
2013-04-24,9382
2013-04-25,18103
2013-04-26,14127
2013-04-27,9839
2013-04-28,9536
2013-04-29,8692
2013-04-30,7188
2013-05-01,8023
2013-05-02,6438
2013-05-03,7054
2013-05-04,6411
2013-05-05,5492
2013-05-06,6552
2013-05-07,7109
2013-05-08,6589
2013-05-09,6211
2013-05-10,6428
2013-05-11,6698
2013-05-12,6429
2013-05-13,6581
2013-05-14,7130
2013-05-15,5672
2013-05-16,6060
2013-05-17,5835
2013-05-18,6880
2013-05-19,6265
2013-05-20,6015
2013-05-21,6931
2013-05-22,7358
2013-05-23,6252
2013-05-24,6685
2013-05-25,6395
2013-05-26,5421
2013-05-27,8184
2013-05-28,9365
2013-05-29,6564
2013-05-30,8068
2013-05-31,9471
2013-06-01,8060
2013-06-02,7429
2013-06-03,5870
2013-06-04,7723
2013-06-05,8692
2013-06-06,8741
2013-06-07,8279
2013-06-08,8056
2013-06-09,8496
2013-06-10,7254
2013-06-11,7747
2013-06-12,8255
2013-06-13,10196
2013-06-14,10368
2013-06-15,7848
2013-06-16,17249
2013-06-17,15079
2013-06-18,14231
2013-06-19,13801
2013-06-20,13410
2013-06-21,11564
2013-06-22,12636
2013-06-23,10646
2013-06-24,9777
2013-06-25,11501
2013-06-26,10141
2013-06-27,11609
2013-06-28,11599
2013-06-29,10697
2013-06-30,9723
2013-07-01,11402
2013-07-02,11802
2013-07-03,10914
2013-07-04,8695
2013-07-05,8887
2013-07-06,10954
2013-07-07,9703
2013-07-08,12350
2013-07-09,10429
2013-07-10,7432
2013-07-11,7404
2013-07-12,7894
2013-07-13,8169
2013-07-14,7904
2013-07-15,6825
2013-07-16,7006
2013-07-17,5736
2013-07-18,6069
2013-07-19,3935
2013-07-20,4388
2013-07-21,3297
2013-07-22,3559
2013-07-23,4507
2013-07-24,3950
2013-07-25,3315
2013-07-26,3297
2013-07-27,3076
2013-07-28,3464
2013-07-29,3039
2013-07-30,3196
2013-07-31,3192
2013-08-01,3981
2013-08-02,3700
2013-08-03,3570
2013-08-04,3647
2013-08-05,3833
2013-08-06,20523
2013-08-07,39232
2013-08-08,3693
2013-08-09,3577
2013-08-10,2744
2013-08-11,3490
2013-08-12,3127
2013-08-13,3494
2013-08-14,3715
2013-08-15,3574
2013-08-16,3853
2013-08-17,3933
2013-08-18,4192
2013-08-19,6199
2013-08-20,6251
2013-08-21,6291
2013-08-22,4477
2013-08-23,4993
2013-08-24,4155
2013-08-25,4685
2013-08-26,2915
2013-08-27,4522
2013-08-28,5924
2013-08-29,7600
2013-08-30,5613
2013-08-31,5024
2013-09-01,5558
2013-09-02,5297
2013-09-03,5467
2013-09-04,6047
2013-09-05,2993
2013-09-06,4516
2013-09-07,4009
2013-09-08,3823
2013-09-09,3467
2013-09-10,4999
2013-09-11,6890
2013-09-12,6660
2013-09-13,6065
2013-09-14,5907
2013-09-15,7148
2013-09-16,5288
2013-09-17,5687
2013-09-18,6612
2013-09-19,7350
2013-09-20,5505
2013-09-21,6186
2013-09-22,5918
2013-09-23,5248
2013-09-24,7530
2013-09-25,8801
2013-09-26,5992
2013-09-27,5787
2013-09-28,6642
2013-09-29,6091
2013-09-30,4904
2013-10-01,4955
2013-10-02,5140
2013-10-03,5701
2013-10-04,5752
2013-10-05,5352
2013-10-06,6307
2013-10-07,4199
2013-10-08,5205
2013-10-09,4730
2013-10-10,5660
2013-10-11,6384
2013-10-12,5824
2013-10-13,5937
2013-10-14,5488
2013-10-15,6142
2013-10-16,6136
2013-10-17,7059
2013-10-18,7529
2013-10-19,5829
2013-10-20,6079
2013-10-21,4845
2013-10-22,5529
2013-10-23,5362
2013-10-24,5374
2013-10-25,5374
2013-10-26,5539
2013-10-27,5383
2013-10-28,5275
2013-10-29,5173
2013-10-30,4574
2013-10-31,5162
2013-11-01,5359
2013-11-02,5615
2013-11-03,5785
2013-11-04,5399
2013-11-05,5046
2013-11-06,4803
2013-11-07,4993
2013-11-08,5429
2013-11-09,5656
2013-11-10,5466
2013-11-11,4952
2013-11-12,4543
2013-11-13,7160
2013-11-14,7600
2013-11-15,7160
2013-11-16,6994
2013-11-17,7124
2013-11-18,6580
2013-11-19,6433
2013-11-20,6390
2013-11-21,6894
2013-11-22,7043
2013-11-23,7324
2013-11-24,6578
2013-11-25,6124
2013-11-26,6436
2013-11-27,6020
2013-11-28,6397
2013-11-29,7389
2013-11-30,7483
2013-12-01,7246
2013-12-02,6500
2013-12-03,6993
2013-12-04,6687
2013-12-05,7049
2013-12-06,6411
2013-12-07,6899
2013-12-08,6625
2013-12-09,6177
2013-12-10,7692
2013-12-11,7388
2013-12-12,8131
2013-12-13,7088
2013-12-14,8102
2013-12-15,8975
2013-12-16,8577
2013-12-17,8402
2013-12-18,8445
2013-12-19,8806
2013-12-20,8586
2013-12-21,9008
2013-12-22,9204
2013-12-23,9052
2013-12-24,8738
2013-12-25,8374
2013-12-26,8604
2013-12-27,10147
2013-12-28,9798
2013-12-29,10079
2013-12-30,9986
2013-12-31,9006
2014-01-01,8572
2014-01-02,9641
2014-01-03,9987
2014-01-04,10223
2014-01-05,10189
2014-01-06,9067
2014-01-07,9273
2014-01-08,9531
2014-01-09,9208
2014-01-10,9655
2014-01-11,11445
2014-01-12,12057
2014-01-13,11506
2014-01-14,12174
2014-01-15,12300
2014-01-16,12255
2014-01-17,12685
2014-01-18,12624
2014-01-19,12096
2014-01-20,11025
2014-01-21,11264
2014-01-22,10645
2014-01-23,10876
2014-01-24,10952
2014-01-25,10268
2014-01-26,11589
2014-01-27,10476
2014-01-28,10730
2014-01-29,10524
2014-01-30,11195
2014-01-31,10851
2014-02-01,11079
2014-02-02,11291
2014-02-03,10366
2014-02-04,11495
2014-02-05,10535
2014-02-06,8949
2014-02-07,8851
2014-02-08,9900
2014-02-09,9304
2014-02-10,8323
2014-02-11,8475
2014-02-12,8716
2014-02-13,9251
2014-02-14,6555
2014-02-15,7645
2014-02-16,8525
2014-02-17,7858
2014-02-18,7460
2014-02-19,7923
2014-02-20,7438
2014-02-21,8195
2014-02-22,8703
2014-02-23,8791
2014-02-24,8021
2014-02-25,8085
2014-02-26,8926
2014-02-27,9517
2014-02-28,9163
2014-03-01,9979
2014-03-02,9393
2014-03-03,8515
2014-03-04,9952
2014-03-05,8328
2014-03-06,7903
2014-03-07,9376
2014-03-08,6873
2014-03-09,6183
2014-03-10,4924
2014-03-11,5606
2014-03-12,5608
2014-03-13,7113
2014-03-14,92233
2014-03-15,99456
2014-03-16,95912
2014-03-17,107730
2014-03-18,52776
2014-03-19,12094
2014-03-20,11509
2014-03-21,14987
2014-03-22,15707
2014-03-23,13851
2014-03-24,10983
2014-03-25,10557
2014-03-26,9716
2014-03-27,8837
2014-03-28,9321
2014-03-29,9608
2014-03-30,9474
2014-03-31,8703
2014-04-01,8617
2014-04-02,8327
2014-04-03,8086
2014-04-04,8248
2014-04-05,8743
2014-04-06,8562
2014-04-07,7557
2014-04-08,8246
2014-04-09,8387
2014-04-10,8719
2014-04-11,10274
2014-04-12,11382
2014-04-13,11224
2014-04-14,11079
2014-04-15,10475
2014-04-16,11300
2014-04-17,32235
2014-04-18,55395
2014-04-19,27070
2014-04-20,15072
2014-04-21,14047
2014-04-22,16363
2014-04-23,20255
2014-04-24,15038
2014-04-25,32413
2014-04-26,24508
2014-04-27,21242
2014-04-28,20450
2014-04-29,23204
2014-04-30,21524
2014-05-01,23323
2014-05-02,22628
2014-05-03,22630
2014-05-04,21482
2014-05-05,19799
2014-05-06,19549
2014-05-07,19062
2014-05-08,16466
2014-05-09,8476
2014-05-10,16454
2014-05-11,13794
2014-05-12,12689
2014-05-13,16124
2014-05-14,30501
2014-05-15,31370
2014-05-16,27837
2014-05-17,25187
2014-05-18,26498
2014-05-19,25387
2014-05-20,22385
2014-05-21,20550
2014-05-22,20638
2014-05-23,22517
2014-05-24,22254
2014-05-25,14940
2014-05-26,12004
2014-05-27,16208
2014-05-28,18337
2014-05-29,19889
2014-05-30,18451
2014-05-31,19768
2014-06-01,17794
2014-06-02,16068
2014-06-03,15809
2014-06-04,16081
2014-06-05,12019
2014-06-06,14219
2014-06-07,14052
2014-06-08,12007
2014-06-09,13404
2014-06-10,12705
2014-06-11,12261
2014-06-12,12608
2014-06-13,12702
2014-06-14,12345
2014-06-15,11299
2014-06-16,11774
2014-06-17,9495
2014-06-18,10386
2014-06-19,11446
2014-06-20,10595
2014-06-21,10332
2014-06-22,10430
2014-06-23,11565
2014-06-24,11086
2014-06-25,10241
2014-06-26,11698
2014-06-27,11875
2014-06-28,14216
2014-06-29,12187
2014-06-30,11323
2014-07-01,11881
2014-07-02,13756
2014-07-03,13155
2014-07-04,11782
2014-07-05,12386
2014-07-06,11199
2014-07-07,10848
2014-07-08,11822
2014-07-09,7641
2014-07-10,11621
2014-07-11,12868
2014-07-12,12251
2014-07-13,11037
2014-07-14,10429
2014-07-15,10875
2014-07-16,11636
2014-07-17,11419
2014-07-18,10566
2014-07-19,12233
2014-07-20,10617
2014-07-21,10991
2014-07-22,10370
2014-07-23,10882
2014-07-24,10574
2014-07-25,10260
2014-07-26,12556
2014-07-27,9627
2014-07-28,8257
2014-07-29,8950
2014-07-30,9818
2014-07-31,8226
2014-08-01,8685
2014-08-02,8859
2014-08-03,8839
2014-08-04,8951
2014-08-05,8865
2014-08-06,9366
2014-08-07,8556
2014-08-08,8621
2014-08-09,8046
2014-08-10,9043
2014-08-11,8515
2014-08-12,8809
2014-08-13,8444
2014-08-14,9019
2014-08-15,8634
2014-08-16,7923
2014-08-17,9061
2014-08-18,9099
2014-08-19,9701
2014-08-20,11209
2014-08-21,6810
2014-08-22,7051
2014-08-23,6307
2014-08-24,5934
2014-08-25,6092
2014-08-26,7370
2014-08-27,9921
2014-08-28,10204
2014-08-29,9203
2014-08-30,9394
2014-08-31,9746
2014-09-01,9171
2014-09-02,8843
2014-09-03,9231
2014-09-04,10439
2014-09-05,11121
2014-09-06,9802
2014-09-07,7900
2014-09-08,9357
2014-09-09,6067
2014-09-10,9041
2014-09-11,9961
2014-09-12,12234
2014-09-13,10402
2014-09-14,10108
2014-09-15,8674
2014-09-16,8426
2014-09-17,8713
2014-09-18,8265
2014-09-19,11939
2014-09-20,12557
2014-09-21,9635
2014-09-22,7652
2014-09-23,8140
2014-09-24,9631
2014-09-25,8434
2014-09-26,11071
2014-09-27,10712
2014-09-28,10263
2014-09-29,9627
2014-09-30,9863
2014-10-01,9757
2014-10-02,11159
2014-10-03,10532
2014-10-04,10020
2014-10-05,9677
2014-10-06,9448
2014-10-07,9132
2014-10-08,5827
2014-10-09,7945
2014-10-10,7654
2014-10-11,8333
2014-10-12,7975
2014-10-13,7737
2014-10-14,9229
2014-10-15,9056
2014-10-16,9274
2014-10-17,9129
2014-10-18,9224
2014-10-19,8604
2014-10-20,7724
2014-10-21,8161
2014-10-22,8307
2014-10-23,8403
2014-10-24,7142
2014-10-25,9073
2014-10-26,8594
2014-10-27,7573
2014-10-28,7048
2014-10-29,8730
2014-10-30,8057
2014-10-31,7695
2014-11-01,7883
2014-11-02,8041
2014-11-03,7525
2014-11-04,8041
2014-11-05,6266
2014-11-06,4321
2014-11-07,7016
2014-11-08,7432
2014-11-09,8585
2014-11-10,7541
2014-11-11,7734
2014-11-12,8873
2014-11-13,9309
2014-11-14,10316
2014-11-15,10623
2014-11-16,10217
2014-11-17,7824
2014-11-18,12404
2014-11-19,8791
2014-11-20,9659
2014-11-21,7427
2014-11-22,7454
2014-11-23,7260
2014-11-24,8070
2014-11-25,7562
2014-11-26,7022
2014-11-27,6700
2014-11-28,7400
2014-11-29,7151
2014-11-30,7668
2014-12-01,6381
2014-12-02,6502
2014-12-03,8191
2014-12-04,6197
2014-12-05,7292
2014-12-06,6894
2014-12-07,7095
2014-12-08,3721
2014-12-09,9153
2014-12-10,6544
2014-12-11,12615
2014-12-12,15313
2014-12-13,13832
2014-12-14,13643
2014-12-15,13679
2014-12-16,8745
2014-12-17,6986
2014-12-18,9109
2014-12-19,7644
2014-12-20,6775
2014-12-21,7100
2014-12-22,6357
2014-12-23,5839
2014-12-24,5967
2014-12-25,4950
2014-12-26,7169
2014-12-27,6303
2014-12-28,7000
2014-12-29,6613
2014-12-30,6374
2014-12-31,5290
2015-01-01,3793
2015-01-02,4238
2015-01-03,4613
2015-01-04,4486
2015-01-05,4158
2015-01-06,3734
2015-01-07,5160
2015-01-08,4337
2015-01-09,4211
2015-01-10,4121
2015-01-11,4467
2015-01-12,3992
2015-01-13,4031
2015-01-14,4193
2015-01-15,4223
2015-01-16,3789
2015-01-17,4667
2015-01-18,4531
2015-01-19,4107
2015-01-20,4211
2015-01-21,3845
2015-01-22,4306
2015-01-23,3418
2015-01-24,4435
2015-01-25,3985
2015-01-26,4061
2015-01-27,3670
2015-01-28,3438
2015-01-29,4362
2015-01-30,3706
2015-01-31,3853
2015-02-01,3270
2015-02-02,3324
2015-02-03,3121
2015-02-04,2596
2015-02-05,2797
2015-02-06,3377
2015-02-07,3046
2015-02-08,3182
2015-02-09,2557
2015-02-10,2937
2015-02-11,3325
2015-02-12,2804
2015-02-13,1901
2015-02-14,2004
2015-02-15,2534
2015-02-16,2146
2015-02-17,2899
2015-02-18,3165
2015-02-19,3524
2015-02-20,3015
2015-02-21,4005
2015-02-22,4118
2015-02-23,2236
2015-02-24,-263
2015-02-25,468
2015-02-26,-1327
2015-02-27,-409
2015-02-28,-545
2015-03-01,-700
2015-03-02,-1349
2015-03-03,-423
2015-03-04,-669
2015-03-05,-1426
2015-03-06,-1206
2015-03-07,-515
2015-03-08,-953
2015-03-09,-2236
2015-03-10,-1323
2015-03-11,-1775
2015-03-12,-1360
2015-03-13,-590
2015-03-14,-65
2015-03-15,21
2015-03-16,-570
2015-03-17,118
2015-03-18,71
2015-03-19,-352
2015-03-20,-668194
2015-03-21,-95522
2015-03-22,-9649
2015-03-23,-317640
2015-03-24,2858
2015-03-25,2561
2015-03-26,1985
2015-03-27,2960
2015-03-28,3187
2015-03-29,2680
2015-03-30,2599
2015-03-31,1985
2015-04-01,2285
2015-04-02,2396
2015-04-03,2023
2015-04-04,2006
2015-04-05,2512
2015-04-06,2365
2015-04-07,3119
2015-04-08,2347
2015-04-09,1280
2015-04-10,2055
2015-04-11,2428
2015-04-12,2100
2015-04-13,1634
2015-04-14,-2084
2015-04-15,1175
2015-04-16,1258
2015-04-17,1401
2015-04-18,120
2015-04-19,2297
2015-04-20,2215
2015-04-21,1890
2015-04-22,1460
2015-04-23,1796
2015-04-24,1831
2015-04-25,2277
2015-04-26,2590
2015-04-27,2638
2015-04-28,2198
2015-04-29,2594
2015-04-30,1988
2015-05-01,2706
2015-05-02,2499
2015-05-03,2800
2015-05-04,2996
2015-05-05,2710
2015-05-06,2199
2015-05-07,1981
2015-05-08,2567
2015-05-09,2784
2015-05-10,2912
2015-05-11,2843
2015-05-12,2674
2015-05-13,2643
2015-05-14,2718
2015-05-15,2700
2015-05-16,3023
2015-05-17,3224
2015-05-18,2975
2015-05-19,2620
2015-05-20,3247
2015-05-21,955
2015-05-22,2800
2015-05-23,3977
2015-05-24,3540
2015-05-25,3282
2015-05-26,2963
2015-05-27,2979
2015-05-28,2654
2015-05-29,-355
2015-05-30,1536
2015-05-31,2054
2015-06-01,2077
2015-06-02,1608
2015-06-03,1907
2015-06-04,1374
2015-06-05,1837
2015-06-06,2262
2015-06-07,2188
2015-06-08,2349
2015-06-09,1979
2015-06-10,1879
2015-06-11,1767
2015-06-12,2726
2015-06-13,3055
2015-06-14,3351
2015-06-15,2631
2015-06-16,2615
2015-06-17,3024
2015-06-18,2343
2015-06-19,2708
2015-06-20,3369
2015-06-21,3362
2015-06-22,2690
2015-06-23,2669
2015-06-24,3359
2015-06-25,3257
2015-06-26,2898
2015-06-27,3233
2015-06-28,3210
2015-06-29,3475
2015-06-30,3537
2015-07-01,3195
2015-07-02,2636
2015-07-03,2390
2015-07-04,2475
2015-07-05,2646
2015-07-06,2586
2015-07-07,2635
2015-07-08,2533
2015-07-09,2247
2015-07-10,2133
2015-07-11,2598
2015-07-12,2665
2015-07-13,2606
2015-07-14,2952
2015-07-15,3249
2015-07-16,3760
2015-07-17,2051
2015-07-18,2566
2015-07-19,2671
2015-07-20,2585
2015-07-21,2689
2015-07-22,2209
2015-07-23,2231
2015-07-24,2314
2015-07-25,2176
2015-07-26,2401
2015-07-27,2762
2015-07-28,1726
2015-07-29,1734
2015-07-30,1648
2015-07-31,1467
2015-08-01,1867
2015-08-02,1913
2015-08-03,1991
2015-08-04,2061
2015-08-05,1546
2015-08-06,1547
2015-08-07,1816
2015-08-08,1723
2015-08-09,2391
2015-08-10,5941
2015-08-11,3335
2015-08-12,5783
2015-08-13,7568
2015-08-14,5010
2015-08-15,3047
2015-08-16,3169
2015-08-17,2385
2015-08-18,3033
2015-08-19,1747
2015-08-20,2254
2015-08-21,-618
2015-08-22,2482
2015-08-23,-506
2015-08-24,2870
2015-08-25,4054
2015-08-26,3993
2015-08-27,6126
2015-08-28,5711
2015-08-29,450
2015-08-30,-8
2015-08-31,1921
2015-09-01,-2893
2015-09-02,-187
2015-09-03,-632
2015-09-04,-842
2015-09-05,1368
2015-09-06,-463
2015-09-07,-1060
2015-09-08,-599
2015-09-09,1547
2015-09-10,-704
2015-09-11,-563
2015-09-12,92
2015-09-13,556
2015-09-14,-125
2015-09-15,2917
2015-09-16,2209
2015-09-17,-55
2015-09-18,-810
2015-09-19,199
2015-09-20,2449
2015-09-21,-3275
2015-09-22,-563
2015-09-23,1077
2015-09-24,-2204
2015-09-25,1452
2015-09-26,1501
2015-09-27,2308
2015-09-28,581
2015-09-29,2084
2015-09-30,1371
2015-10-01,1518
2015-10-02,1443
2015-10-03,1321
2015-10-04,1975
2015-10-05,1188
2015-10-06,1307
2015-10-07,1738
2015-10-08,2777
2015-10-09,235
2015-10-10,1459
2015-10-11,1843
2015-10-12,1453
2015-10-13,1709
2015-10-14,1425
2015-10-15,1780
2015-10-16,1583
2015-10-17,2359
2015-10-18,1813
2015-10-19,1810
2015-10-20,1467
2015-10-21,2027
2015-10-22,1613
2015-10-23,2276
2015-10-24,2366
2015-10-25,2321
2015-10-26,1967
2015-10-27,-454
2015-10-28,1186
2015-10-29,1381
2015-10-30,1129
2015-10-31,1154
2015-11-01,1849
2015-11-02,1423
2015-11-03,1445
2015-11-04,1154
2015-11-05,1233
2015-11-06,1648
2015-11-07,1705
2015-11-08,1698
2015-11-09,1628
2015-11-10,1362
2015-11-11,946
2015-11-12,1000
2015-11-13,1125
2015-11-14,1030
2015-11-15,1615
2015-11-16,780
2015-11-17,843
2015-11-18,866
2015-11-19,877
2015-11-20,980
2015-11-21,1260
2015-11-22,1583
2015-11-23,1268
2015-11-24,918
2015-11-25,966
2015-11-26,322
2015-11-27,719
2015-11-28,999
2015-11-29,964
2015-11-30,489
2015-12-01,113
2015-12-02,51
2015-12-03,156
2015-12-04,-55
2015-12-05,-301
2015-12-06,-75
2015-12-07,-711
2015-12-08,296
2015-12-09,585
2015-12-10,1322
2015-12-11,1234
2015-12-12,1431
2015-12-13,1892
2015-12-14,1163
2015-12-15,1106
2015-12-16,946
2015-12-17,796
2015-12-18,1192
2015-12-19,1294
2015-12-20,1401
2015-12-21,1607
2015-12-22,1993
2015-12-23,4293
2015-12-24,3796
2015-12-25,4576
2015-12-26,5534
2015-12-27,6330
2015-12-28,5703
2015-12-29,5210
2015-12-30,4714
2015-12-31,4463
2016-01-01,1925
2016-01-02,1622
2016-01-03,1862
2016-01-04,1336
2016-01-05,1248
2016-01-06,1305
2016-01-07,1269
2016-01-08,1500
2016-01-09,1963
2016-01-10,1812
2016-01-11,-1505
2016-01-12,-1240
2016-01-13,-677
2016-01-14,-796
2016-01-15,-747
2016-01-16,-451
2016-01-17,-803
2016-01-18,-638
2016-01-19,-716
2016-01-20,-798
2016-01-21,-948
2016-01-22,1054
2016-01-23,-211
2016-01-24,245
2016-01-25,-48
2016-01-26,-684
2016-01-27,957
2016-01-28,-518
2016-01-29,-493
2016-01-30,-182
2016-01-31,-175
2016-02-01,-878
2016-02-02,-705
2016-02-03,-834
2016-02-04,-862
2016-02-05,1109
2016-02-06,-527
2016-02-07,211
2016-02-08,-195
2016-02-09,-1467
2016-02-10,-678
2016-02-11,-510
2016-02-12,-186
2016-02-13,335
2016-02-14,389
2016-02-15,117
2016-02-16,79
2016-02-17,244
2016-02-18,-91
2016-02-19,126
2016-02-20,425
2016-02-21,263
2016-02-22,-48
2016-02-23,-35
2016-02-24,-438
2016-02-25,-571
2016-02-26,-71
2016-02-27,729
2016-02-28,487
2016-02-29,158
2016-03-01,773
2016-03-02,538
2016-03-03,454
2016-03-04,673
2016-03-05,890
2016-03-06,507
2016-03-07,1806
2016-03-08,2100
2016-03-09,2570
2016-03-10,1723
2016-03-11,2426
2016-03-12,3207
2016-03-13,2598
2016-03-14,2547
2016-03-15,2347
2016-03-16,2257
2016-03-17,1037
2016-03-18,1030
2016-03-19,1435
2016-03-20,1413
2016-03-21,1572
2016-03-22,1973
2016-03-23,1665
2016-03-24,606
2016-03-25,1011
2016-03-26,822
2016-03-27,1257
2016-03-28,1265
2016-03-29,864
2016-03-30,432
2016-03-31,935
2016-04-01,880
2016-04-02,1741
2016-04-03,339
2016-04-04,245
2016-04-05,-349
2016-04-06,415
2016-04-07,184
2016-04-08,-42
2016-04-09,98
2016-04-10,923
2016-04-11,210
2016-04-12,993
2016-04-13,1183
2016-04-14,-1443
2016-04-15,444
2016-04-16,296
2016-04-17,515
2016-04-18,226
2016-04-19,563
2016-04-20,437
2016-04-21,987
2016-04-22,1301
2016-04-23,1259
2016-04-24,243
2016-04-25,-2021
2016-04-26,496
2016-04-27,295
2016-04-28,1147
2016-04-29,215
2016-04-30,421
2016-05-01,558
