2010-05-31 12:24:57,0.0066640230440137
2010-06-02 14:00:53,0.0071770428855796
2010-06-04 14:12:38,0.0071822777819221
2010-06-07 08:51:59,0.0025598643114868
2010-06-07 15:43:27,0.0050464400741785
2010-06-08 15:41:10,0.0066273787696161
2010-06-09 15:25:55,0.0038633535007715
2010-06-11 13:58:55,6.8053652452614E-5
2010-06-11 14:04:37,0.011438248508382
2010-06-14 09:42:53,0.0065593251171635
2010-06-15 15:30:17,0.0060044261048576
2010-06-16 15:42:58,0.0067687209708639
2010-06-18 14:22:52,0.020248579052824
2010-06-22 15:44:24,0.011715698014535
2010-06-23 16:07:06,0.0077319418978855
2010-06-25 09:49:02,0.019683210247833
2010-06-28 15:48:36,0.021468309900629
2010-06-29 15:56:39,0.0081193242272311
2010-06-30 15:54:57,0.034173403323897
2010-07-01 15:23:33,0.028111393359272
2010-07-02 10:13:45,0.0090616055688827
2010-07-02 15:08:57,0.029514345579065
2010-07-05 12:17:21,0.040570446654443
2010-07-06 11:53:56,0.030639848292704
2010-07-06 15:10:26,0.012773147075721
2010-07-07 15:17:27,0.020499854077264
2010-07-09 10:15:11,0.030828304561034
2010-07-12 15:30:26,0.022248309455662
2010-07-14 14:43:08,0.014076636265006
2010-07-15 14:04:58,0.028195151700752
2010-07-16 10:25:21,0.033246826671273
2010-07-19 15:25:58,0.010909523977788
2010-07-20 12:27:48,0.017332741790047
2010-07-21 15:21:20,0.027697836548214
2010-07-22 15:56:47,0.025211260785522
2010-07-23 15:36:04,0.032205082299114
2010-07-26 16:01:49,0.030430452439004
2010-07-28 15:13:06,0.02228495373006
2010-08-03 15:36:35,0.02990172790841
2010-08-09 16:39:54,0.053134197876464
2010-08-11 13:49:08,0.018803747662292
2010-08-13 15:31:27,0.058463322353138
2010-08-17 14:50:44,0.028435956932508
2010-08-19 15:02:27,0.0652686875984
2010-08-20 14:57:15,0.051474735735889
2010-08-23 16:17:33,0.027928171987284
2010-08-25 15:32:12,0.03895809858095
2010-08-27 16:02:08,0.038471253221097
2010-08-30 16:48:22,0.038659709489427
2010-08-31 16:10:01,0.043470579228193
2010-09-01 16:18:37,0.020416095735784
2010-09-03 15:17:53,0.025912736895419
2010-09-06 16:35:07,0.018667640357386
2010-09-08 16:30:48,0.032623874006515
2010-09-10 14:36:48,0.017479318887637
2010-09-15 14:54:47,0.045590712246909
2010-09-17 13:53:28,0.035141859147262
2010-09-20 15:14:56,0.10496490656364
2010-09-22 13:16:28,0.083658878449633
2010-09-24 14:23:33,0.010883349496076
2010-09-27 15:39:46,0.01813368093045
2010-09-28 16:32:45,0.043156485447643
2010-10-01 15:28:01,0.018929385174512
2010-10-02 18:33:01,0.068550967605153
2010-10-04 17:14:43,0.030137298243823
2010-10-05 15:05:23,0.05383567398636
2010-10-07 15:42:36,0.039575816349367
2010-10-08 17:36:37,0.015798917161692
2010-10-11 17:25:01,0.060766676743842
2010-10-15 16:07:25,0.035131389354577
2010-10-19 17:07:46,0.057740906657872
2010-10-21 15:14:46,0.047899301533956
2010-10-22 14:32:52,0.066378485623012
2010-10-26 16:39:33,0.053149902565492
2010-10-27 15:18:22,0.046328832631203
2010-11-02 17:20:54,0.077575928899638
2010-11-03 15:39:52,0.043894605831936
2010-11-05 16:23:32,0.07317861597193
2010-11-10 17:48:36,0.032555820354062
2010-11-11 15:10:18,0.022510054272788
2010-11-12 22:21:37,0.024954750864739
2010-11-15 16:16:55,0.036037026421831
2010-11-16 16:06:31,0.044004538655129
2010-11-17 13:20:13,0.062237682616087
2010-11-18 16:35:58,0.078350693558329
2010-11-22 16:32:58,0.040371520593428
2010-11-25 22:23:03,0.04436051160642
2010-11-26 15:36:25,0.051354333120011
2010-11-29 16:42:35,0.096028938506981
2010-12-01 16:07:03,0.073382776929288
2010-12-02 16:36:11,0.025813273864911
2010-12-08 16:58:24,0.03568105347054
2010-12-09 16:37:10,0.034550315860558
2010-12-10 17:55:57,0.061431508579341
2010-12-12 15:42:07,0.047873127052243
2010-12-14 16:25:23,0.037387629678198
2010-12-16 18:26:39,0.052647352516611
2010-12-17 14:29:31,0.030655552981732
2010-12-20 15:15:41,0.085464917687799
2010-12-21 15:36:53,0.046276483667778
2010-12-23 22:33:00,0.023347637687589
2010-12-24 10:15:25,0.045391786185894
2010-12-27 07:34:20,0.056029095553872
2011-01-03 17:11:55,0.10094974106894
2011-01-05 15:20:38,0.046082792503105
2011-01-10 17:48:34,0.081486396467492
2011-01-12 16:19:10,0.053966546394923
2011-01-14 16:43:20,0.036508167092656
2011-01-17 20:22:16,0.10193913647767
2011-01-18 14:42:42,0.032728571933365
2011-01-19 17:30:31,0.083826395132593
2011-01-20 20:35:01,0.024211395584103
2011-01-21 15:55:19,0.031990451549071
2011-01-24 17:13:02,0.043763733423374
2011-01-25 15:40:23,0.050134602272207
2011-02-02 16:30:19,0.034597429927641
2011-02-03 17:42:13,0.07603686937494
2011-02-09 16:58:28,0.054102653699828
2011-02-10 17:46:48,0.10334208869747
2011-02-11 17:19:58,0.072571367996199
2011-02-15 17:11:58,0.042439304648719
2011-02-17 18:54:41,0.12693053161681
2011-02-18 17:25:23,0.045266148673674
2011-02-20 16:23:45,0.043062257313477
2011-02-21 17:33:21,0.022091262565387
2011-02-22 17:29:11,0.026567098938232
2011-02-23 17:37:21,0.05771473217616
2011-02-24 16:15:33,0.024216630480446
2011-03-01 18:09:08,0.083774046169168
2011-03-03 17:17:37,0.07305297845971
2011-03-04 16:53:47,0.067477813854938
2011-03-08 16:00:04,0.034670718476436
2011-03-10 16:46:11,0.015919319777569
2011-03-11 14:54:53,0.083679818035003
2011-03-14 17:26:16,0.074995125002781
2011-03-16 15:24:39,0.054976881389027
2011-03-18 16:44:15,0.094814442555519
2011-03-22 15:24:00,0.025363072779455
2011-03-23 16:03:13,0.014280797222364
2011-03-24 16:26:50,0.031896223414906
2011-03-25 16:26:48,0.058944932816649
2011-03-28 15:34:25,0.062127749792894
2011-04-01 15:07:29,0.14267709981508
2011-04-04 17:45:20,0.097520883964596
2011-04-05 15:31:47,0.077188546570292
2011-04-06 16:25:05,0.0238292481511
2011-04-08 14:51:45,0.079743175985437
2011-04-12 16:23:13,0.14110663091232
2011-04-13 15:15:16,0.12374247974422
2011-04-15 15:30:54,0.09356330232966
2011-04-19 16:37:44,0.027472736005486
2011-04-20 17:31:27,0.05358439896192
2011-04-21 15:40:01,0.063755802555415
2011-04-28 01:38:40,0.031262800957463
2011-04-28 16:06:44,0.031582129634356
2011-04-29 14:55:11,0.034644543994723
2011-05-02 16:23:56,0.099075648178322
2011-05-03 16:33:48,0.019557572735613
2011-05-05 16:15:37,0.022279718833717
2011-05-06 14:22:14,0
2011-05-09 09:47:50,0
2011-05-09 16:03:42,0
2011-05-10 16:29:37,0.054537150096257
2011-05-11 15:29:56,0.019620391491723
2011-05-17 15:16:30,0.044428565258872
2011-05-18 17:17:42,0.028472601206905
2011-05-19 17:25:02,0.079821699430574
2011-05-20 15:21:06,0.018285492924383
2011-05-23 16:00:48,0.11464422990094
2011-05-26 17:35:03,0.073283313898781
2011-05-27 15:58:31,0
2011-05-31 16:43:23,0.075518614637032
2011-06-01 14:45:07,0.048370442204781
2011-06-03 14:39:36,0.043988833966101
2011-06-06 16:14:12,0.049045743832965
2011-06-07 14:48:47,0
2011-06-08 15:57:02,0.046690040478836
2011-06-09 15:59:44,0.0714877444533
2011-06-10 15:47:20,0
2011-06-16 16:27:18,0.046909906125221
2011-06-17 15:33:38,0.18535197479921
2011-06-21 12:04:54,0
2011-06-21 12:08:18,0
2011-06-21 12:12:42,0
2011-06-21 12:42:16,0
2011-06-21 12:48:38,0
2011-06-21 12:58:27,0
2011-06-21 13:17:35,0
2011-06-21 15:49:25,0.075560493807772
2011-06-22 10:05:58,0
2011-06-22 15:11:42,0
2011-06-24 15:51:30,0.054086949010801
2011-06-25 13:50:28,0.022708980333803
2011-06-27 16:00:49,0.14443079008982
2011-06-28 10:36:46,0
2011-06-28 15:18:59,0
2011-06-28 16:26:10,0.0463654769056
2011-06-29 16:15:45,0.1379761628995
2011-06-30 13:53:31,0
2011-07-01 15:05:15,0.017327506893704
2011-07-04 16:04:52,0.14676555385858
2011-07-05 15:52:19,0.10514289303929
2011-07-06 06:15:10,0
2011-07-06 06:26:28,0
2011-07-06 08:45:59,0
2011-07-06 09:19:27,0
2011-07-07 13:15:26,0
2011-07-07 16:41:08,0.027901997505572
2011-07-08 16:06:47,0
2011-07-11 16:20:36,0.035979442562063
2011-07-12 12:35:42,0
2011-07-13 12:11:07,0
2011-07-13 12:17:32,0
2011-07-13 12:21:56,0
2011-07-13 15:02:14,0
2011-07-13 17:34:14,0.011056101075379
2011-07-14 16:13:28,0.024415556541461
2011-07-15 10:10:48,0
2011-07-15 15:27:32,0.037471388019678
2011-07-18 15:50:47,0.14791199615759
2011-07-19 15:42:33,0
2011-07-20 13:16:07,0
2011-07-20 16:31:50,0.25172522552588
2011-07-25 07:46:54,0
2011-07-25 07:50:57,0
2011-07-25 09:11:15,0
2011-07-25 16:19:27,0.04450708870401
2011-07-26 07:50:42,0
2011-07-26 17:06:01,0.090919679676693
2011-07-27 08:48:55,0
2011-07-27 16:28:11,0.10077698948964
2011-07-28 13:45:02,0
2011-07-28 13:46:01,0
2011-07-28 13:46:43,0
2011-07-29 16:00:22,0.10551980557595
2011-08-01 09:07:12,0
2011-08-01 16:17:36,0.04749097961924
2011-08-02 07:07:05,0
2011-08-02 11:19:51,0
2011-08-02 15:53:28,0.025745220212458
2011-08-03 09:53:28,0
2011-08-03 10:34:07,0
2011-08-03 15:34:55,0.11821442920653
2011-08-05 15:37:10,0
2011-08-08 07:29:26,0
2011-08-08 10:32:02,0
2011-08-08 16:05:50,0.038979038166321
2011-08-09 16:34:39,0.048469905235289
2011-08-10 07:28:35,0
2011-08-10 15:29:35,0.072529488825459
2011-08-11 08:30:05,0
2011-08-12 16:00:05,0.12895120160502
2011-08-15 16:04:56,0.19687921654541
2011-08-17 16:17:49,0.027561729243309
2011-08-19 15:53:21,0.12696717589121
2011-08-22 09:01:41,0
2011-08-22 16:26:13,0.087250017340594
2011-08-23 16:19:44,0.075183581271111
2011-08-24 14:54:36,0
2011-08-24 16:50:03,0.10799591154596
2011-08-25 15:28:54,0.056871913865016
2011-08-26 15:31:51,0.0639756682018
2011-08-29 15:45:25,0
2011-08-29 15:58:59,0
2011-08-29 16:15:11,0
2011-08-29 16:15:41,0
2011-08-29 16:46:29,0.087087735553976
2011-08-30 12:42:43,0
2011-08-30 14:09:01,0
2011-08-30 16:01:44,0.050553393979607
2011-08-31 09:07:07,0
2011-08-31 12:14:35,0
2011-08-31 15:37:02,0.21186672477402
2011-09-01 08:07:47,0
2011-09-01 08:13:22,0
2011-09-01 13:55:39,0
2011-09-01 13:56:19,0
2011-09-01 14:00:09,0
2011-09-01 16:10:51,0.059688288097285
2011-09-02 16:13:04,0.05047487053447
2011-09-05 09:04:03,0
2011-09-05 15:07:48,0
2011-09-05 16:18:53,0.16790406528963
2011-09-07 09:12:11,0
2011-09-07 16:16:45,0.045794873204267
2011-09-09 16:16:21,0.065807881921678
2011-09-12 09:07:41,0
2011-09-12 09:07:48,0
2011-09-12 09:12:07,0
2011-09-12 12:04:36,0
2011-09-12 16:11:07,0.062457548262472
2011-09-13 15:43:05,0
2011-09-13 16:47:26,0.10993282319268
2011-09-14 08:35:27,0
2011-09-14 16:36:38,0.031917163000276
2011-09-15 08:17:24,0
2011-09-15 08:51:27,0
2011-09-16 08:37:21,0
2011-09-16 15:30:02,0.12579455911049
2011-09-19 08:32:21,0
2011-09-19 09:12:40,0
2011-09-19 15:56:18,0.17752580476716
2011-09-21 09:22:39,0
2011-09-21 12:21:25,0
2011-09-21 15:51:39,0.023468040303467
2011-09-23 15:24:34,0.054380103205981
2011-09-27 10:24:21,0
2011-09-27 11:34:53,0
2011-09-27 15:19:34,0.16113534431876
2011-09-28 08:45:01,0
2011-09-28 15:19:17,0.097034038604743
2011-09-30 15:54:07,0.11509966588274
2011-10-04 11:29:40,0
2011-10-04 13:20:28,0
2011-10-05 15:51:52,0.055243861102495
2011-10-06 10:03:58,0
2011-10-06 16:14:30,0.070906670959282
2011-10-07 12:37:32,0
2011-10-07 15:38:26,0.062844930591818
2011-10-10 08:20:37,0
2011-10-10 08:27:32,0
2011-10-10 16:06:53,0.23893113886479
2011-10-11 15:51:26,0.038827226172388
2011-10-13 16:39:12,0.046428295661711
2011-10-14 16:03:55,0.16643829431372
2011-10-17 11:29:56,0
2011-10-17 11:34:54,0
2011-10-17 11:37:05,0
2011-10-17 11:38:12,0
2011-10-17 16:28:09,0.069310027574816
2011-10-18 15:52:34,0.025577703529498
2011-10-20 07:49:33,0
2011-10-20 09:00:16,0
2011-10-20 16:00:47,0.071880361678988
2011-10-24 10:11:48,0
2011-10-24 16:24:15,0.11246651302246
2011-10-25 16:24:14,0
2011-10-25 16:37:10,0.040622795617868
2011-10-27 15:48:34,0.13375683644744
2011-10-28 15:34:21,0.03286467923827
2011-10-31 09:30:13,0
2011-11-02 16:43:06,0.021745759406782
2011-11-03 16:37:03,0.04162789571563
2011-11-04 16:30:21,0.09091444478035
2011-11-08 17:10:11,0.031309915024545
2011-11-11 16:26:39,0.026493810389437
2011-11-14 16:27:10,0.058374329115316
2011-11-15 16:32:46,0.036047496214516
2011-11-17 16:28:58,0.01642186982645
2011-11-18 17:02:30,0.058468557249481
2011-11-21 16:31:44,0.088731493005524
2011-11-22 09:40:34,0
2011-11-22 17:22:03,0.026321058810134
2011-11-23 17:13:31,0.049124267278103
2011-11-25 16:57:36,0.030681727463444
2011-11-28 17:11:48,0.027624547999419
2011-11-29 17:08:12,0.068320632166082
2011-11-30 16:25:27,0.085611494785389
2011-12-01 17:08:55,0.076424251704286
2011-12-02 17:05:36,0.042266553069416
2011-12-05 16:38:00,0.033231121982246
2011-12-07 16:23:02,0.010762946880198
2011-12-08 17:13:27,0.027247635462758
2011-12-12 17:44:13,0.098222360074493
2011-12-13 17:00:18,0.027446561523774
2011-12-14 17:22:23,0.017772473082817
2011-12-15 16:51:02,0.015181199393276
2011-12-16 16:59:16,0.053301714559425
2011-12-16 16:59:16,0.059709227682655
2011-12-19 16:33:51,0.02802240012145
2011-12-20 17:05:45,0.044182525130774
2011-12-21 16:40:47,0.061698488292809
2011-12-23 15:41:24,0.029550989853462
2011-12-24 09:58:49,0.040491923209306
2011-12-24 09:58:49,0.043475814124536
2011-12-27 16:49:35,0.13529589597214
2011-12-27 16:49:36,0.0057322114950471
2011-12-27 16:49:37,0.0341367590495
2011-12-27 16:49:38,0.012940663758682
2011-12-27 16:49:39,0.037445213537965
2011-12-27 16:49:39,0.016453279204505
2011-12-27 16:49:40,0.014197038880884
2011-12-27 16:49:41,0.02084535723587
2011-12-27 16:49:42,0.011490597471807
2011-12-27 16:49:42,0.007129928818497
2011-12-28 16:45:30,0.034942933086246
2011-12-29 16:56:24,0.075026534380836
2011-12-29 16:56:26,0.010799591154596
2011-12-29 16:56:26,0.0067948954525764
2011-12-29 16:56:27,0.024598777913449
2011-12-29 16:56:28,0.0077110023125155
2011-12-29 16:56:29,0.0081140893308886
2011-12-29 16:56:30,0.0091924779774454
2011-12-30 15:51:55,0.02658280362726
2012-01-01 01:45:47,0.043784673008744
2012-01-01 01:45:49,0.009537981136051
2012-01-01 01:45:49,0.0039680514276217
2012-01-01 01:45:50,0.0022824148053338
2012-01-01 01:45:51,0.0028687231956948
2012-01-01 01:45:51,0.003271810214068
2012-01-01 01:45:52,0.0022981194943614
2012-01-01 01:45:53,0.0087370419956472
2012-01-01 01:45:54,0.0043449639642823
2012-01-01 01:45:54,0.0063761037451757
2012-01-01 01:45:55,0.0015495293173826
2012-01-01 16:46:13,0.036304006135299
2012-01-01 16:46:14,0.042083331697428
2012-01-02 16:33:27,0.14877051915776
2012-01-02 16:33:28,0.05383567398636
2012-01-02 16:33:29,0.018280258028041
2012-01-02 16:33:30,0.020834887443185
2012-01-02 16:33:31,0.0080983846418611
2012-01-02 16:33:31,0.010113819733727
2012-01-02 16:33:32,0.034576490342271
2012-01-02 16:34:41,0.018238378857301
2012-01-03 16:46:34,0.064048956750595
2012-01-04 16:52:30,0.061797951323316
2012-01-05 16:58:43,0.028216091286122
2012-01-09 17:15:30,0.057217417023621
2012-01-10 17:08:47,0.047883596844928
2012-01-11 16:51:03,0.081664382943137
2012-01-11 16:51:04,0.0050359702814935
2012-01-11 16:51:05,0.04008360129459
2012-01-11 16:51:05,0.018400660643918
2012-01-11 16:51:06,0.0078471096174207
2012-01-11 16:51:06,0.0047899301533956
2012-01-11 16:51:07,0.005936372452405
2012-01-11 16:51:07,0.0029263070554624
2012-01-11 16:51:08,0.0029367768481474
2012-01-12 17:45:55,0.027666427170159
2012-01-13 16:57:29,0
2012-01-16 16:53:12,0.026116897852776
2012-01-17 17:54:58,0.021159451016421
2012-01-18 16:43:05,0.085108944736508
2012-01-18 16:43:05,0.021515423967711
2012-01-18 16:43:06,0.015746568198266
2012-01-18 16:43:06,0.0067477813854938
2012-01-18 16:43:06,0.0082240221540813
2012-01-18 16:43:07,0.0092657665262406
2012-01-19 17:03:55,0.0062923454036956
2012-01-20 17:04:11,0.022813678260653
2012-01-23 16:10:35,0.012249657441471
2012-01-24 17:43:30,0.00019369116467283
2012-01-25 16:41:58,0.0017641600674255
2012-01-26 17:36:57,0.149859377597
2012-01-26 17:36:58,0.030953942073255
2012-01-26 17:36:58,0.027441326627431
2012-01-26 17:36:58,0.022567638132555
2012-01-26 17:36:58,0.0078732840991332
2012-01-26 17:36:58,0.013930059167416
2012-01-26 17:47:55,0.00064912714647109
2012-01-26 17:47:56,0.001779864756453
2012-01-26 17:47:56,0.0024970455553767
2012-01-26 17:47:56,0.0018479184089056
2012-01-27 17:11:24,0.097897796501257
2012-01-30 17:29:54,0.072382911727869
2012-01-30 17:29:55,0.089757532688656
2012-01-31 16:57:35,0.05375191564488
2012-01-31 16:57:36,0.064315936464063
2012-02-01 17:56:07,0.14065119493053
2012-02-01 17:56:07,0.035963737873035
2012-02-01 17:56:07,0.011108450038804
2012-02-01 17:56:07,0.020688310345595
2012-02-01 17:56:08,0.012631804874474
2012-02-01 17:56:08,0.0096688535446137
2012-02-01 17:56:08,0.0083810690443566
2012-02-01 17:56:08,0.01034939006914
2012-02-02 18:00:09,0.10049953998348
2012-02-02 18:00:09,0.010553551026498
2012-02-02 18:00:09,0.0088103305444423
2012-02-02 18:00:09,0.0067373115928088
2012-02-02 18:00:09,0.0070409355806743
2012-02-02 18:00:10,0.0072503314343747
2012-02-02 18:00:10,0.0061405334097628
2012-02-03 16:41:53,0.13651562681994
2012-02-03 16:41:53,0.025917971791761
2012-02-03 16:41:53,0.039120380367568
2012-02-03 16:41:53,0.01809180175971
2012-02-03 16:41:53,0.029116493457034
2012-02-03 16:41:53,0.0096217394775312
2012-02-04 17:24:45,0.0034759711714258
2012-02-06 17:53:35,0.13222301181909
2012-02-06 17:53:35,0.014558246728517
2012-02-06 17:53:36,0.0090301961908277
2012-02-06 17:53:36,0.011699993325507
2012-02-06 17:53:36,0.010527376544785
2012-02-06 17:53:36,0.0071089892331269
2012-02-06 17:53:36,0.0033503336592056
2012-02-06 17:53:36,0.0058421443182398
2012-02-06 17:53:37,0.0081350289162587
2012-02-07 17:11:57,0.15460219368331
2012-02-07 17:11:57,0.044219169405172
2012-02-07 17:11:57,0.019604686802695
2012-02-07 17:11:58,0.014170864399171
2012-02-07 17:11:58,0.0072608012270597
2012-02-07 17:11:58,0.0031985216652729
2012-02-07 17:11:58,0.0049312723546433
2012-02-07 17:11:59,0.0044025478240499
2012-02-08 17:36:06,0.04640735607634
2012-02-09 17:16:46,0.0070252308916468
2012-02-10 17:28:05,0.041491788410725
2012-02-12 17:04:53,0.0069362376538242
2012-02-13 18:18:14,0.085119414529193
2012-02-13 18:18:16,0.091207598975531
2012-02-14 16:49:45,0.065608955860663
2012-02-15 18:38:32,0.17001372851566
2012-02-15 18:38:32,0.1976906254785
2012-02-16 17:24:02,0.15021535054829
2012-02-16 17:24:02,0.17363104188833
2012-02-17 18:07:47,0.030524680573169
2012-02-20 17:53:20,0.033649913689647
2012-02-20 17:53:21,0.011548181331574
2012-02-20 17:55:52,0.0011202678172969
2012-02-21 17:39:39,0.064117010403048
2012-02-22 17:24:17,0.1330501254412
2012-02-23 16:34:38,0.035073805494809
2012-02-24 17:04:05,0.13230677016057
2012-02-24 17:04:05,0.13180945500803
2012-02-24 17:09:53,0.0017118111040004
2012-02-27 17:02:14,0.069074457239404
2012-02-27 17:02:14,0.079340088967063
2012-02-28 17:14:14,0.12323992969534
2012-02-28 17:14:15,0.1227792588172
2012-02-29 17:31:36,0.21281424101201
2012-02-29 17:31:36,0.21155263099347
2012-03-01 17:01:57,0.128752275544
2012-03-02 17:22:02,2.6174481712544E-5
2012-03-05 17:05:28,0.10005980869071
2012-03-05 17:05:28,0.099347862788132
2012-03-06 18:05:54,0.11740825516979
2012-03-06 18:05:54,0.011548181331574
2012-03-06 18:08:48,0.0012459053295171
2012-03-07 17:13:11,0.025028039413535
2012-03-08 17:00:15,0.12547523043359
2012-03-08 17:00:15,0.12581549869586
2012-03-09 08:53:38,0.0071246939221545
2012-03-09 13:01:18,0.0027744950615297
2012-03-09 16:58:37,0.12202543374388
2012-03-12 17:15:38,0.17872459602959
2012-03-12 17:15:38,0.17761479800498
2012-03-13 17:06:46,0.1480742779442
2012-03-13 17:06:46,0.14733092266357
2012-03-14 09:33:56,0.0023714080431565
2012-03-14 17:26:47,0.043559572466016
2012-03-16 17:38:35,0.064724258378779
2012-03-19 16:23:14,0.0010365094758167
2012-03-19 19:08:01,0.0035178503421659
2012-03-20 17:05:20,0.057871779066435
2012-03-20 17:37:12,0
2012-03-21 08:22:27,0
2012-03-21 17:24:15,0.074879957283246
2012-03-22 17:11:40,0.040444809142223
2012-03-23 17:30:08,0.16272675280689
2012-03-23 17:30:08,0.16472648320972
2012-03-24 17:27:58,0.00039261722568816
2012-03-26 17:15:22,0.11433537101673
2012-03-26 17:15:22,0.11504208202297
2012-03-27 16:51:37,0.11979013300563
2012-03-27 16:51:38,0.118863556353
2012-03-28 15:59:35,0.020588847315087
2012-03-30 09:31:21,0.00019369116467283
2012-03-30 15:59:51,0.11113684935146
2012-03-30 15:59:52,0.13143254247137
2012-03-31 17:42:53,0.00076429486600628
2012-04-02 17:09:40,0.26183381036326
2012-04-02 17:09:41,0.26516843933344
2012-04-03 16:30:12,0.001471005872245
2012-04-04 17:06:28,0.17031211760718
2012-04-04 17:06:28,0.16928084302771
2012-04-05 15:59:46,0.2040196151566
2012-04-05 15:59:47,0.20565290281546
2012-04-06 15:32:20,0.00086375789651395
2012-04-07 12:01:41,0.10696987186282
2012-04-09 15:56:55,0.034780651299628
2012-04-09 15:56:56,0.034539846067873
2012-04-10 16:50:16,0.047799838503448
2012-04-11 15:39:59,0.0079203981662158
2012-04-11 16:31:03,0.37027468809833
2012-04-11 16:31:03,0.3703689162325
2012-04-12 12:54:56,0.019630861284408
2012-04-13 17:10:54,0.067048552354853
2012-04-16 16:14:21,0.050930306516268
2012-04-17 15:45:16,0.0012459053295171
2012-04-19 16:44:19,0.050139837168549
2012-04-19 16:44:19,0.011548181331574
2012-04-20 15:53:35,0.072403851313239
2012-04-23 16:49:37,0.24450106857322
2012-04-23 16:49:37,0.2454590546039
2012-04-24 16:04:36,0.1313383143372
2012-04-24 16:04:36,0.13234341443496
2012-04-25 16:00:20,0.10348343089871
2012-04-26 16:12:38,0.030461861817059
2012-04-27 16:01:04,0.041528432685122
2012-04-30 15:53:45,0.07572277559439
2012-04-30 15:53:45,0.07568089642365
2012-04-30 16:02:26,0.11748154371858
2012-04-30 16:02:26,0.12007805230447
2012-05-02 15:57:23,0.19406807720949
2012-05-02 15:57:23,0.19303680263001
2012-05-03 16:40:05,0.13314435357537
2012-05-03 16:40:06,0.13426985628901
2012-05-04 15:58:57,0.10040007695298
2012-05-07 15:53:12,0.034210047598295
2012-05-08 15:55:14,0.0002408052317554
2012-05-09 16:12:21,0.066870565879207
2012-05-10 15:56:11,0.027629782895761
2012-05-11 15:47:50,0.0007747646586913
2012-05-14 15:52:25,0.19188512543466
2012-05-14 15:52:25,0.19062875031246
2012-05-15 17:18:05,0.1883306308181
2012-05-15 17:18:05,0.18848767770837
2012-05-16 16:12:09,0.0061195938243928
2012-05-17 13:26:16,0.0055332854340318
2012-05-17 15:37:19,0.21105531584093
2012-05-17 15:37:20,0.21053182620668
2012-05-21 15:57:02,0.08175337618096
2012-05-22 15:03:13,0.00024604012809791
2012-05-22 15:06:03,3.1409378055053E-5
2012-05-22 15:08:18,0.00063865735378607
2012-05-22 15:10:41,5.2348963425088E-6
2012-05-22 15:14:05,0.00015181199393276
2012-05-22 15:16:50,0.0010051000977617
2012-05-22 15:18:43,0.00032979846957805
2012-05-22 15:19:33,0.00013610730490523
2012-05-22 15:20:24,0.00032979846957805
2012-05-23 17:09:21,0.077303714289827
2012-05-23 17:09:21,0.086778876669768
2012-05-24 15:04:14,0.00013087240856272
2012-05-25 16:48:24,0.24593543017106
2012-05-25 16:48:24,0.2488826768119
2012-05-26 09:43:44,0.31724518814872
2012-05-26 09:43:45,0.31920827427716
2012-05-27 10:13:08,0.00015704689027526
2012-05-28 09:38:50,0.055709766876979
2012-05-28 09:38:51,0.061164528865873
2012-05-29 16:36:27,0.17347399499806
2012-05-29 16:36:27,0.17531144361428
2012-05-30 15:46:08,0.049380777198885
2012-05-31 16:52:16,0.71793985889337
2012-05-31 16:52:16,2.1265038875649
2012-06-01 17:29:09,0.037816891178284
2012-06-01 17:29:09,0.040183064325098
2012-06-04 16:00:23,0.07271794509379
2012-06-04 16:00:23,0.074152306691637
2012-06-05 16:00:07,0.069058752550376
2012-06-06 17:14:38,0.15837655394626
2012-06-06 17:14:38,0.15794205754983
2012-06-07 10:42:14,0.2579966313442
2012-06-07 22:45:12,0.25758307453315
2012-06-08 15:45:49,0.063028151963806
2012-06-08 15:45:50,0.011548181331574
2012-06-09 13:31:09,0.063159024372369
2012-06-11 15:45:12,0.044151115752719
2012-06-12 16:35:25,0.0075958345929803
2012-06-13 15:43:40,0.057788020724955
2012-06-13 15:43:41,0.060630569438937
2012-06-14 16:23:11,0.13254757539232
2012-06-14 16:23:11,0.13132784454452
2012-06-15 15:57:26,0.23873221280377
2012-06-15 15:57:26,0.23891019927942
2012-06-18 15:51:11,0.039246017879788
2012-06-19 15:58:22,0.033838369957977
2012-06-20 16:01:05,0.0022457705309363
2012-06-21 12:04:51,0.00084281831114392
2012-06-21 16:51:39,0.50732427434521
2012-06-22 15:54:28,0.11392181420568
2012-06-25 15:58:51,0.017406030338842
2012-06-26 16:14:09,0.1038760481244
2012-06-27 16:06:23,1.1614455119271
2012-06-29 15:48:02,0.16564259006966
2012-07-02 15:27:52,0.38719910797366
2012-07-03 16:10:53,0.041203869111887
2012-07-04 15:22:13,0.052762520236146
2012-07-04 16:31:48,0.038486957910125
2012-07-05 16:19:19,0.29735781694353
2012-07-06 15:37:19,0.40307131368415
2012-07-09 15:42:46,0.2575778396368
2012-07-09 17:17:17,1.1614455119271
2012-07-10 15:40:55,0.19664364621
2012-07-11 15:16:10,0.033508571488399
2012-07-12 14:04:39,0.014547776935832
2012-07-13 14:42:20,0.68978135146701
2012-07-16 14:40:53,0.039371655392009
2012-07-17 16:28:34,0.38390112327788
2012-07-18 16:36:16,0.020494619180922
2012-07-19 15:51:45,0.063635399939537
2012-07-20 16:04:51,0.28195151700752
2012-07-23 15:39:59,0.035262261763139
2012-07-24 15:57:01,0.8806718465966
2012-07-25 16:50:50,0.47849046529067
2012-07-26 15:49:48,0.070953785026364
2012-07-27 15:06:53,0
2012-07-27 16:31:05,0.46069181772614
2012-07-30 15:59:08,0.33714302914659
2012-07-31 16:03:41,0.35718744724206
2012-08-01 16:15:03,0.11470181376071
2012-08-02 16:06:21,0.068702779599085
2012-08-06 15:07:15,0.35068570598466
2012-08-07 07:56:12,0.060939428323145
2012-08-07 15:43:48,0
2012-08-07 15:46:24,0.033252061567616
2012-08-08 16:42:51,0.02218025580321
2012-08-08 19:24:49,0
2012-08-09 15:34:24,0.78849055690136
2012-08-10 10:27:16,0
2012-08-10 15:40:41,0.16182111573963
2012-08-13 08:41:17,0
2012-08-13 16:43:24,0.074701970807601
2012-08-14 11:02:09,0
2012-08-14 16:38:49,0.061808421116001
2012-08-15 16:44:01,0.36416032917028
2012-08-16 08:24:40,0
2012-08-16 16:14:26,0.62640246144826
2012-08-17 12:08:03,0
2012-08-17 15:52:39,0.057515806115144
2012-08-20 11:07:15,0
2012-08-20 16:01:10,0.98795057734363
2012-08-21 16:20:00,0.56410719497241
2012-08-21 19:49:03,0
2012-08-22 17:34:10,0.29276681285115
2012-08-23 13:04:19,0
2012-08-23 15:22:23,0.0090877800505953
2012-08-24 17:30:21,0.035152328939947
2012-08-27 09:19:04,0
2012-08-27 17:14:22,2.4776136201533
2012-08-28 10:30:19,0
2012-08-28 16:58:17,0.0579660072006
2012-08-29 11:20:36,0
2012-08-29 16:55:54,0.38790058408356
2012-08-30 11:21:14,0
2012-08-30 16:55:14,0.043768968319716
2012-08-31 11:44:30,0
2012-08-31 16:42:14,0.51755326179847
2012-09-03 09:58:54,0
2012-09-03 16:03:47,0.027734480822612
2012-09-04 15:35:59,0
2012-09-04 16:36:23,0.021478779693314
2012-09-05 16:01:55,0.74043420847713
2012-09-06 07:43:33,0
2012-09-06 16:36:07,0.030770720701267
2012-09-07 15:51:52,0
2012-09-07 15:58:48,0.65496405589299
2012-09-10 10:54:54,0
2012-09-10 16:43:05,0.31056022551933
2012-09-11 16:21:49,0.085679548437841
2012-09-12 09:05:27,0
2012-09-12 16:40:29,1.3802327696659
2012-09-13 10:07:21,0
2012-09-13 16:49:08,0.045784403411582
2012-09-13 17:46:04,0.040622795617868
2012-09-14 16:55:29,0.42213157126722
2012-09-17 08:05:49,0
2012-09-17 17:16:11,0.10382893405732
2012-09-18 10:40:09,0
2012-09-18 16:08:58,0.052129097778703
2012-09-19 11:07:09,0
2012-09-19 16:37:35,0.74572145378306
2012-09-20 15:25:16,0
2012-09-20 16:10:07,0.16326071223382
2012-09-21 16:48:00,0.32836410798021
2012-09-21 18:43:32,0
2012-09-24 08:12:19,0
2012-09-24 15:51:42,0.24503502800015
2012-09-25 09:21:34,0
2012-09-25 17:08:25,0.18038405817017
2012-09-26 16:35:18,0
2012-09-26 17:33:37,0.053851378675388
2012-09-28 16:33:55,0
2012-09-28 20:05:47,0.025001864931822
2012-10-01 09:40:03,0
2012-10-01 17:14:19,0.28391983803231
2012-10-02 10:40:57,0.00071718079892371
2012-10-02 13:21:58,0
2012-10-02 16:35:34,0.068980229105238
2012-10-04 12:14:07,0
2012-10-04 15:05:19,0.04440239077716
2012-10-05 12:15:08,0.0033712732445757
2012-10-05 12:19:03,0.00048161046351081
2012-10-05 13:40:11,0
2012-10-05 14:30:33,0.28121339662323
2012-10-08 10:13:01,0
2012-10-08 17:02:21,2.4748495948845
2012-10-08 17:21:37,0.11199537235163
2012-10-09 16:59:55,0.065943989226583
2012-10-10 08:27:13,0
2012-10-10 14:42:13,0.00052872453059339
2012-10-10 17:09:30,0.033194477707848
2012-10-11 08:28:13,0
2012-10-11 16:23:11,1.0392839708783
2012-10-12 15:01:04,0.49706911241024
2012-10-12 15:17:00,0
2012-10-15 14:31:29,0.97180092212699
2012-10-16 16:17:45,0.030817834768349
2012-10-17 16:47:07,0.025635287389266
2012-10-18 16:57:33,0.088851895621402
2012-10-19 16:41:57,0.30950801135449
2012-10-20 15:00:04,0.36605012674993
2012-10-22 16:37:34,0.23628228131548
2012-10-23 16:57:40,0.02236871207154
2012-10-24 16:36:45,0.013636904972235
2012-10-25 17:18:34,0.074021434283074
2012-10-26 18:07:36,0.27433474282917
2012-10-29 17:01:31,0.035293671141194
2012-10-30 17:02:56,0.39055991142555
2012-10-31 16:25:40,0.59324986291115
2012-11-01 16:43:03,0.025766159797828
2012-11-02 17:31:57,0.28700842687439
2012-11-05 16:25:59,0.28293044262357
2012-11-06 17:14:16,0.39797775954289
2012-11-07 17:49:21,0.026054079096666
2012-11-08 16:40:53,0.031121458756215
2012-11-09 18:33:35,0.61691159437929
2012-11-10 17:00:01,0.0686923098064
2012-11-10 19:15:14,0.00093704644530907
2012-11-12 10:55:32,0.0033922128299457
2012-11-12 17:16:29,0.39382648674328
2012-11-13 18:24:47,0.33403350071914
2012-11-14 16:47:28,0.0029001325737499
2012-11-14 18:29:03,0.31688398030109
2012-11-15 18:36:56,0.29167271951556
2012-11-16 16:37:39,0.72416938554095
2012-11-19 18:40:53,0.026090723371064
2012-11-21 17:51:30,0.013841065929593
2012-11-22 17:55:06,0.95353113389164
2012-11-23 16:43:57,0.027210991188361
2012-11-26 13:23:16,0.00024604012809791
2012-11-26 18:55:25,0.25605448480113
2012-11-27 17:16:22,0.29943083589516
2012-11-28 17:24:59,0.31705149698405
2012-11-29 17:40:27,0.28151178571475
2012-11-30 14:29:39,0.0010051000977617
2012-11-30 17:40:24,0.29736828673621
2012-12-02 10:20:20,0.086616594883151
2012-12-03 18:33:16,0.19148203841629
2012-12-04 17:32:42,0.038753937623593
2012-12-05 17:13:24,0.010511671855758
2012-12-06 17:00:54,0.82873643998257
2012-12-07 17:41:24,0.14623159443164
2012-12-10 18:05:27,0.13059495905657
2012-12-11 17:25:16,0.18966552938544
2012-12-12 17:07:48,0.087339010578417
2012-12-13 17:54:38,0.38604743077831
2012-12-14 18:22:08,0.55703485001368
2012-12-17 17:07:48,0.02960857371323
2012-12-18 17:36:31,0.45203853407198
2012-12-19 17:08:35,0.46725637773965
2012-12-20 10:20:07,0.051385742498066
2012-12-20 18:06:46,0.089354445670283
2012-12-21 17:39:34,0.361145028877
2012-12-23 19:35:08,0.093442899713782
2012-12-24 17:00:01,0.45482349892619
2012-12-27 16:52:45,0.21976094845852
2012-12-28 10:00:00,0.023609382504715
2012-12-28 17:00:01,0.013778247173483
2012-12-31 18:25:02,0.42754968898172
2013-01-02 17:25:18,0.58769040299541
2013-01-03 18:37:36,0.77741351624061
2013-01-04 17:44:24,0.23297382682701
2013-01-07 17:12:52,0.22447759006312
2013-01-08 17:41:29,0.02672938072485
2013-01-09 17:34:24,0.52744198098947
2013-01-10 17:01:39,0.051192051333394
2013-01-11 19:02:02,2.4693058396577
2013-01-14 12:23:06,0.046653396204438
2013-01-15 17:03:41,0.35235563791792
2013-01-16 17:38:13,0.284694602691
2013-01-17 17:33:57,0.54731888240198
2013-01-18 18:15:43,0.011145094313201
2013-01-21 18:06:08,0.27673232535404
2013-01-22 16:43:53,0.16849037367999
2013-01-23 18:14:56,0.37137401633026
2013-01-24 17:51:47,0.50104763363054
2013-01-25 17:34:11,0.29953029892567
2013-01-28 17:03:27,0.022944550669216
2013-01-29 17:17:25,0.31115176880604
2013-01-30 16:37:08,0.078418747210782
2013-01-31 17:57:38,0.20770498218172
2013-02-01 16:44:38,0.41000755133797
2013-02-04 18:37:54,0.21877155304979
2013-02-05 17:44:26,0.18440969345756
2013-02-06 17:24:33,2.4673479884256
2013-02-07 17:42:57,0.40518621180652
2013-02-08 11:19:49,0.009836370227574
2013-02-08 16:56:07,0.95647838053247
2013-02-11 17:29:44,0.054343458931584
2013-02-12 17:06:41,0.26944534964527
2013-02-13 17:01:12,0.84786998611444
2013-02-14 17:15:04,0.32343283562556
2013-02-15 17:26:55,0.35556986427223
2013-02-18 17:35:09,0.93773745162629
2013-02-19 17:15:26,0.76835191067173
2013-02-20 17:35:54,0.35851187601672
2013-02-21 17:33:34,0.33490772840834
2013-02-22 16:52:46,0.42805747392694
2013-02-25 16:31:27,0.34018973881793
2013-02-26 17:30:18,0.4568441689144
2013-02-27 17:04:20,0.14735709714528
2013-02-28 17:04:54,0.36206113573694
2013-03-01 18:18:19,0.76902721229991
2013-03-04 17:26:37,0.039565346556681
2013-03-05 23:29:42,0.29544184488217
2013-03-06 17:34:14,0.23056053961311
2013-03-07 17:25:44,0.27076977841993
2013-03-08 16:56:08,0.37051025843375
2013-03-11 16:39:17,0.14236300603453
2013-03-12 17:36:16,0.045993799265282
2013-03-13 17:53:31,0.52255782270191
2013-03-14 18:01:55,2.4625685280649
2013-03-15 16:56:02,0.33260960891398
2013-03-18 17:24:41,0.42493224081047
2013-03-19 17:27:41,0.2124687378534
2013-03-20 17:15:34,0.98433326397096
2013-03-21 17:13:47,0.1023736328741
2013-03-22 17:42:29,0.25825837616133
2013-03-25 18:02:42,0.22248309455662
2013-03-26 18:52:32,0.41714794994916
2013-03-27 17:45:49,0.41300714694223
2013-03-28 17:08:47,0.43812417959359
2013-03-29 16:45:03,0.19298968856293
2013-03-31 15:32:18,0.40916473302683
2013-04-01 16:00:02,0.42864378231731
2013-04-02 16:07:19,0.18903734182434
2013-04-03 16:53:51,0.24710281205544
2013-04-04 16:12:19,0.74030857096491
2013-04-05 16:15:40,0.61032609478042
2013-04-08 16:48:59,0.22140994080641
2013-04-09 17:31:24,0.50636628831453
2013-04-10 16:58:03,0.079811229637889
2013-04-11 16:40:16,0.18883841576332
2013-04-12 16:01:32,0.30069768081005
2013-04-15 16:07:17,0.38899467741914
2013-04-16 16:06:49,0.27111528157853
2013-04-17 16:56:37,0.43828122648386
2013-04-18 16:31:38,0.10126906974583
2013-04-19 16:30:10,0.17213386153437
2013-04-22 17:37:35,0.38244582209467
2013-04-23 16:21:02,0.25309153347127
2013-04-24 16:00:40,0.022442000620335
2013-04-25 16:38:21,0.20190995193056
2013-04-26 16:40:13,0.0045124806472426
2013-04-26 16:40:13,0.0045752994033527
2013-04-26 16:40:13,0.0069990564099343
2013-04-29 16:29:18,0.2271840314722
2013-04-30 15:43:37,0.28485688447762
2013-05-01 16:25:13,0.21660430596399
2013-05-02 15:57:53,0.23873221280377
2013-05-03 18:23:58,0.14356179729696
2013-05-05 11:41:41,0.15427239521373
2013-05-05 14:14:52,0.20275800513805
2013-05-06 16:04:39,0.60008663753447
2013-05-07 16:27:07,0.57936168291448
2013-05-08 16:51:47,0.37725803981924
2013-05-09 16:30:02,0.20180001910737
2013-05-10 16:24:18,0.21079880592014
2013-05-13 16:12:16,0.49546199923309
2013-05-14 16:33:01,0.23865368935863
2013-05-15 17:01:50,0.27733433843343
2013-05-16 16:12:51,0.37670837570328
2013-05-17 15:34:05,0.41649882280268
2013-05-20 16:00:02,0.37974461558193
2013-05-21 16:41:41,0.30031553337704
2013-05-22 15:08:01,0.28993996882619
2013-05-23 15:53:01,0.41070379255153
2013-05-24 15:31:31,0.46865932995944
2013-05-27 16:32:48,0.98539071303214
2013-05-28 16:25:12,2.4579042354238
2013-05-29 17:32:43,0.46215758870205
2013-05-30 16:09:29,0.54537673585891
2013-05-31 16:02:54,0.5357078823143
2013-06-03 16:11:00,0.31618773908753
2013-06-04 15:52:11,0.21473544796971
2013-06-05 17:28:09,0.19448163402054
2013-06-06 16:39:42,0.24323945855467
2013-06-07 17:41:11,0.48633234001175
2013-06-10 17:21:16,0.0880143122066
2013-06-11 16:22:08,0.36275214205415
2013-06-12 17:07:33,0.68687074910058
2013-06-13 16:14:25,0.81224651650367
2013-06-14 16:16:20,0.59418167446012
2013-06-15 16:06:53,0.4781606668211
2013-06-17 16:52:43,0.52223849402502
2013-06-18 15:43:57,0.32471015033314
2013-06-19 09:35:41,0.33160974371256
2013-06-19 15:46:45,0.43522928191618
2013-06-20 17:23:07,0.22482309322173
2013-06-21 16:52:48,0.55092049108563
2013-06-24 16:02:08,0.67177330804878
2013-06-25 15:52:04,0.30070291570639
2013-06-26 17:12:53,0.026294884328422
2013-06-26 17:12:58,0.015683749442156
2013-06-26 17:13:03,0.012862140313544
2013-06-26 17:13:09,0.01064254426432
2013-06-26 17:13:15,0.012558516325679
2013-06-26 17:13:20,0.009506571757996
2013-06-26 17:13:24,0.015296367112811
2013-06-27 17:29:16,0.027148172432251
2013-06-27 17:29:18,0.0069781168245642
2013-06-27 17:29:21,0.037764542214858
2013-06-27 17:29:23,0.011836100630412
2013-06-28 16:44:58,0.65548754552724
2013-07-01 16:58:29,0.63974097732897
2013-07-02 15:50:55,0.55801901052607
2013-07-03 16:24:09,0.12054395807895
2013-07-04 16:31:17,0.41339452927158
2013-07-05 16:12:36,0.53394372224687
2013-07-08 16:09:09,1.1121170836916
2013-07-09 15:49:38,0.41297573756418
2013-07-10 16:30:52,0.60609106363933
2013-07-11 16:34:38,0.48971931794536
2013-07-12 15:25:28,0.057479161840747
2013-07-15 16:02:31,0.28540131369724
2013-07-16 16:01:02,0.51828614728643
2013-07-17 16:24:03,0.38872769770568
2013-07-18 16:56:45,0.24995583056211
2013-07-19 16:30:11,0.33356759494466
2013-07-22 13:38:45,0
2013-07-22 16:30:14,0.32456880813189
2013-07-23 16:30:16,0.2750152793537
2013-07-24 16:30:10,0.3154077395325
2013-07-25 16:30:11,0.14275038836387
2013-07-26 17:52:54,0.20773639155978
2013-07-29 10:59:22,0.057761846243242
2013-07-29 12:15:14,0.013663079453948
2013-07-29 16:33:14,0.17572500042534
2013-07-30 16:45:08,0.26167152857664
2013-07-31 16:51:37,0.55869431215425
2013-08-01 16:17:32,0.340037926824
2013-08-02 16:16:26,0.39352809765176
2013-08-05 15:43:48,0.445206994345
2013-08-06 16:54:14,0.26388065483318
2013-08-07 16:49:07,0.38864917426054
2013-08-08 17:14:25,0.37355696810509
2013-08-09 16:49:48,0.28545366266066
2013-08-12 16:31:22,0.3084872065677
2013-08-13 16:54:00,0.30899499151292
2013-08-14 16:24:03,0.28128668517203
2013-08-15 15:41:55,0.22755047421617
2013-08-16 16:46:50,0.52168359501271
2013-08-19 17:09:36,1.253087607299
2013-08-20 20:00:29,0.87768795568137
2013-08-21 16:32:08,0.36202449146254
2013-08-22 15:55:11,0.30933525977519
2013-08-23 16:31:35,0.13994448392429
2013-08-26 16:40:55,0.091176189597476
2013-08-27 16:07:31,0.32640102185177
2013-08-28 16:00:42,0.53043110680105
2013-08-29 18:07:29,0.41034258470389
2013-08-30 16:49:01,0.058698892688551
2013-09-02 15:58:51,0.23068617712534
2013-09-03 16:42:08,0.72315905054685
2013-09-04 16:22:08,0.19371733915454
2013-09-05 16:11:37,0.23607288546178
2013-09-06 16:35:30,0.53998479262612
2013-09-09 16:39:27,0.29204963205222
2013-09-10 06:22:09,0.3830530700704
2013-09-10 16:27:07,0.35498355588186
2013-09-11 16:20:00,0.59974113437586
2013-09-12 16:10:59,0.43863196453881
2013-09-13 16:28:06,0.39985185243351
2013-09-14 16:30:15,0.95293959060493
2013-09-16 17:02:05,0.22268202061764
2013-09-17 15:57:40,0.10567161756988
2013-09-19 17:14:50,0.37941481711235
2013-09-20 16:22:14,0.48205019480358
2013-09-23 16:31:14,0.19324619848371
2013-09-24 16:29:43,0.38551347135138
2013-09-25 17:01:38,0.11690047022456
2013-09-26 16:42:03,0.22590148186828
2013-09-27 16:49:16,0.10900624654006
2013-09-30 16:51:34,0.12976261053811
2013-10-01 16:30:44,0.098086252769587
2013-10-02 16:03:54,0.38329911019849
2013-10-03 16:00:13,0.19963277202157
2013-10-04 16:32:12,0.1033211491121
2013-10-07 16:39:46,0.15634017926903
2013-10-08 16:43:16,0.15338246283551
2013-10-09 16:54:37,0.40091977128738
2013-10-10 16:59:33,0.44597652410735
2013-10-11 16:43:14,0.098955245562444
2013-10-14 17:36:19,0.31664840996567
2013-10-15 16:35:53,0.020368981668702
2013-10-16 16:38:41,0.24631757760407
2013-10-17 17:17:16,0.18479184089056
2013-10-18 16:30:12,0.1182353687919
2013-10-19 15:35:03,0.053631513029003
2013-10-21 15:30:09,0.066933384635317
2013-10-21 15:45:30,0.14522649433388
2013-10-22 16:23:09,0.22150940383692
2013-10-23 16:44:07,0.34624127898987
2013-10-24 16:47:42,0.27588427214656
2013-10-25 16:49:08,0.3914393740111
2013-10-28 17:40:12,0.26176052181447
2013-10-29 17:41:16,0.18054110506044
2013-10-30 17:53:52,0.11814637555408
2013-10-31 17:18:51,0.39836514187223
2013-11-01 17:03:55,0.15138273243267
2013-11-04 17:23:56,0.15736621895216
2013-11-05 17:31:10,0.24573126921371
2013-11-06 17:19:59,0.18396996216479
2013-11-07 18:00:55,0.18114835303617
2013-11-08 17:49:48,0.45409061343824
2013-11-11 17:54:15,0.38820944296777
2013-11-12 16:46:55,0.33522705708524
2013-11-13 17:13:16,0.22408497283743
2013-11-14 17:53:20,0.15098488031064
2013-11-15 16:56:36,0.16144943809931
2013-11-16 17:30:12,0.19003720702575
2013-11-18 17:24:31,0.050961715894323
2013-11-19 17:39:26,0.26648239831541
2013-11-20 17:49:02,0.27961675323876
2013-11-21 17:02:04,0.096856052129098
2013-11-22 17:28:15,0.13704435135054
2013-11-25 17:46:59,0.13141683778234
2013-11-26 17:24:33,0.25700200103913
2013-11-27 16:56:12,0.13905455154606
2013-11-28 17:18:40,0.3920309172978
2013-11-29 18:20:21,0.25257851362971
2013-12-02 17:04:36,0.11716744993803
2013-12-03 17:57:34,0.34702651344125
2013-12-04 17:23:46,0.20638578830341
2013-12-05 16:58:14,0.051485205528574
2013-12-06 17:08:24,0.075141702100371
2013-12-09 16:56:30,0.10326356525233
2013-12-10 17:35:16,0.12744355145838
2013-12-11 17:40:27,0.16071131771502
2013-12-12 18:32:42,0.41395989807657
2013-12-13 10:31:58,0.18926244236706
2013-12-13 17:00:36,0.36137012941972
2013-12-16 17:29:03,0.048056348424231
2013-12-17 17:46:26,0.31075915158035
2013-12-18 17:26:26,0.3235480033451
2013-12-19 17:37:49,0.070644926142156
2013-12-20 17:30:12,0.14316918007127
2013-12-23 19:23:53,0.14896944521877
2013-12-24 17:24:11,0.18279734538406
2013-12-27 17:00:24,0.24294106946315
2013-12-30 17:30:02,0.15676944076911
2013-12-31 17:31:03,0.087998607517573
2014-01-02 17:11:29,0.35100503466156
2014-01-03 16:51:40,0.17100312392439
2014-01-06 17:37:26,0.29627419340063
2014-01-07 17:28:55,0.14710582212084
2014-01-08 17:17:53,0.52742627630045
2014-01-09 18:38:02,0.049050978729307
2014-01-10 17:36:19,0.30782760962854
2014-01-13 17:07:57,0.20328672966864
2014-01-14 17:40:10,0.39333440648708
2014-01-15 17:22:55,0.37299159930009
2014-01-16 17:30:04,0.19697867957592
2014-01-17 16:55:25,0.31608827605702
2014-01-18 17:30:01,0.31384250552609
2014-01-20 18:03:50,0.21980282762926
2014-01-21 17:40:49,0.12958985895881
2014-01-22 17:37:37,0.067378350824431
2014-01-23 17:13:25,0.35651738051022
2014-01-24 18:29:10,0.17832150901122
2014-01-27 17:44:50,0.49900602405697
2014-01-28 17:44:10,0.2282310107407
2014-01-29 17:24:27,0.25376160020311
2014-01-30 18:05:29,0.14621588974261
2014-01-31 16:58:12,0.25009193786702
2014-02-02 17:57:44,0.35950650632179
2014-02-03 15:27:10,0.23519342287624
2014-02-03 17:47:24,0.37903790457569
2014-02-04 17:11:54,0.014532072246804
2014-02-05 17:25:49,0.11368624387026
2014-02-06 17:23:12,0.21717490966532
2014-02-07 17:34:24,0.5373464048695
2014-02-10 17:57:29,0.29666681062632
2014-02-11 16:52:18,0.39076407238291
2014-02-12 17:28:55,0.15431427438447
2014-02-13 17:16:27,0.15131467878022
2014-02-14 17:52:35,0.1691447357228
2014-02-17 17:39:22,0.23349208156492
2014-02-18 16:58:11,0.085773776572007
2014-02-19 17:10:37,0.28187299356239
2014-02-20 17:30:34,0.1339609974048
2014-02-21 17:12:16,0.045308027844414
2014-02-24 16:56:34,0.37527924900177
2014-02-25 17:16:28,0.094594576909134
2014-02-26 16:56:25,0.3371063848722
2014-02-27 17:42:02,0.13990783964989
2014-02-28 17:01:48,0.69902094351154
2014-03-01 17:00:01,0.11846046933463
2014-03-03 17:07:35,0.17150043907693
2014-03-04 11:17:33,0.026891662511468
2014-03-04 17:05:29,0.095055247787275
2014-03-05 18:01:41,0.31930250241132
2014-03-06 17:45:01,0.35131912844211
2014-03-07 17:11:43,0.28372614686763
2014-03-10 17:13:30,0.33103390511489
2014-03-11 16:47:18,0.064965063610534
2014-03-12 16:56:51,0.21895477442177
2014-03-13 17:41:51,0.43077438512871
2014-03-14 16:37:10,0.24891932108629
2014-03-17 17:35:44,0.50226736447835
2014-03-18 16:36:32,0.27006306741369
2014-03-19 16:49:05,0.11125725196734
2014-03-20 17:24:18,0.11508396119371
2014-03-21 17:03:36,0.39852218876251
2014-03-24 16:54:36,0.1824204328474
2014-03-25 17:13:30,0.30176036476758
2014-03-26 17:38:20,0.34772798955115
2014-03-27 17:50:26,0.086846930322221
2014-03-28 17:29:41,0.079366263448776
2014-03-31 16:26:59,0.17562553739483
2014-04-01 16:28:38,0.19295827918487
2014-04-02 17:06:01,0.13815938427149
2014-04-03 16:17:59,0.12802985984874
2014-04-04 13:34:21,0.13980837661938
2014-04-04 16:23:40,0.23776375698041
2014-04-07 16:00:52,0.28128668517203
2014-04-08 15:58:59,0.25888132882609
2014-04-09 15:53:35,0.18100701083493
2014-04-10 16:06:40,0.20576283563865
2014-04-11 16:07:12,0.24856858303135
2014-04-14 17:01:40,0.16973627900951
2014-04-15 16:41:23,0.18565036389073
2014-04-16 16:36:52,0.17261547199789
2014-04-17 16:23:08,0.089443438908105
2014-04-18 15:10:52,0.1266216727326
2014-04-22 16:43:34,0.0068367746233165
2014-04-23 16:42:06,0.1195650324629
2014-04-24 13:34:30,0.019002673723307
2014-04-24 16:08:20,0.26270803805246
2014-04-25 08:51:58,0.081570154808972
2014-04-25 16:50:28,0.10996946746708
2014-04-28 17:10:41,0.02366173146814
2014-04-29 16:10:00,0.1261662367508
2014-04-30 16:18:46,0.078471096174207
2014-05-01 16:01:28,0.085637669267101
2014-05-02 15:50:11,0.084192837876569
2014-05-05 09:59:10,0.070854321995857
2014-05-05 16:32:26,0.28517097825817
2014-05-06 16:22:54,0.1882939865437
2014-05-07 16:38:57,0.30473378589012
2014-05-08 16:30:28,0.11761241612715
2014-05-09 16:12:17,0.2728480322679
2014-05-12 16:26:28,0.073812038429374
2014-05-13 16:15:56,1.6740570315782
2014-05-14 16:15:06,0.16070608281868
2014-05-15 14:22:30,0.13391911823406
2014-05-16 16:11:24,0.20271612596731
2014-05-19 16:18:40,0.12664261231797
2014-05-20 16:24:30,0.17217574070511
2014-05-21 16:08:09,0.11357107615073
2014-05-22 16:24:15,0.11613094046222
2014-05-23 16:14:58,0.14678649344395
2014-05-26 15:59:58,0.25288213761757
2014-05-27 16:07:47,0.21175155705448
2014-05-28 15:24:05,0.051333393534641
2014-05-29 16:00:01,0.096363971872902
2014-05-30 15:59:43,0.22068752511114
2014-06-02 10:14:54,0.060264126694961
2014-06-02 12:16:40,0.035712462848595
2014-06-02 16:28:29,0.22776510496622
2014-06-03 16:13:58,0.21482444120753
2014-06-04 16:27:14,0.026619447901657
2014-06-05 18:44:11,0.14154112730875
2014-06-06 12:25:04,0.2407057687249
2014-06-06 16:53:29,0.18284445945115
2014-06-09 16:00:01,0.42769103118297
2014-06-10 16:03:38,0.35589442784546
2014-06-11 16:14:20,0.24775193920191
2014-06-12 16:23:59,0.090715518719335
2014-06-13 16:21:40,0.16087359950164
2014-06-16 15:13:04,0.21252108681683
2014-06-17 16:10:10,0.069362376538242
2014-06-18 16:37:29,0.1681344007287
2014-06-19 16:05:36,0.11672248374892
2014-06-20 15:40:58,0.17907533408454
2014-06-23 16:06:16,0.13277791083139
2014-06-24 16:10:01,0.12390476153084
2014-06-25 16:09:22,0.22628362930129
2014-06-26 14:36:15,0.19823505469812
2014-06-27 15:53:01,0.12137630659741
2014-06-30 16:18:27,0.19543438515488
2014-07-01 16:15:40,0.13785576028363
2014-07-02 16:44:27,0.072194455459539
2014-07-03 16:07:59,0.19518834502678
2014-07-04 15:32:55,0.082831764827517
2014-07-07 16:02:51,0.096876991714468
2014-07-08 16:13:16,0.10463510809407
2014-07-09 16:11:51,0.1977639140273
2014-07-10 16:31:57,0.37453589372113
2014-07-11 15:51:44,0.08463256916934
2014-07-13 14:23:25,0.067572041989104
2014-07-14 11:32:29,0.19050311280024
2014-07-15 16:09:40,0.070812442825117
2014-07-16 16:08:51,0.10147323070319
2014-07-17 16:42:18,0.1169423493953
2014-07-18 16:29:21,0.081135658412544
2014-07-21 16:01:23,0.30508452394507
2014-07-22 15:50:47,0.23309946433923
2014-07-23 16:15:49,0.09195618915251
2014-07-24 16:08:12,0.31487378010556
2014-07-25 15:34:38,0.21945208957431
2014-07-28 16:26:01,0.085354984864606
2014-07-29 14:26:08,0.13416515836216
2014-07-29 19:18:33,0.026116897852776
2014-07-30 15:52:05,0.19693680040518
2014-07-31 16:10:42,0.076408547015258
2014-08-01 16:45:51,0.20074257004618
2014-08-02 14:00:01,0.051212990918764
2014-08-03 14:57:08,0.040183064325098
2014-08-04 16:21:02,0.15904138578176
2014-08-05 15:56:29,0.15839225863529
2014-08-06 16:32:52,0.11715698014535
2014-08-07 16:10:33,0.117717114054
2014-08-08 09:41:53,0.027326158907896
2014-08-08 16:04:19,0.037759307318516
2014-08-11 16:16:04,0.13820126344223
2014-08-12 16:11:44,0.090129210328974
2014-08-13 16:13:07,0.27937594800701
2014-08-14 16:12:41,0.080266665619687
2014-08-15 16:18:58,0.10679712028352
2014-08-17 14:30:48,0.093039812695409
2014-08-18 16:18:49,0.1562511860312
2014-08-18 16:25:30,0.0078471096174207
2014-08-19 16:20:57,0.050464400741785
2014-08-21 16:07:47,0.084250421736337
2014-08-22 16:14:41,0.12416650634797
2014-08-25 16:10:01,0.17822728087705
2014-08-25 16:15:09,0.0035544946165635
2014-08-26 16:50:32,0.073749219673264
2014-08-27 16:04:53,0.05771473217616
2014-08-28 15:22:48,0.10467175236846
2014-08-29 16:05:35,0.078884652985265
2014-09-01 16:15:04,0.013490327874645
2014-09-02 16:07:38,0.045658765899362
2014-09-03 16:19:39,0.26924642358426
2014-09-04 16:44:35,0.15208420854257
2014-09-05 16:48:17,0.11321510319944
2014-09-08 16:35:26,0.10355148455117
2014-09-09 16:16:53,0.056301310163682
2014-09-10 16:08:28,0.17135909687568
2014-09-11 09:17:27,0.11034638000374
2014-09-11 16:20:04,0.16490970458171
2014-09-12 15:30:50,0.18639895406771
2014-09-14 12:54:04,0.087485587676007
2014-09-15 15:58:37,0.085501561962196
2014-09-16 13:10:04,0.061065065835365
2014-09-16 16:12:32,0.17540567174844
2014-09-17 16:40:01,0.41961882102282
2014-09-18 08:06:44,0.19358646674598
2014-09-18 16:52:41,0.064169359366473
2014-09-19 10:23:56,0.079151632698733
2014-09-19 15:44:56,0.11173362753451
2014-09-22 16:23:53,0.1216589909999
2014-09-24 16:34:53,0.34398503866625
2014-09-25 12:06:41,0.099792828977245
2014-09-25 15:17:54,0.10034249309321
2014-09-26 15:56:23,0.25358361372747
2014-09-27 15:05:01,0.035508301891237
2014-09-28 16:43:12,0.057688557694447
2014-09-29 16:14:09,0.25006052848896
2014-09-30 16:19:29,0.24903972370217
2014-10-01 07:56:05,0.24917583100708
2014-10-01 16:04:27,0.11922476420064
2014-10-02 05:30:00,0.035832865464473
2014-10-03 16:00:01,0.30683821421981
2014-10-04 14:00:01,0.089218338365377
2014-10-06 16:25:43,0.087920084072435
2014-10-07 16:32:05,0.185043115915
2014-10-08 04:00:00,0.01466817955171
2014-10-08 16:06:04,0.20849545152944
2014-10-09 16:23:01,0.35135577271651
2014-10-10 16:12:59,0.13754690139942
2014-10-13 16:06:20,0.2397582524869
2014-10-14 16:07:51,0.2231322217031
2014-10-15 16:09:53,0.036644274397562
2014-10-16 09:31:50,0.081978476723688
2014-10-16 15:49:44,0.044093531892952
2014-10-17 16:16:59,0.17166272086355
2014-10-18 16:00:01,0.14188663046736
2014-10-19 14:08:20,0.030378103475579
2014-10-20 16:20:15,0.15852313104385
2014-10-21 16:16:46,0.13057925436754
2014-10-22 16:27:49,0.054605203748709
2014-10-23 16:23:10,0.10634168430172
2014-10-24 15:50:42,0.14446743436422
2014-10-27 17:16:32,0.2907409079666
2014-10-28 10:26:04,0.0062138219585579
2014-10-28 17:20:54,0.063923319238375
2014-10-29 17:12:39,0.2180962514216
2014-10-30 13:59:57,0.084041025882636
2014-10-30 14:54:41,0.25094522597084
2014-10-31 11:18:20,0.13733750554572
2014-10-31 14:11:35,0.13919065885097
2014-10-31 16:54:48,0.10497014145999
2014-11-03 17:11:34,0.14249911333943
2014-11-04 17:16:15,0.080486531266073
2014-11-06 17:05:07,0.11579067219995
2014-11-07 17:24:59,0.14289696546146
2014-11-10 17:18:21,0.18091278270076
2014-11-11 17:27:19,0.19401049334972
2014-11-12 16:53:51,0.17838432776733
2014-11-13 16:46:36,0.091411759932889
2014-11-14 17:11:28,0.28831715096001
2014-11-17 17:38:58,0.12661643783626
2014-11-18 16:44:03,0.16056474061743
2014-11-19 16:58:27,0.32275229910104
2014-11-20 16:21:04,0.2263464480574
2014-11-21 16:55:18,0.25557810923396
2014-11-21 22:15:01,0.081392168333327
2014-11-24 17:13:20,0.20182619358908
2014-11-25 17:02:25,0.14263522064434
2014-11-26 17:05:19,0.19754928327725
2014-11-27 16:29:59,0.52885540300195
2014-11-28 16:59:05,0.075796064143185
2014-12-01 17:12:30,0.12626569978131
2014-12-02 16:58:10,0.034738772128888
2014-12-03 09:01:59,0.18890123451943
2014-12-03 16:49:45,0.018206969479246
2014-12-04 17:42:31,0.27365944120099
2014-12-05 16:43:12,0.19007385130015
2014-12-08 13:29:40,0.02702253492003
2014-12-08 17:29:45,0.058578490072673
2014-12-09 10:23:25,0.074843313008848
2014-12-09 16:39:06,0.22245692007491
2014-12-10 10:31:19,0.16047574737961
2014-12-10 17:04:22,0.1655850062099
2014-12-11 17:32:02,0.13773535766775
2014-12-12 12:05:56,0.13505509074038
2014-12-12 16:58:22,0.010291806209372
2014-12-12 16:58:23,0.006522680842766
2014-12-12 16:58:24,0.0092814712152681
2014-12-15 09:47:47,0.92695356516072
2014-12-15 17:02:46,0.22771275600279
2014-12-16 10:20:26,0.044287223057624
2014-12-16 13:12:31,0.51734386594477
2014-12-16 17:22:28,0.11682718167577
2014-12-17 10:31:13,0.0087789211663873
2014-12-17 17:39:35,0.30683821421981
2014-12-18 16:00:38,0.16772084391764
2014-12-19 15:31:21,0.17876124030399
2014-12-21 09:47:24,0.13543723817339
2014-12-21 22:19:02,0.12880985940377
2014-12-22 09:08:36,0.031739176524631
2014-12-22 17:05:01,0.089228808158062
2014-12-23 08:38:49,0.033529511073769
2014-12-23 17:25:00,0.042161855142566
2014-12-24 13:46:59,0.079408142619516
2014-12-24 18:34:26,0.33418007781673
2014-12-25 12:56:11,0.074989890106439
2014-12-26 20:11:31,0.079816464534232
2014-12-27 17:47:13,0.16211426993481
2014-12-28 06:40:13,0.14539924591318
2014-12-28 16:59:53,0.14190757005273
2014-12-29 14:28:01,0.14191803984541
2014-12-30 08:44:51,0.098379406964768
2014-12-31 11:39:38,0.20119277113164
2014-12-31 16:47:20,0.12159617224379
2015-01-01 12:16:57,0.19022566329408
2015-01-02 09:35:12,0.29420640934534
2015-01-02 16:21:04,0.13966179952179
2015-01-03 18:05:42,0.18790660421435
2015-01-04 17:35:59,0.24110885574327
2015-01-05 15:38:36,0.069451369776064
2015-01-05 21:00:01,0.18913680485484
2015-01-06 09:32:20,0.14492287034601
2015-01-06 15:05:59,0.27598897007341
2015-01-06 19:00:01,0.47891449189442
2015-01-07 09:45:30,0.17984486384689
2015-01-07 15:07:15,0.11716744993803
2015-01-07 17:16:52,0.20960524955405
2015-01-08 08:50:56,0.17104500309513
2015-01-08 16:19:47,0.17241131104053
2015-01-09 09:08:07,0.15124662512776
2015-01-09 16:58:31,0.12826019528781
2015-01-11 17:24:01,0.20725478109627
2015-01-12 09:50:15,0.11520959870593
2015-01-12 15:53:21,0.033095014677341
2015-01-12 17:04:28,0.19405237252046
2015-01-13 10:10:14,0.19515170075239
2015-01-13 13:46:41,0.11050342689402
2015-01-13 17:26:08,0.1947590835267
2015-01-14 09:33:37,0.053495405724097
2015-01-14 15:04:15,0.094840617037232
2015-01-14 17:11:47,0.23370147741862
2015-01-15 08:57:02,0.51576816214568
2015-01-15 17:06:52,0.11579067219995
2015-01-16 13:44:21,0.12788851764749
2015-01-16 13:46:05,0.13013952307477
2015-01-18 10:02:28,0.16508245616101
2015-01-19 09:29:47,0.091532162548766
2015-01-19 17:23:26,0.17880311947473
2015-01-20 10:12:01,0.11314181465064
2015-01-20 17:15:26,0.23243463250373
2015-01-21 09:08:17,0.19389009073384
2015-01-21 17:12:11,0.4838509991454
2015-01-22 09:13:35,0.13281979000213
2015-01-22 17:33:06,0.22489114687418
2015-01-23 16:50:09,0.16016165359906
2015-01-25 12:06:55,0.10295994126446
2015-01-26 09:10:54,0.11367053918124
2015-01-26 14:12:15,0.20166391180247
2015-01-26 16:46:02,0.11351349229096
2015-01-27 09:03:16,0.077507875247185
2015-01-27 16:59:19,0.11001134663782
2015-01-28 10:25:16,0.5208198371162
2015-01-28 17:47:09,0.11819348962116
2015-01-29 09:17:31,0.064462513561653
2015-01-29 13:59:26,0.10466128257578
2015-01-30 10:32:00,0.093081691866149
2015-01-30 16:07:37,0.12213013167073
2015-01-30 16:07:37,0.1267316055558
2015-01-30 16:58:48,0.13087764345906
2015-01-31 12:02:47,2.9818283660711
2015-02-01 12:54:59,0.1487391097797
2015-02-02 13:26:42,0.11778516770645
2015-02-02 17:01:40,0.0083863039406991
2015-02-02 20:00:02,0.10533658420396
2015-02-02 20:30:01,0.083344784669083
2015-02-03 10:05:26,0.18146244681672
2015-02-03 16:47:18,0.092908940286846
2015-02-04 16:14:01,0.12746449104375
2015-02-04 19:00:02,0.074508279642928
2015-02-04 21:00:01,0.091333236487751
2015-02-05 10:21:50,0.1319665018983
2015-02-05 13:31:48,0.54041928902255
2015-02-06 09:11:21,0.066289492385189
2015-02-06 16:12:03,0.20060122784494
2015-02-07 17:01:16,3.0002761407821
2015-02-08 17:40:01,0.16102017659923
2015-02-09 11:58:26,0.16464272486824
2015-02-09 16:55:19,0.16056997551377
2015-02-10 10:54:16,0.066242378318106
2015-02-10 17:07:05,0.19286928594705
2015-02-11 10:42:04,0.064483453147023
2015-02-11 16:52:35,0.074361702545337
2015-02-11 16:52:59,0.064980768299562
2015-02-12 08:57:02,0.061112179902448
2015-02-12 13:33:27,0.15744474239729
2015-02-12 17:09:10,0.18659788012873
2015-02-13 12:38:55,0.084643038962025
2015-02-13 14:38:50,0.18460861951857
2015-02-13 16:53:05,0.12140771597546
2015-02-14 17:38:41,3.0005640600809
2015-02-15 16:16:31,0.24521824937214
2015-02-16 11:19:37,0.15894192275125
2015-02-16 16:58:36,0.096620481793685
2015-02-17 08:45:07,0.20437558810789
2015-02-17 17:07:37,0.26221072289992
2015-02-18 09:38:13,0.065488553244785
2015-02-18 17:14:23,0.048428026064549
2015-02-19 10:24:39,0.11448194811432
2015-02-19 17:10:42,0.14540971570587
2015-02-20 13:06:45,0.2132435025121
2015-02-20 16:38:53,0.12880462450743
2015-02-21 16:28:13,3.0156929105108
2015-02-22 13:02:36,0.16999278893029
2015-02-23 11:01:26,0.17918003201139
2015-02-23 15:15:38,0.13983978599744
2015-02-23 18:04:09,0.030367633682894
2015-02-24 09:16:35,0.073283313898781
2015-02-24 14:53:40,0.10444665182574
2015-02-24 17:28:42,0.13531683555751
2015-02-25 08:59:11,0.10150464008125
2015-02-25 13:49:20,0.16420822847182
2015-02-25 17:40:14,0.12676824983019
2015-02-26 10:05:14,0.11192731869918
2015-02-26 16:14:44,0.071969354916811
2015-02-27 09:10:25,0.1580729299584
2015-02-27 14:03:44,0.16124527714196
2015-02-27 17:13:44,0.046553933173931
2015-02-28 17:03:53,3.0156929105108
2015-03-01 15:29:43,0.14365079053478
2015-03-02 09:32:29,0.12175845403041
2015-03-02 18:38:45,0.098840077842909
2015-03-02 21:06:02,0.061462917957396
2015-03-03 07:42:53,0.057055135237003
2015-03-03 10:08:47,0.20971518237724
2015-03-03 16:24:22,0.04302561303908
2015-03-04 13:24:53,0.13074153615416
2015-03-06 10:29:03,0.064823721409286
2015-03-06 17:29:57,0.19161814572119
2015-03-08 17:24:09,0.053453526553357
2015-03-09 16:54:53,0.11358678083976
2015-03-10 17:35:29,0.074042373868444
2015-03-11 11:24:00,0.076455661082341
2015-03-12 09:23:19,0.045067222612658
2015-03-13 14:51:33,0.15187481268887
2015-03-16 13:22:16,0.058897818749566
2015-03-16 17:55:16,0.10728920053972
2015-03-17 10:17:37,0.021562538034794
2015-03-17 14:51:56,0.14965521663964
2015-03-17 16:48:08,0.037722663044118
2015-03-18 16:42:45,0.035351255000962
2015-03-19 08:56:04,0.081695792321192
2015-03-20 17:04:15,0.11111590976609
2015-03-20 20:00:01,0.010988047422926
2015-03-22 17:11:50,0.13086717366638
2015-03-23 09:34:59,0.083737401894771
2015-03-23 17:21:47,0.062138219585579
2015-03-24 09:28:43,0.06274546756131
2015-03-26 09:09:55,0.22569732091092
2015-03-26 15:57:56,0.036837965562234
2015-03-27 08:47:35,0.15152930953026
2015-03-27 13:06:36,0.075450560984579
2015-03-29 15:48:20,0.079936867150109
2015-03-30 08:22:14,0.14497521930944
2015-03-30 13:58:00,0.059583590170435
2015-03-31 09:21:29,0.14846689516989
2015-03-31 16:12:45,0.30781713983586
2015-04-01 09:28:44,0.060750972054815
2015-04-01 12:36:11,0.17517533630937
2015-04-02 08:14:34,0.040669909684951
2015-04-03 09:25:08,0.12552757939702
2015-04-03 15:49:27,0.086716057913658
2015-04-06 15:38:33,0.094793502970149
2015-04-07 08:40:25,0.049961850692904
2015-04-08 07:55:19,0.24782522775071
2015-04-08 15:44:46,0.026289649432079
2015-04-09 15:38:27,0.051364802912696
2015-04-10 12:27:36,0.047145476460634
2015-04-10 16:03:37,0.046501584210506
2015-04-13 08:04:41,0.048653126607277
2015-04-13 15:50:22,0.03728816664769
2015-04-14 08:13:58,0.086276326620887
2015-04-14 15:55:13,0.05815446346893
2015-04-15 12:17:09,0.08805619137734
2015-04-15 15:48:52,0.071602912172835
2015-04-16 16:19:58,0.068456739470988
2015-04-17 08:03:53,0.083041160681217
2015-04-17 12:36:15,0.065059291744699
2015-04-18 14:51:59,0.052715406169064
2015-04-19 14:56:07,0.084438878004667
2015-04-19 15:42:39,0.091626390682931
2015-04-20 02:30:01,0.04287903594149
2015-04-20 15:56:47,0.13986596047915
2015-04-20 18:48:56,0.045208564813906
2015-04-21 12:36:24,0.41412217986319
2015-04-21 16:19:09,0.033346289701781
2015-04-22 15:43:35,0.099918466489465
2015-04-22 16:33:47,0.093987328933403
2015-04-23 08:03:42,0.075141702100371
2015-04-23 17:01:46,0.089836056133793
2015-04-24 08:53:38,0.032393538567444
2015-04-26 15:50:29,0.12585214297025
2015-04-27 08:05:25,0.012286301715868
2015-04-27 12:31:23,0.037764542214858
2015-04-28 15:56:57,0.088605855493304
2015-04-29 16:24:41,0.077534049728898
2015-04-30 09:51:48,0.05212386288236
2015-04-30 12:24:24,0.12408798290283
2015-05-01 15:34:08,0.16706648187483
2015-05-01 20:24:54,0.051202521126079
2015-05-03 15:15:00,0.028346963694685
2015-05-04 07:58:44,0.1448600515899
2015-05-04 15:58:15,0.014683884240737
2015-05-05 08:56:18,0.035424543549757
2015-05-05 16:05:08,0.07739270752765
2015-05-06 08:04:13,0.057400638395609
2015-05-06 16:00:02,0.11858610684685
2015-05-07 15:36:52,0.043083196898847
2015-05-07 17:19:25,0.082412973120116
2015-05-08 12:34:18,0.076958211131222
2015-05-08 16:38:02,0.028566829341071
2015-05-10 09:24:00,0.021431665626231
2015-05-10 18:57:40,0.084475522279064
2015-05-11 13:42:19,0.018264553339013
2015-05-12 15:45:41,0.12897214119039
2015-05-13 13:52:42,0.060609629853567
2015-05-13 15:45:36,0.026954481267578
2015-05-14 16:07:14,0.033765081409182
2015-05-14 20:23:37,0.085548676029279
2015-05-15 08:17:34,0.041266687867997
2015-05-17 07:44:47,0.027844413645804
2015-05-18 12:20:38,0.024619717498819
2015-05-18 15:57:39,0.05377285523025
2015-05-19 09:47:54,0.054720371468244
2015-05-19 15:59:57,0.041826821776645
2015-05-20 15:39:24,0.15191669185961
2015-05-21 08:19:24,0.06218009875632
2015-05-21 15:33:40,0.017929519973093
2015-05-22 13:34:24,0.027525084968911
2015-05-22 15:23:22,0.055955807005077
2015-05-23 10:09:51,0.094207194579788
2015-05-24 08:32:14,0.065991103293666
2015-05-25 15:09:35,0.15514662290293
2015-05-27 08:13:25,0.074089487935527
2015-05-27 16:01:44,0.24689341620174
2015-05-28 12:53:56,0.047381046796047
2015-05-28 15:18:57,0.059374194316735
2015-05-29 14:03:17,0.11925093868235
2015-05-29 15:05:18,0.049909501729479
2015-05-31 11:34:00,0.052495540522678
2015-05-31 14:11:32,0.027352333389608
2015-06-01 08:10:21,0.023509919474207
2015-06-01 14:50:06,0.051029769546776
2015-06-02 12:12:43,0.13309723950829
2015-06-02 16:08:01,0.21558873607354
2015-06-03 12:45:33,0.061473387750081
2015-06-04 12:33:00,0.018542002845166
2015-06-04 15:19:33,0.076602238179931
2015-06-05 07:44:25,0.15471736140285
2015-06-05 15:39:38,0.055327619443975
2015-06-07 15:47:21,0.093715114323593
2015-06-08 09:22:06,0.11038302427814
2015-06-09 10:03:11,0.085035656187713
2015-06-09 15:46:19,0.047197825424059
2015-06-10 10:18:40,0.051584668559082
2015-06-10 16:53:28,0.027959581365339
2015-06-10 18:37:32,0.54457579671851
2015-06-10 19:06:04,0.11556557165722
2015-06-11 12:58:21,0.04446520953327
2015-06-12 14:27:07,0.11065523888795
2015-06-12 15:51:19,0.090113505639946
2015-06-14 13:20:18,0.13748408264331
2015-06-15 09:31:57,0.065938754330241
2015-06-15 16:14:15,0.093971624244375
2015-06-16 09:11:31,0.13627482158819
2015-06-16 16:12:03,0.099285044032022
2015-06-17 07:54:29,0.06992251044689
2015-06-17 16:01:03,0.047841717674188
2015-06-18 12:03:51,0.06272452797594
2015-06-18 16:23:26,0.1103777893818
2015-06-19 10:21:29,0.063138084786999
2015-06-19 16:11:21,0.047035543637442
2015-06-21 16:27:44,0.14498568910212
2015-06-22 08:31:33,0.060604394957224
2015-06-22 17:00:08,0.079874048393999
2015-06-23 07:57:38,0.026944011474893
2015-06-24 08:34:36,0.066472713757177
2015-06-24 15:59:32,0.024028174212115
2015-06-25 15:30:48,0.077649217448433
2015-06-25 16:49:48,0.070979959508077
2015-06-28 15:23:48,0.036518636885341
2015-06-28 18:24:03,0.13522260742334
2015-06-30 07:57:04,0.050930306516268
2015-06-30 16:02:50,0.19665935089903
2015-07-01 16:04:35,0.056107618999009
2015-07-02 07:55:09,0.089145049816582
2015-07-03 14:17:36,0.16934366178382
2015-07-06 15:49:30,0.026818373962673
2015-07-07 08:26:54,0.043596216740413
2015-07-07 15:41:00,0.069974859410315
2015-07-09 08:01:30,0.040423869556853
2015-07-09 16:05:09,0.054134063077883
2015-07-10 08:45:29,0.038612595422345
2015-07-10 15:56:32,0.045700645070102
2015-07-11 18:22:58,0.023368577272959
2015-07-12 13:48:01,0.031974746860044
2015-07-12 17:55:41,0.048171516143766
2015-07-13 12:20:17,0.046077557606762
2015-07-14 10:03:36,0.036665213982932
2015-07-14 16:55:47,0.023907771596238
2015-07-15 14:00:42,0.19419894961805
2015-07-16 08:41:40,0.07906263946091
2015-07-16 15:53:21,0.03887434023947
2015-07-17 08:08:00,0.046731919649576
2015-07-17 15:27:08,0.081365993851614
2015-07-19 15:06:33,0.082695657522611
2015-07-20 15:57:41,0.029200251798514
2015-07-21 12:40:47,0.043585746947728
2015-07-21 15:50:07,0.063399829604124
2015-07-22 16:09:30,0.052286144668978
2015-07-23 08:17:35,0.074733380185656
2015-07-23 15:27:40,0.080795390150281
2015-07-24 08:04:13,0.05942654328016
2015-07-24 13:47:30,0.040575681550786
2015-07-24 15:28:36,0.02359891271203
2015-07-27 14:52:17,0.037387629678198
2015-07-27 16:10:29,0.022421061034965
2015-07-28 08:14:20,0.027640252688446
2015-07-28 16:40:43,0.032869914134613
2015-07-29 08:16:29,0.089218338365377
2015-07-29 16:01:05,0.050056078827069
2015-07-30 08:00:37,0.049412186576941
2015-07-30 15:24:47,0.055568424675731
2015-07-31 10:21:02,0.014223213362596
2015-07-31 14:59:18,0.046899436332536
2015-08-02 08:58:01,0.061635669536699
2015-08-03 12:38:31,0.066106271013201
2015-08-03 16:16:56,0.052699701480036
2015-08-04 08:33:02,0.051888292546947
2015-08-05 07:42:50,0.30836156905548
2015-08-06 08:21:24,0.039680514276217
2015-08-06 15:41:29,0.041350446209477
2015-08-07 08:08:50,0.029891258115725
2015-08-07 15:36:28,0.018599586704934
2015-08-09 13:41:32,0.066933384635317
2015-08-10 09:54:09,0.030770720701267
2015-08-10 13:16:28,0.024148576827993
2015-08-11 16:25:29,0.019897840997876
2015-08-12 08:07:19,0.085621964578074
2015-08-12 15:46:15,0.048553663576769
2015-08-13 07:20:40,0.097573232928021
2015-08-13 15:40:05,0.026253005157682
2015-08-14 07:45:13,0.029043204908239
2015-08-14 12:44:11,0.033126424055396
2015-08-14 16:03:57,0.13377777603281
2015-08-15 13:32:00,0.029571929438832
2015-08-16 13:54:03,0.093175920000314
2015-08-17 09:28:29,0.085580085407334
2015-08-18 07:46:15,0.082491496565254
2015-08-19 12:24:26,0.02816897721904
2015-08-19 16:38:41,0.045187625228536
2015-08-20 08:02:59,0.045391786185894
2015-08-20 16:02:10,0.026425756736984
2015-08-21 15:53:47,0.02658280362726
2015-08-23 09:30:44,0.092008538115935
2015-08-24 10:14:44,0.04448614911864
2015-08-24 15:52:09,0.068933115038156
2015-08-25 08:21:02,0.042413130167006
2015-08-25 16:12:56,0.11088557432702
2015-08-26 08:18:37,0.14855065351137
2015-08-26 12:26:18,0.038000112550271
2015-08-27 08:07:00,0.033838369957977
2015-08-27 15:21:23,0.019144015924555
2015-08-28 12:20:33,0.07908357904628
2015-08-28 15:03:03,0.055448022059853
2015-08-29 16:09:20,0.027577433932336
2015-08-30 15:09:24,0.017976634040175
2015-08-30 15:44:26,0.065493788141128
2015-08-31 15:08:14,0.23107355945468
2015-09-01 08:03:11,0.037528971879446
2015-09-01 15:55:07,0.060997012182913
2015-09-02 07:44:22,0.044323867332022
2015-09-02 16:18:26,0.057049900340661
2015-09-03 12:14:19,0.034780651299628
2015-09-03 16:54:04,0.021531128656739
2015-09-04 07:50:52,0.089626660280093
2015-09-04 16:12:23,0.18982257627571
2015-09-05 11:04:41,0.0504539309491
2015-09-05 22:24:31,0.018018513210915
2015-09-06 13:50:02,0.032995551646833
2015-09-06 17:50:50,0.041968163977893
2015-09-07 11:40:06,0.043685209978236
2015-09-07 16:03:00,0.046669100893466
2015-09-08 07:54:25,0.047176885838689
2015-09-08 16:12:16,0.07741364711302
2015-09-09 15:28:52,0.09193524956714
2015-09-09 16:10:46,0.080680222430746
2015-09-10 10:04:13,0.04888869694269
2015-09-10 15:57:42,0.075183581271111
2015-09-10 19:30:00,0.12204637332925
2015-09-11 08:12:54,0.031210451994037
2015-09-11 16:05:49,0.076366667844518
2015-09-12 10:23:26,0.051129232577283
2015-09-12 18:45:45,0.12492033142129
2015-09-13 13:54:25,0.024384147163406
2015-09-13 17:48:44,0.060703857987732
2015-09-14 08:21:31,0.041308567038737
2015-09-14 15:44:01,0.017374620960787
2015-09-14 16:33:02,0.03730910623306
2015-09-15 08:21:24,0.044711249661368
2015-09-15 15:37:46,0.043962659484389
2015-09-16 07:56:44,0.042130445764511
2015-09-17 08:04:40,0.024415556541461
2015-09-17 16:13:52,0.035979442562063
2015-09-18 08:48:24,0.058002651474997
2015-09-18 11:40:21,0.027101058365168
2015-09-18 16:01:56,0.039601990831079
2015-09-19 14:06:14,0.030817834768349
2015-09-19 21:28:52,0.0384346089467
2015-09-20 16:31:05,0.050867487760158
2015-09-20 20:27:27,0.028702936645976
2015-09-21 08:27:04,0.048412321375521
2015-09-21 11:42:48,0.011443483404724
2015-09-22 08:02:19,0.036843200458577
2015-09-22 11:54:10,0.075733245387075
2015-09-22 15:53:41,0.025237435267235
2015-09-23 08:24:10,0.03881152148336
2015-09-23 12:10:31,0.11846046933463
2015-09-23 16:02:00,0.031053405103762
2015-09-24 08:15:36,0.031566424945328
2015-09-24 14:58:37,0.047297288454567
2015-09-25 08:14:42,0.042224673898676
2015-09-25 12:10:35,0.056180907547804
2015-09-26 14:35:48,0.057845604584722
2015-09-27 16:09:22,0.068446269678303
2015-09-28 07:52:42,0.033084544884656
2015-09-28 12:00:23,0.022839852742366
2015-09-28 15:01:52,0.024509784675626
2015-09-29 07:10:24,0.066341841348614
2015-09-29 15:34:03,0.054066009425431
2015-09-30 09:36:52,0.097730279818297
2015-09-30 15:37:53,0.065273922494742
2015-10-01 07:57:09,0.048066818216916
2015-10-01 16:20:06,0.028765755402086
2015-10-02 16:57:13,0.064666674519011
2015-10-03 09:58:37,0.072016468983894
2015-10-04 09:32:03,0.044795008002848
2015-10-04 20:01:12,0.032498236494295
2015-10-05 08:05:53,0.048600777643852
2015-10-05 16:15:42,0.2098198803041
2015-10-06 08:02:55,0.052558359278788
2015-10-06 16:02:04,0.036644274397562
2015-10-07 08:16:42,0.024274214340213
2015-10-07 15:25:49,0.10281859906322
2015-10-08 07:59:46,0.050485340327155
2015-10-08 15:57:20,0.1002430300627
2015-10-08 19:30:00,0.0046485879521478
2015-10-09 08:33:10,0.04438145119179
2015-10-09 15:37:08,0.0311319285489
2015-10-11 09:14:33,0.037858770349024
2015-10-12 07:58:41,0.060405468896209
2015-10-12 15:29:19,0.046339302423888
2015-10-13 08:24:35,0.075277809405277
2015-10-13 15:30:06,0.051605608144452
2015-10-13 22:05:00,0.07758116379598
2015-10-14 15:00:01,0.062986272793066
2015-10-14 16:31:20,0.023305758516849
2015-10-15 08:05:55,0.076544654320164
2015-10-15 10:48:25,0.020117706644261
2015-10-15 15:25:21,0.028362668383713
2015-10-16 07:43:59,0.048244804692561
2015-10-16 12:05:27,0.020217169674769
2015-10-16 16:11:20,0.041413264965587
2015-10-18 14:26:28,0.025823743657596
2015-10-18 16:06:29,0.082423442912801
2015-10-19 09:02:18,0.016699319332603
2015-10-19 15:53:35,0.026488575493095
2015-10-20 08:05:31,0.01917542530261
2015-10-20 15:58:20,0.032246961469854
2015-10-21 08:22:53,0.04308843179519
2015-10-21 16:44:28,0.014589656106572
2015-10-22 07:59:37,0.042774338014639
2015-10-22 15:54:16,0.019876901412506
2015-10-23 08:14:57,0.034723067439861
2015-10-23 15:20:40,0.032299310433279
2015-10-25 13:42:59,0.044669370490628
2015-10-26 09:30:08,0.15870635241584
2015-10-26 13:29:44,0.03399018195191
2015-10-27 10:14:19,0.0092867061116106
2015-10-28 09:13:08,0.037680783873378
2015-10-28 12:28:00,0.032273135951567
2015-10-28 16:57:47,0.032602934421145
2015-10-29 08:50:25,0.030210586792618
2015-10-29 16:27:42,0.034288571043433
2015-10-30 09:59:27,0.076654587143356
2015-10-30 16:17:50,0.033346289701781
2015-11-01 16:04:13,0.029074614286294
2015-11-02 09:12:35,0.075864117795637
2015-11-02 17:00:41,0.036518636885341
2015-11-03 09:21:09,0.015442944210401
2015-11-03 17:04:34,0.030022130524288
2015-11-04 16:35:42,0.011171268794914
2015-11-05 09:04:36,0.018044687692628
2015-11-05 14:02:23,1.2957048984234
2015-11-05 17:32:16,0.034152463738527
2015-11-06 08:56:25,0.021306028114011
2015-11-06 16:47:30,0.037864005245366
2015-11-08 13:22:59,0.038183333922259
2015-11-09 09:06:53,0.061761307048919
2015-11-09 14:39:14,0.029153137731431
2015-11-09 16:24:54,0.076246265228641
2015-11-10 10:08:49,0.075398212021154
2015-11-10 16:50:25,0.022797973571626
2015-11-11 09:27:02,0.0078523445137632
2015-11-11 15:35:24,0.040764137819116
2015-11-12 09:26:55,0.019636096180751
2015-11-12 16:42:35,0.015155024911563
2015-11-13 09:16:20,0.01813368093045
2015-11-13 16:21:06,0.047265879076512
2015-11-16 09:25:02,0.017406030338842
2015-11-16 16:46:06,0.027975286054367
2015-11-17 08:56:40,0.023530859059577
2015-11-17 16:22:46,0.050480105430812
2015-11-18 08:59:06,0.019918780583246
2015-11-18 16:37:46,0.03296937716512
2015-11-19 09:19:21,0.050961715894323
2015-11-19 16:35:38,0.030755016012239
2015-11-20 08:50:20,0.0070566402697019
2015-11-20 12:33:12,0.028017165225107
2015-11-22 15:24:47,0.051239165400476
2015-11-23 10:12:31,0.029231661176569
2015-11-23 16:40:50,0.10263537769123
2015-11-24 08:48:53,0.026865488029755
2015-11-24 16:58:24,0.021447370315259
2015-11-25 08:56:51,0.01345891849659
2015-11-25 16:17:19,0.053924667224183
2015-11-26 09:28:35,0.013050596581874
2015-11-26 17:03:48,0.020813947857815
2015-11-27 08:54:02,0.03146696191482
2015-11-27 16:50:08,0.0058526141109248
2015-11-29 13:13:18,0.02960857371323
2015-11-30 09:04:10,0.033534745970111
2015-11-30 16:03:20,0.026116897852776
2015-12-01 09:31:10,0.023379047065644
2015-12-01 17:19:17,0.032754746415078
2015-12-02 09:00:50,0.035864274842528
2015-12-02 16:57:26,0.021944685467797
2015-12-03 09:00:25,0.02547824049899
2015-12-03 17:15:51,0.10502772531975
2015-12-04 08:54:38,0.030153002932851
2015-12-06 14:38:50,0.029032735115554
2015-12-07 09:14:54,0.60766676743842
2015-12-07 16:12:24,0.22089692096484
2015-12-08 08:51:34,0.022546698547185
2015-12-08 16:59:26,0.038460783428412
2015-12-09 09:20:13,0.17185117713188
2015-12-09 16:56:35,0.027692601651872
2015-12-10 10:05:00,0.020279988430879
2015-12-10 17:04:23,0.021206565083503
2015-12-11 08:55:48,0.030330989408496
2015-12-11 16:53:42,0.019526163357558
2015-12-12 10:08:45,0.036073670696228
2015-12-13 13:17:35,0.040732728441061
2015-12-14 09:03:15,0.050815138796733
2015-12-14 17:07:06,0.016437574515478
2015-12-15 08:50:16,0.02816897721904
2015-12-15 16:52:57,0.20997692719437
2015-12-16 09:24:25,0.038000112550271
2015-12-16 16:17:37,0.024200925791418
2015-12-17 09:04:03,0.016819721948481
2015-12-17 16:30:03,0.017102406350976
2015-12-18 09:03:25,0.0042088566593771
2015-12-18 16:30:04,0.019536633150243
2015-12-19 16:00:15,0.036759442117097
2015-12-21 13:14:38,0.22944027179582
2015-12-22 10:17:32,0.029226426280227
2015-12-22 15:54:21,0.029320654414392
2015-12-23 08:53:04,0.017584016814487
2015-12-23 16:00:08,0.01320764347215
2015-12-24 11:06:34,0.029310184621707
2015-12-24 17:25:33,0.12550663981165
2015-12-25 10:14:15,0.027095823468826
2015-12-25 17:47:40,0.022342537589828
2015-12-27 14:46:19,0.0281270980483
2015-12-28 09:15:02,0.026347233291847
2015-12-28 16:19:28,0.01623341355812
2015-12-29 08:47:45,0.010584960404553
2015-12-29 16:12:07,0.015668044753129
2015-12-30 09:07:00,0.023342402791247
2015-12-30 16:38:05,0.010291806209372
2015-12-31 15:40:36,0.029645217987627
2016-01-01 11:21:35,0.066593116373054
2016-01-01 15:00:29,0.020520793662634
2016-01-03 12:26:36,0.022818913156996
2016-01-04 09:26:21,0.0082973107028764
2016-01-04 17:00:07,0.030189647207248
2016-01-05 09:23:30,0.0092552967335556
2016-01-05 17:00:07,0.090636995274197
2016-01-06 10:42:04,0.024808173767149
2016-01-06 16:04:42,0.037947763586846
2016-01-06 18:54:44,0.023352872583932
2016-01-07 09:27:34,0.025828978553938
2016-01-07 16:52:36,0.034194342909267
2016-01-08 08:49:43,0.0032246961469854
2016-01-08 11:00:40,0.029184547109487
2016-01-08 15:55:39,0.025106562858672
2016-01-08 17:17:34,0.0054547619888942
2016-01-09 16:34:30,0.021735289614097
2016-01-10 13:19:26,0.021531128656739
2016-01-10 18:01:45,0.0064022782268883
2016-01-11 10:11:42,0.014312206600419
2016-01-11 12:53:34,0.011731402703562
2016-01-12 16:31:52,0.016772607881398
2016-01-12 22:11:20,0.0023609382504715
2016-01-13 14:04:13,0.010511671855758
2016-01-13 16:53:39,0.014322676393104
2016-01-14 09:06:27,0.023897301803553
2016-01-14 17:07:35,0.010260396831317
2016-01-15 08:57:24,0.010762946880198
2016-01-15 17:22:59,0.014286032118707
2016-01-16 12:09:46,0.025787099383198
2016-01-17 15:35:26,0.010045766081274
2016-01-18 09:23:02,0.015160259807905
2016-01-18 16:59:04,0.040989238361844
2016-01-19 09:00:04,0.013877710203991
2016-01-19 16:51:41,0.025342133194085
2016-01-20 09:00:04,0.04440239077716
2016-01-20 17:00:10,0.012035026691428
2016-01-21 09:00:01,0.015285897320126
2016-01-21 17:07:01,0.005627513568197
2016-01-22 09:00:03,0.023583208023002
2016-01-22 13:00:05,0.020107236851576
2016-01-22 17:00:21,0.01197744283166
2016-01-24 17:00:04,0.045135276265111
2016-01-25 09:00:02,0.033717967342099
2016-01-25 17:00:03,0.01356361642344
2016-01-26 09:00:01,0.033220652189561
2016-01-27 09:00:06,0.031770585902686
2016-01-27 17:00:04,0.024206160687761
2016-01-28 08:56:05,0.10275578030711
2016-01-29 09:00:03,0.02698065574929
2016-01-29 17:00:08,0.073644521746414
2016-01-31 09:00:04,0.01658938650941
2016-02-01 09:00:04,0.025342133194085
2016-02-01 17:00:03,0.025745220212458
2016-02-02 08:50:31,0.016976768838756
2016-02-02 17:00:07,0.014401199838242
2016-02-03 09:00:05,0.010736772398486
2016-02-03 17:00:04,0.026944011474893
2016-02-04 09:00:04,0.089684244139861
2016-02-04 17:00:02,0.015223078564016
2016-02-05 09:00:08,0.015788447369007
2016-02-05 16:59:55,0.028519715273988
2016-02-07 09:00:05,0.018055157485313
2016-02-08 09:00:05,0.011344020374217
2016-02-08 17:00:04,0.069069222343061
2016-02-09 09:00:10,0.020630726485827
2016-02-09 17:00:05,0.018641465875674
2016-02-10 13:15:29,0.028802399676483
2016-02-11 09:00:04,0.016851131326536
2016-02-11 17:00:04,0.077492170558158
2016-02-12 09:00:16,0.020510323869949
2016-02-14 13:00:03,0.020206699882084
2016-02-15 10:45:02,0.005381473440099
