2012-07-13 10:11:22,7.835993989121E-5
2012-07-13 14:53:25,0.00019030271116437
2012-07-17 09:18:16,7.835993989121E-5
2012-07-18 07:18:10,0.00010074849414584
2012-07-19 09:54:31,0.000212691265419
2012-07-20 06:36:39,1.1194277127316E-5
2012-07-23 05:32:59,0.0001455256026551
2012-07-23 08:33:39,0
2012-07-24 12:01:54,5.5971385636578E-5
2012-07-24 15:27:10,0.00012313704840047
2012-07-25 10:01:14,0.00011194277127316
2012-07-26 13:52:36,0.00013433132552779
2012-07-27 12:30:57,0.00013433132552779
2012-07-31 09:33:34,0.00015671987978242
2012-07-31 14:45:09,0.00019030271116437
2012-08-01 07:40:14,5.5971385636578E-5
2012-08-01 11:05:08,0.00030224548243752
2012-08-02 11:34:37,0.00022388554254631
2012-08-07 07:54:49,0.00029105120531021
2012-08-07 13:30:30,6.7165662763894E-5
2012-08-08 12:22:45,0.000212691265419
2012-08-09 04:00:03,0.00043657680796531
2012-08-14 07:45:43,0.00025746837392826
2012-08-14 08:01:14,0.00023507981967363
2012-08-14 08:12:59,5.5971385636578E-5
2012-08-15 07:57:49,2.2388554254631E-5
2012-08-15 11:21:07,1.1194277127316E-5
2012-08-16 11:59:26,0.00031343975956484
2012-08-18 08:04:10,0.00022388554254631
2012-08-20 15:40:42,8.9554217018525E-5
2012-08-21 08:57:05,0.00015671987978242
2012-08-22 15:59:08,0
2012-08-22 16:03:30,1.1194277127316E-5
2012-08-28 12:20:11,2.2388554254631E-5
2012-08-28 14:43:00,0.00068285090476625
2012-09-03 07:29:12,0.00017910843403705
2012-09-06 15:19:49,6.7165662763894E-5
2012-09-07 12:13:21,0.00030224548243752
2012-09-10 09:59:08,8.9554217018525E-5
2012-09-10 13:30:48,0.00024627409680094
2012-09-11 10:23:31,2.2388554254631E-5
2012-09-12 10:47:04,0.00020149698829168
2012-09-12 13:48:00,6.7165662763894E-5
2012-09-13 06:27:09,0.00051493674785652
2012-09-13 10:00:53,0.00030224548243752
2012-09-14 09:34:53,0
2012-09-17 10:32:16,0.00073882229040283
2012-09-18 08:22:44,0.00020149698829168
2012-09-18 10:01:24,4.4777108509263E-5
2012-09-18 13:30:46,0.00019030271116437
2012-09-19 10:01:41,0.00038060542232873
2012-09-20 10:36:19,0.00026866265105558
2012-09-21 09:40:09,0.00024627409680094
2012-09-21 14:48:43,0.00026866265105558
2012-09-25 08:09:25,8.9554217018525E-5
2012-09-25 08:16:23,0.00032463403669215
2012-09-25 14:58:12,0.00061568524200236
2012-09-26 09:04:57,0.00013433132552779
2012-09-27 05:55:48,7.835993989121E-5
2012-09-27 06:25:49,0.00061568524200236
2012-09-27 10:02:15,0.00011194277127316
2012-09-27 12:27:52,0.00019030271116437
2012-09-27 12:27:53,0.00019030271116437
2012-09-28 09:37:54,1.1194277127316E-5
2012-09-28 10:54:12,0.00015671987978242
2012-09-28 12:14:08,0.00013433132552779
2012-10-01 10:55:53,8.9554217018525E-5
2012-10-02 07:38:29,0.00077240512178478
2012-10-02 07:53:11,4.4777108509263E-5
2012-10-03 09:04:51,0.00038060542232873
2012-10-03 09:33:17,0.00061568524200236
2012-10-04 11:20:41,0.00061568524200236
2012-10-05 06:57:46,0.0011418162669862
2012-10-05 07:29:52,0.00061568524200236
2012-10-07 14:24:05,0.00011194277127316
2012-10-08 10:04:28,0.00051493674785652
2012-10-08 11:53:14,0.00027985692818289
2012-10-08 15:26:25,0.00010074849414584
2012-10-09 07:55:53,0.0024515466908821
2012-10-09 13:07:06,0.0016007816292061
2012-10-10 10:17:58,0.00072762801327552
2012-10-11 08:48:26,0.00017910843403705
2012-10-11 10:01:11,0.00034702259094679
2012-10-12 09:10:57,0.00013433132552779
2012-10-12 11:47:06,0.00031343975956484
2012-10-17 13:18:31,2.2388554254631E-5
2012-10-19 11:03:30,0.00040299397658336
2012-10-22 07:24:21,0.00055971385636578
2012-10-25 07:04:32,0.00016791415690973
2012-10-30 08:07:59,0.00033582831381947
2012-10-30 08:14:53,8.9554217018525E-5
2012-10-30 10:00:05,4.4777108509263E-5
2012-10-31 10:00:07,7.835993989121E-5
2012-10-31 12:57:56,0.00010074849414584
2012-11-07 14:30:06,2.2388554254631E-5
2012-11-08 12:27:06,0.00088434789305794
2012-11-08 12:38:15,0.00044777108509263
2012-11-12 08:39:06,8.9554217018525E-5
2012-11-14 14:02:46,8.9554217018525E-5
2012-11-16 08:44:40,6.7165662763894E-5
2012-11-21 08:06:39,0.00069404518189357
2012-11-21 10:01:51,0.00017910843403705
2012-11-23 08:49:20,0.00043657680796531
2012-11-26 09:04:58,5.5971385636578E-5
2012-11-27 13:07:37,0.0014776445808057
2012-11-29 09:09:39,0.00016791415690973
2012-11-29 09:14:18,0.00040299397658336
2012-12-05 07:48:14,0.0023731867509909
2012-12-05 10:24:34,0.00025746837392826
2012-12-12 09:57:51,0.00020149698829168
2012-12-14 14:10:39,0.00047015963934726
2012-12-20 07:26:57,3.3582831381947E-5
2012-12-20 07:42:51,0.00020149698829168
2012-12-20 08:06:07,0.00022388554254631
2012-12-20 09:00:39,0.0001455256026551
2012-12-21 05:50:34,0.00022388554254631
2012-12-21 08:00:00,5.5971385636578E-5
2012-12-21 12:09:09,0.00025746837392826
2012-12-21 14:00:01,0.00022388554254631
2013-01-02 15:59:32,0.00032463403669215
2013-01-03 07:47:17,0.00029105120531021
2013-01-09 14:30:30,0.00049254819360189
2013-01-11 07:22:37,0.00049254819360189
2013-01-15 10:23:59,0.00034702259094679
2013-01-16 09:14:19,0.00025746837392826
2013-01-21 08:55:26,0.00048135391647457
2013-01-23 12:02:02,0.00034702259094679
2013-01-23 12:20:22,0.0019813870515349
2013-01-25 11:52:54,0.00020149698829168
2013-01-28 14:13:51,0.00010074849414584
2013-01-28 14:17:01,0.00011194277127316
2013-01-29 07:58:04,0.00010074849414584
2013-01-30 15:12:55,0.00022388554254631
2013-02-05 13:48:49,0.00032463403669215
2013-02-13 08:23:50,0.00096270783294915
2013-02-13 08:59:06,0.00041418825371068
2013-02-14 07:53:44,0.00079479367603941
2013-02-14 07:59:32,0.00055971385636578
2013-02-15 07:06:21,0.00022388554254631
2013-02-15 08:37:34,0.00072762801327552
2013-02-18 07:13:04,0.00066046235051162
2013-02-19 14:20:20,0.00016791415690973
2013-02-20 13:59:21,0.0005709081334931
2013-02-21 07:09:27,0.00069404518189357
2013-02-27 15:35:00,0.000212691265419
2013-02-28 09:16:30,3.3582831381947E-5
2013-03-05 09:58:14,0.00026866265105558
2013-03-05 14:01:22,0.00015671987978242
2013-03-05 14:10:56,0.00034702259094679
2013-03-06 08:11:25,0.00011194277127316
2013-03-06 13:19:31,0.00085076506167599
2013-03-12 08:15:44,0.00023507981967363
2013-03-16 13:38:46,0.00073882229040283
2013-03-20 08:20:02,0.00016791415690973
2013-03-20 08:43:24,0.00024627409680094
2013-03-26 08:25:51,8.9554217018525E-5
2013-03-26 08:45:04,0.00047015963934726
2013-03-27 12:20:15,4.4777108509263E-5
2013-03-27 13:47:32,5.5971385636578E-5
2013-03-28 10:45:42,0.00033582831381947
2013-03-28 13:51:13,0.00033582831381947
2013-03-30 14:09:25,0.00069404518189357
2013-04-04 09:11:17,0.0003582168680741
2013-04-04 09:55:10,0.0001455256026551
2013-04-05 07:32:03,0.00015671987978242
2013-04-11 12:24:22,0.00061568524200236
2013-04-12 07:09:33,0.00033582831381947
2013-04-12 11:47:21,0.00017910843403705
2013-04-15 12:13:52,0.00025746837392826
2013-04-15 12:43:31,7.835993989121E-5
2013-04-17 14:25:01,0.00011194277127316
2013-04-23 12:04:22,0.00017910843403705
2013-04-23 12:54:09,5.5971385636578E-5
2013-04-23 15:04:45,5.5971385636578E-5
2013-04-24 09:02:37,0.00010074849414584
2013-04-29 12:25:09,0.00022388554254631
2013-05-01 07:20:38,0.00048135391647457
2013-05-02 11:52:44,4.4777108509263E-5
2013-05-02 11:57:43,4.4777108509263E-5
2013-05-02 12:39:35,0.00011194277127316
2013-05-06 09:15:05,0.00053732530211115
2013-05-06 09:47:07,0.00013433132552779
2013-05-06 09:50:30,3.3582831381947E-5
2013-05-06 09:50:30,4.4777108509263E-5
2013-05-06 09:50:31,4.4777108509263E-5
2013-05-07 08:15:49,7.835993989121E-5
2013-05-07 08:43:59,0.00016791415690973
2013-05-07 09:31:12,7.835993989121E-5
2013-05-08 14:31:45,6.7165662763894E-5
2013-05-08 15:23:35,4.4777108509263E-5
2013-05-09 09:11:04,4.4777108509263E-5
2013-05-09 12:06:26,0.00013433132552779
2013-05-09 12:14:20,0.0001455256026551
2013-05-09 12:16:13,4.4777108509263E-5
2013-05-10 07:34:04,0.00026866265105558
2013-05-12 07:54:19,0.0007164337361482
2013-05-13 08:08:33,0.00048135391647457
2013-05-13 12:28:16,0.00048135391647457
2013-05-13 12:30:21,0.00011194277127316
2013-05-14 12:13:45,4.4777108509263E-5
2013-05-15 14:17:06,4.4777108509263E-5
2013-05-15 14:37:59,0.00042538253083799
2013-05-15 15:59:40,0.00019030271116437
2013-05-16 07:01:56,0.00054851957923847
2013-05-16 11:37:58,8.9554217018525E-5
2013-05-18 10:04:28,0.00043657680796531
2013-05-20 09:40:56,7.835993989121E-5
2013-05-20 09:41:11,0.00010074849414584
2013-05-20 13:06:59,0.00017910843403705
2013-05-20 13:56:23,0.00016791415690973
2013-05-20 14:01:52,2.2388554254631E-5
2013-05-20 15:20:29,0.00016791415690973
2013-05-21 08:59:08,0.00030224548243752
2013-05-21 09:17:45,3.3582831381947E-5
2013-05-21 09:30:49,2.2388554254631E-5
2013-05-22 09:24:37,5.5971385636578E-5
2013-05-22 12:54:27,0.00023507981967363
2013-05-24 10:03:31,5.5971385636578E-5
2013-05-29 08:54:35,2.2388554254631E-5
2013-05-29 09:17:13,7.835993989121E-5
2013-05-29 09:17:52,7.835993989121E-5
2013-05-29 09:25:58,2.2388554254631E-5
2013-05-29 14:01:51,0.00036941114520142
2013-06-03 09:13:24,0.00015671987978242
2013-06-05 11:41:30,0.0001455256026551
2013-06-05 13:02:24,0.00015671987978242
2013-06-05 13:46:49,0
2013-06-06 07:33:55,0.00017910843403705
2013-06-07 08:28:01,0.00012313704840047
2013-06-10 08:43:45,0.0001455256026551
2013-06-11 07:47:23,0.00026866265105558
2013-06-11 10:54:37,0.00030224548243752
2013-06-11 13:25:08,2.2388554254631E-5
2013-06-11 13:25:08,0
2013-06-12 07:43:05,7.835993989121E-5
2013-06-12 12:23:39,0
2013-06-12 12:23:39,3.3582831381947E-5
2013-06-12 12:23:39,0
2013-06-13 12:27:30,7.835993989121E-5
2013-06-14 12:04:01,0.00026866265105558
2013-06-16 07:00:00,0.00025746837392826
2013-06-16 08:28:03,3.3582831381947E-5
2013-06-16 12:00:00,0.00016791415690973
2013-06-24 13:02:19,8.9554217018525E-5
2013-06-25 06:23:27,0.00017910843403705
2013-06-25 06:25:07,5.5971385636578E-5
2013-06-26 06:37:04,0.00010074849414584
2013-06-26 06:38:09,0.00012313704840047
2013-06-26 13:49:08,7.835993989121E-5
2013-06-28 08:44:19,6.7165662763894E-5
2013-06-28 08:47:59,4.4777108509263E-5
2013-06-28 08:49:42,1.1194277127316E-5
2013-07-01 07:20:20,0.00012313704840047
2013-07-01 08:04:25,0.00015671987978242
2013-07-02 11:51:23,8.9554217018525E-5
2013-07-04 11:20:47,5.5971385636578E-5
2013-07-05 14:05:09,0.00012313704840047
2013-07-08 05:52:50,0.00015671987978242
2013-07-08 05:58:36,0.00010074849414584
2013-07-09 16:41:44,0.00059329668774773
2013-07-10 07:29:29,0.000212691265419
2013-07-12 08:37:05,0.00015671987978242
2013-07-12 10:50:18,0.00033582831381947
2013-07-15 12:52:22,0.00010074849414584
2013-07-15 12:52:44,5.5971385636578E-5
2013-07-15 12:53:29,0.00020149698829168
2013-07-18 06:15:56,0.00044777108509263
2013-07-23 09:58:30,0.00070523945902089
2013-07-24 09:47:12,0.00053732530211115
2013-07-24 11:43:02,0.0003582168680741
2013-07-24 12:52:12,0.00040299397658336
2013-07-24 14:29:54,0.00077240512178478
2013-07-24 14:32:50,0.00010074849414584
2013-07-25 07:59:07,0.00032463403669215
2013-07-26 12:58:17,6.7165662763894E-5
2013-07-29 07:41:55,0.00024627409680094
2013-07-29 12:35:27,0.00043657680796531
2013-07-31 05:54:00,1.1194277127316E-5
2013-07-31 07:26:04,2.2388554254631E-5
2013-07-31 08:11:24,0.00022388554254631
2013-08-01 05:25:12,7.835993989121E-5
2013-08-02 12:50:46,0.00029105120531021
2013-08-04 18:05:24,0.00054851957923847
2013-08-05 09:48:06,4.4777108509263E-5
2013-08-05 09:50:45,0.00017910843403705
2013-08-05 09:58:22,0.00011194277127316
2013-08-05 13:00:05,7.835993989121E-5
2013-08-06 07:21:32,6.7165662763894E-5
2013-08-06 11:10:20,0.0038620256089239
2013-08-06 12:31:02,0.00019030271116437
2013-08-06 12:40:32,0.00020149698829168
2013-08-08 08:50:32,0.00036941114520142
2013-08-08 08:57:18,0.00012313704840047
2013-08-09 04:00:01,0.0005709081334931
2013-08-12 08:05:48,7.835993989121E-5
2013-08-12 10:00:00,0.0027090150648104
2013-08-13 07:10:24,8.9554217018525E-5
2013-08-13 14:22:18,0.00024627409680094
2013-08-14 09:58:17,0.00013433132552779
2013-08-14 14:41:18,4.4777108509263E-5
2013-08-15 10:00:00,0.0044665165737989
2013-08-17 15:50:30,0.00067165662763894
2013-08-19 07:33:27,0.00015671987978242
2013-08-21 07:34:07,0.00036941114520142
2013-08-23 08:51:54,8.9554217018525E-5
2013-08-24 10:51:21,0.00069404518189357
2013-08-24 16:44:39,0.0010074849414584
2013-08-26 08:55:42,0.00012313704840047
2013-08-27 08:53:37,0.00016791415690973
2013-08-27 10:40:50,0.0005037424707292
2013-08-29 13:58:12,0.0005709081334931
2013-08-30 13:14:55,6.7165662763894E-5
2013-08-30 13:16:12,0.00043657680796531
2013-09-01 13:29:18,0.00047015963934726
2013-09-03 15:00:10,0.0001455256026551
2013-09-05 07:25:37,0.00011194277127316
2013-09-05 11:46:42,0.00010074849414584
2013-09-10 12:51:17,0.00047015963934726
2013-09-12 08:31:23,0.00025746837392826
2013-09-12 13:28:21,0.00038060542232873
2013-09-17 08:06:22,5.5971385636578E-5
2013-09-17 11:48:58,0.00019030271116437
2013-09-18 12:40:37,0.00029105120531021
2013-09-20 08:45:09,0.00016791415690973
2013-09-20 08:51:51,0.00024627409680094
2013-09-20 12:19:46,0.0003582168680741
2013-09-22 11:58:13,0.00016791415690973
2013-09-24 09:46:14,0.00043657680796531
2013-09-24 09:47:42,0.00030224548243752
2013-09-26 08:39:16,0.00041418825371068
2013-09-26 09:18:41,3.3582831381947E-5
2013-09-26 12:31:39,0.00011194277127316
2013-09-27 10:46:29,0.00016791415690973
2013-10-01 16:06:02,0.00020149698829168
2013-10-04 14:40:43,0.00020149698829168
2013-10-07 13:28:59,0.00024627409680094
2013-10-07 13:42:23,0.00051493674785652
2013-10-08 07:38:14,0.00017910843403705
2013-10-08 15:35:15,0.00020149698829168
2013-10-08 15:38:19,6.7165662763894E-5
2013-10-08 15:39:43,0.0001455256026551
2013-10-08 20:18:41,0.00051493674785652
2013-10-11 06:36:49,0.0003582168680741
2013-10-11 12:29:41,0.00063807379625699
2013-10-11 13:39:46,0.00029105120531021
2013-10-16 07:49:18,0.00024627409680094
2013-10-17 07:04:24,0.00034702259094679
2013-10-17 08:09:52,0.00027985692818289
2013-10-17 08:45:44,0.00045896536221994
2013-10-17 09:16:34,0.00026866265105558
2013-10-17 10:11:53,0.00016791415690973
2013-10-17 11:34:47,0.00068285090476625
2013-10-17 11:36:58,0.00055971385636578
2013-10-17 11:40:25,0.00030224548243752
2013-10-17 11:43:43,0.00011194277127316
2013-10-17 12:14:02,0.00054851957923847
2013-10-17 12:21:39,0.00024627409680094
2013-10-17 12:23:09,0.00013433132552779
2013-10-17 13:29:46,8.9554217018525E-5
2013-10-17 13:30:26,0.00010074849414584
2013-10-17 14:02:25,7.835993989121E-5
2013-10-18 07:57:52,5.5971385636578E-5
2013-10-18 09:54:22,4.4777108509263E-5
2013-10-18 09:55:45,0.00011194277127316
2013-10-18 09:58:09,0.00077240512178478
2013-10-18 09:59:09,0.00026866265105558
2013-10-18 10:01:27,0.00020149698829168
2013-10-18 10:05:05,0.00030224548243752
2013-10-18 10:05:44,0.00048135391647457
2013-10-18 10:08:10,3.3582831381947E-5
2013-10-18 10:11:25,0.00025746837392826
2013-10-18 11:08:37,0.00011194277127316
2013-10-18 11:28:14,0.00016791415690973
2013-10-18 12:34:20,0.00012313704840047
2013-10-18 13:37:59,0.0001455256026551
2013-10-18 13:59:33,4.4777108509263E-5
2013-10-18 18:31:57,5.5971385636578E-5
2013-10-18 19:04:57,0.0001455256026551
2013-10-18 19:10:22,5.5971385636578E-5
2013-10-18 19:59:04,1.1194277127316E-5
2013-10-18 20:34:27,0.00052613102498384
2013-10-19 09:33:59,8.9554217018525E-5
2013-10-19 09:35:15,1.1194277127316E-5
2013-10-19 09:37:04,0
2013-10-19 10:20:13,5.5971385636578E-5
2013-10-19 10:22:31,4.4777108509263E-5
2013-10-19 10:42:25,0.00027985692818289
2013-10-19 10:46:49,3.3582831381947E-5
2013-10-19 11:05:17,0.00023507981967363
2013-10-19 11:09:04,0.00029105120531021
2013-10-19 11:10:45,6.7165662763894E-5
2013-10-19 11:11:56,4.4777108509263E-5
2013-10-19 11:18:55,3.3582831381947E-5
2013-10-19 11:19:05,0.00029105120531021
2013-10-19 11:19:30,0.00027985692818289
2013-10-19 11:23:31,4.4777108509263E-5
2013-10-19 11:25:38,0.00012313704840047
2013-10-19 11:32:12,0.00042538253083799
2013-10-19 11:35:01,0.000212691265419
2013-10-19 11:57:46,4.4777108509263E-5
2013-10-19 12:41:44,0.0007164337361482
2013-10-19 13:55:08,0.00062687951912968
2013-10-19 13:59:14,0.00031343975956484
2013-10-19 14:08:57,0.00023507981967363
2013-10-20 06:08:04,0.00059329668774773
2013-10-20 06:18:40,4.4777108509263E-5
2013-10-20 06:26:49,7.835993989121E-5
2013-10-20 06:28:27,7.835993989121E-5
2013-10-20 06:59:47,0.00026866265105558
2013-10-20 07:30:13,0.00010074849414584
2013-10-20 09:44:32,0.00038060542232873
2013-10-20 09:49:01,5.5971385636578E-5
2013-10-20 09:50:14,0.0001455256026551
2013-10-20 11:45:10,0.00027985692818289
2013-10-20 13:20:10,0.00013433132552779
2013-10-20 14:02:42,0.00031343975956484
2013-10-20 15:40:19,0.00053732530211115
2013-10-20 15:46:15,0.0003582168680741
2013-10-20 15:58:07,0.00027985692818289
2013-10-21 05:21:00,3.3582831381947E-5
2013-10-21 10:15:27,3.3582831381947E-5
2013-10-21 10:15:27,1.1194277127316E-5
2013-10-21 10:15:27,1.1194277127316E-5
2013-10-21 10:16:52,0.00012313704840047
2013-10-21 10:35:51,0.00010074849414584
2013-10-21 10:36:45,3.3582831381947E-5
2013-10-21 10:48:18,0.00017910843403705
2013-10-21 11:15:14,0.00012313704840047
2013-10-21 11:42:11,0.00012313704840047
2013-10-21 11:45:17,5.5971385636578E-5
2013-10-22 08:08:08,0.00022388554254631
2013-10-22 08:08:31,2.2388554254631E-5
2013-10-22 08:19:17,0.00040299397658336
2013-10-22 08:58:56,5.5971385636578E-5
2013-10-22 08:58:56,0.00011194277127316
2013-10-22 09:00:26,0.00020149698829168
2013-10-22 12:29:24,0.00029105120531021
2013-10-22 14:35:01,6.7165662763894E-5
2013-10-23 04:54:35,7.835993989121E-5
2013-10-23 05:06:12,6.7165662763894E-5
2013-10-23 08:00:20,0.00015671987978242
2013-10-23 09:46:08,8.9554217018525E-5
2013-10-23 12:34:54,0.00013433132552779
2013-10-23 13:48:21,0.00015671987978242
2013-10-23 14:04:56,0.00031343975956484
2013-10-24 07:49:30,0.00031343975956484
2013-10-24 08:26:24,6.7165662763894E-5
2013-10-24 08:30:46,3.3582831381947E-5
2013-10-24 08:31:15,0.00017910843403705
2013-10-24 09:30:18,0.00016791415690973
2013-10-24 10:15:18,8.9554217018525E-5
2013-10-24 12:49:40,0.00090673644731257
2013-10-25 05:26:39,0.00043657680796531
2013-10-25 06:06:12,0.00013433132552779
2013-10-25 06:09:26,0.0001455256026551
2013-10-25 07:29:46,0.000212691265419
2013-10-25 07:37:47,0.000212691265419
2013-10-25 14:21:28,0.00016791415690973
2013-10-25 14:23:10,0.00031343975956484
2013-10-25 14:28:33,0.00019030271116437
2013-10-25 14:31:16,0.00053732530211115
2013-10-25 14:38:12,0.00040299397658336
2013-10-26 07:13:37,0.00022388554254631
2013-10-26 08:22:42,0.00012313704840047
2013-10-26 10:01:00,8.9554217018525E-5
2013-10-26 10:08:42,0.00045896536221994
2013-10-26 10:09:48,3.3582831381947E-5
2013-10-26 10:11:34,8.9554217018525E-5
2013-10-26 10:17:44,6.7165662763894E-5
2013-10-26 10:29:03,5.5971385636578E-5
2013-10-26 10:42:51,2.2388554254631E-5
2013-10-27 05:45:41,0.00020149698829168
2013-10-27 07:16:22,7.835993989121E-5
2013-10-27 09:39:26,0.00010074849414584
2013-10-27 10:50:03,0.00017910843403705
2013-10-27 12:30:31,8.9554217018525E-5
2013-10-27 14:29:36,0.00042538253083799
2013-10-27 14:37:34,3.3582831381947E-5
2013-10-27 14:58:22,0.00029105120531021
2013-10-27 15:00:34,5.5971385636578E-5
2013-10-27 15:04:20,0.00010074849414584
2013-10-27 15:21:44,0.0016119759063335
2013-10-27 15:39:36,0.0012089819297501
2013-10-28 13:11:03,0.00015671987978242
2013-10-28 14:41:29,4.4777108509263E-5
2013-10-28 14:42:02,4.4777108509263E-5
2013-10-28 15:15:54,7.835993989121E-5
2013-10-29 07:26:44,0.00029105120531021
2013-10-29 10:14:24,0.00010074849414584
2013-10-31 12:48:20,0.00047015963934726
2013-11-01 13:54:25,0.0005709081334931
2013-11-02 08:50:13,0.00015671987978242
2013-11-02 09:03:41,0.00052613102498384
2013-11-02 11:12:48,0.00059329668774773
2013-11-02 11:44:44,0.00011194277127316
2013-11-03 10:15:39,0.00038060542232873
2013-11-04 07:49:52,3.3582831381947E-5
2013-11-04 09:14:58,0.00022388554254631
2013-11-06 16:11:39,0.00031343975956484
2013-11-07 14:55:43,0.00034702259094679
2013-11-07 15:20:35,0.00011194277127316
2013-11-09 07:11:40,0.0005709081334931
2013-11-11 07:31:05,0.00040299397658336
2013-11-11 12:58:58,0.0001455256026551
2013-11-12 10:44:29,0.00043657680796531
2013-11-13 13:03:34,0.00027985692818289
2013-11-15 09:52:21,0.00038060542232873
2013-11-20 16:25:00,0.00038060542232873
2013-11-25 13:40:50,0.00026866265105558
2013-11-26 07:26:47,2.2388554254631E-5
2013-11-26 07:28:45,7.835993989121E-5
2013-11-27 09:09:39,0.00043657680796531
2013-12-05 07:08:05,0.00015671987978242
2013-12-05 14:22:10,0.0001455256026551
2013-12-06 04:48:26,0.00034702259094679
2013-12-06 07:55:20,0.00025746837392826
2013-12-06 15:12:52,0.00030224548243752
2013-12-07 10:48:34,0.00019030271116437
2013-12-08 11:58:11,0.00027985692818289
2013-12-09 10:26:50,0.0001455256026551
2013-12-10 08:21:57,0.00020149698829168
2013-12-11 08:51:32,0.00020149698829168
2013-12-12 11:18:07,0.00012313704840047
2013-12-13 08:52:58,0.00019030271116437
2013-12-14 16:37:39,0.00033582831381947
2013-12-15 08:39:42,0.00033582831381947
2013-12-16 08:06:13,0.00023507981967363
2013-12-17 08:21:44,0.00015671987978242
2013-12-18 09:58:33,0.00012313704840047
2013-12-19 10:24:00,0.00011194277127316
2013-12-20 10:30:00,2.2388554254631E-5
2013-12-20 12:00:01,0.00013433132552779
2013-12-21 09:54:15,0.00023507981967363
2013-12-22 08:23:33,0.00017910843403705
2013-12-23 11:37:27,0.00011194277127316
2013-12-23 12:06:10,0.00024627409680094
2013-12-23 14:30:01,0.00026866265105558
2013-12-24 16:05:30,0.00026866265105558
2013-12-25 07:30:00,0.00030224548243752
2013-12-25 17:00:02,0.00027985692818289
2013-12-26 12:30:29,0.00030224548243752
2013-12-27 11:13:57,0.00030224548243752
2013-12-27 13:05:01,2.2388554254631E-5
2013-12-28 10:59:46,0.000212691265419
2013-12-29 11:00:01,0.00017910843403705
2013-12-30 11:12:31,0.00023507981967363
2013-12-30 14:00:00,0.00016791415690973
2013-12-31 11:38:46,0.00024627409680094
2013-12-31 14:30:01,0.00026866265105558
2014-01-01 08:30:00,0.00033582831381947
2014-01-01 13:00:00,0.00020149698829168
2014-01-02 14:54:36,0.00015671987978242
2014-01-03 09:46:17,0.000212691265419
2014-01-06 09:43:52,0.00066046235051162
2014-01-07 08:54:21,0.0003582168680741
2014-01-09 11:44:34,0.00013433132552779
2014-01-10 12:15:53,0.00020149698829168
2014-01-13 14:10:51,0.0003582168680741
2014-01-16 12:18:03,0.000212691265419
2014-01-17 13:14:38,0.00010074849414584
2014-01-20 14:48:49,0.00032463403669215
2014-01-23 11:23:35,0.00026866265105558
2014-01-24 15:37:32,0.00023507981967363
2014-01-28 12:30:01,0.00033582831381947
2014-01-30 11:50:20,0.00023507981967363
2014-01-31 13:14:08,0.00034702259094679
2014-02-03 10:45:07,8.9554217018525E-5
2014-02-04 12:23:38,0.00040299397658336
2014-02-05 08:47:37,0.00042538253083799
2014-02-05 13:08:50,0.00026866265105558
2014-02-06 12:12:59,0.00012313704840047
2014-02-08 07:30:01,0.00045896536221994
2014-02-08 08:12:35,0.00013433132552779
2014-02-11 12:05:46,0.00016791415690973
2014-02-12 13:21:49,0.000212691265419
2014-02-13 11:16:32,0.00017910843403705
2014-02-13 12:30:01,0.00026866265105558
2014-02-14 07:44:12,0.00013433132552779
2014-02-14 11:36:51,0.00011194277127316
2014-02-15 13:08:35,8.9554217018525E-5
2014-02-15 14:30:01,6.7165662763894E-5
2014-02-18 14:40:26,0.00020149698829168
2014-02-19 13:47:55,0.00019030271116437
2014-02-19 14:27:14,0.00012313704840047
2014-02-19 14:34:34,6.7165662763894E-5
2014-02-19 14:37:24,0.00012313704840047
2014-02-19 17:02:53,0.00048135391647457
2014-02-20 11:10:47,0.00029105120531021
2014-02-21 13:55:19,0.00054851957923847
2014-02-22 14:39:37,0.00015671987978242
2014-02-24 11:26:50,0.00027985692818289
2014-02-25 08:31:40,0.00031343975956484
2014-02-25 13:00:00,0.000212691265419
2014-02-25 14:00:56,0.0001455256026551
2014-02-25 14:54:29,0.00025746837392826
2014-02-26 11:30:01,0.00010074849414584
2014-02-26 11:42:06,5.5971385636578E-5
2014-02-27 11:15:30,8.9554217018525E-5
2014-02-28 13:45:01,0.0001455256026551
2014-03-04 14:16:02,0.00026866265105558
2014-03-04 17:25:15,4.4777108509263E-5
2014-03-05 05:30:33,0.000212691265419
2014-03-05 09:41:57,0.00032463403669215
2014-03-05 11:00:49,0.00030224548243752
2014-03-05 22:31:04,1.1194277127316E-5
2014-03-06 12:00:32,8.9554217018525E-5
2014-03-07 06:30:31,0.00011194277127316
2014-03-07 06:58:14,0.0003582168680741
2014-03-07 10:09:54,0.00019030271116437
2014-03-07 15:09:02,5.5971385636578E-5
2014-03-07 16:19:09,0.000212691265419
2014-03-09 05:36:33,7.835993989121E-5
2014-03-09 06:01:03,0.0003582168680741
2014-03-10 11:01:05,0.00016791415690973
2014-03-10 14:30:52,7.835993989121E-5
2014-03-11 12:01:30,5.5971385636578E-5
2014-03-11 19:31:44,3.3582831381947E-5
2014-03-12 08:30:36,2.2388554254631E-5
2014-03-13 07:01:10,2.2388554254631E-5
2014-03-13 10:15:33,3.3582831381947E-5
2014-03-13 13:31:31,4.4777108509263E-5
2014-03-14 07:30:42,0.00024627409680094
2014-03-17 07:29:53,0.00015671987978242
2014-03-18 13:06:01,3.3582831381947E-5
2014-03-19 07:21:33,0.00010074849414584
2014-03-19 08:12:26,3.3582831381947E-5
2014-03-19 10:30:28,6.7165662763894E-5
2014-03-20 09:02:22,0.00032463403669215
2014-03-21 12:31:09,0.00010074849414584
2014-03-22 09:30:43,0.00041418825371068
2014-03-24 08:19:55,2.2388554254631E-5
2014-03-24 13:16:37,0.00020149698829168
2014-03-24 14:02:43,0.00011194277127316
2014-03-25 16:33:13,3.3582831381947E-5
2014-03-26 09:25:08,2.2388554254631E-5
2014-03-26 13:30:36,6.7165662763894E-5
2014-03-26 13:30:40,0.00038060542232873
2014-03-26 13:50:14,6.7165662763894E-5
2014-03-27 09:43:56,0.00015671987978242
2014-03-28 14:24:41,0.00032463403669215
2014-03-29 18:23:22,8.9554217018525E-5
2014-03-30 14:27:07,2.2388554254631E-5
2014-03-31 09:29:06,2.2388554254631E-5
2014-03-31 09:56:01,0.00019030271116437
2014-03-31 12:04:19,0.00012313704840047
2014-04-01 08:53:05,6.7165662763894E-5
2014-04-01 16:51:16,0.0011865933754955
2014-04-01 17:29:14,4.4777108509263E-5
2014-04-02 09:30:09,8.9554217018525E-5
2014-04-03 13:22:42,8.9554217018525E-5
2014-04-03 14:49:17,0.00010074849414584
2014-04-04 12:20:48,8.9554217018525E-5
2014-04-07 11:02:46,0.00011194277127316
2014-04-08 11:01:04,0.00019030271116437
2014-04-09 10:16:32,0.00020149698829168
2014-04-09 10:21:55,0.00027985692818289
2014-04-09 12:12:46,0.00020149698829168
2014-04-09 14:06:21,0.00012313704840047
2014-04-09 16:02:54,0.0001455256026551
2014-04-09 18:03:04,1.1194277127316E-5
2014-04-10 16:30:26,0.00020149698829168
2014-04-10 20:04:12,0.00011194277127316
2014-04-11 07:01:23,0.0019589984972802
2014-04-11 08:17:53,6.7165662763894E-5
2014-04-11 08:35:17,0.00012313704840047
2014-04-13 09:02:16,3.3582831381947E-5
2014-04-14 08:20:53,0.00017910843403705
2014-04-15 09:22:27,2.2388554254631E-5
2014-04-15 09:51:09,0.00016791415690973
2014-04-15 13:10:14,0.0037500828376507
2014-04-15 14:30:41,0.00019030271116437
2014-04-16 11:02:31,0.00016791415690973
2014-04-16 13:11:18,0.00019030271116437
2014-04-16 13:20:29,0.00022388554254631
2014-04-17 11:00:21,0.00015671987978242
2014-04-17 14:06:09,0.00030224548243752
2014-04-17 14:33:22,0.00026866265105558
2014-04-18 04:00:50,0.00039179969945605
2014-04-19 12:10:57,0.0045672650679448
2014-04-20 15:16:29,0.00020149698829168
2014-04-23 09:00:30,0.00013433132552779
2014-04-24 08:24:20,0.0001455256026551
2014-04-25 09:20:36,1.1194277127316E-5
2014-04-25 09:20:36,2.2388554254631E-5
2014-04-25 09:20:36,2.2388554254631E-5
2014-04-25 09:20:58,5.5971385636578E-5
2014-04-26 08:00:56,0.000212691265419
2014-04-28 09:09:49,0.0024739352451368
2014-04-30 18:58:14,5.5971385636578E-5
2014-05-01 09:01:46,0.00017910843403705
2014-05-02 07:10:04,0.0042314367541253
2014-05-05 15:01:01,0.00013433132552779
2014-05-06 10:12:24,0.0005037424707292
2014-05-08 09:00:38,0.00012313704840047
2014-05-08 15:08:06,0.000212691265419
2014-05-11 10:16:50,0.00027985692818289
2014-05-12 08:41:30,0.0012089819297501
2014-05-12 16:07:13,5.5971385636578E-5
2014-05-14 09:01:13,6.7165662763894E-5
2014-05-14 12:46:48,0.00026866265105558
2014-05-15 10:30:54,0.00020149698829168
2014-05-16 07:23:46,4.4777108509263E-5
2014-05-16 09:30:08,0.00025746837392826
2014-05-16 14:50:19,8.9554217018525E-5
2014-05-17 16:48:28,0.00041418825371068
2014-05-19 13:53:16,5.5971385636578E-5
2014-05-20 09:00:50,0.00024627409680094
2014-05-21 12:01:31,0.00015671987978242
2014-05-22 13:14:18,0.0030784262100118
2014-05-23 06:30:30,0.00029105120531021
2014-05-26 16:44:16,0.00022388554254631
2014-05-27 10:05:15,0.00020149698829168
2014-05-27 10:15:23,0
2014-05-27 17:02:13,0.00025746837392826
2014-05-28 17:07:55,0.00015671987978242
2014-05-29 11:58:01,0.00034702259094679
2014-05-30 06:28:47,0.00033582831381947
2014-06-02 12:17:39,0.00040299397658336
2014-06-03 11:11:11,0.00016791415690973
2014-06-05 06:30:33,0.00044777108509263
2014-06-06 10:30:31,0.00034702259094679
2014-06-06 14:00:35,0.00039179969945605
2014-06-06 15:30:29,0.00040299397658336
2014-06-08 13:57:53,0.00012313704840047
2014-06-09 13:20:00,0.00024627409680094
2014-06-10 10:19:00,0.0005037424707292
2014-06-11 11:35:17,0.002518712353646
2014-06-11 15:28:05,0.00010074849414584
2014-06-11 16:18:38,7.835993989121E-5
2014-06-12 07:35:10,0.00045896536221994
2014-06-13 09:20:15,0.0003582168680741
2014-06-14 08:40:12,0.00025746837392826
2014-06-14 10:51:11,0.00051493674785652
2014-06-15 07:30:21,0.00023507981967363
2014-06-16 09:25:09,0.00068285090476625
2014-06-17 09:01:09,0.00025746837392826
2014-06-17 14:54:32,0.0003582168680741
2014-06-18 12:48:42,0.00053732530211115
2014-06-19 11:20:11,0.0005037424707292
2014-06-19 13:09:59,0.00040299397658336
2014-06-19 14:47:08,3.3582831381947E-5
2014-06-19 14:47:08,3.3582831381947E-5
2014-06-20 08:25:00,0.00053732530211115
2014-06-20 09:15:13,0.0015000331350603
2014-06-21 08:04:01,0.00059329668774773
2014-06-21 08:45:00,0.00012313704840047
2014-06-22 11:45:01,0.00042538253083799
2014-06-23 11:31:59,0.0001455256026551
2014-06-23 11:35:01,0.00089554217018525
2014-06-24 11:05:37,0.0008619593388033
2014-06-24 12:37:23,0.00055971385636578
2014-06-24 13:15:01,0.00019030271116437
2014-06-24 14:40:01,0.00076121084465746
2014-06-25 06:41:44,0.0076456912779566
2014-06-25 11:45:01,0.00079479367603941
2014-06-25 12:06:35,0.00013433132552779
2014-06-26 09:05:00,0.0011753990983681
2014-06-27 07:10:00,0.00079479367603941
2014-06-27 15:39:26,0.00088434789305794
2014-06-28 08:25:01,0.00051493674785652
2014-06-28 11:06:42,0.00049254819360189
2014-06-28 11:40:00,0.00033582831381947
2014-06-29 09:00:01,0.00027985692818289
2014-06-30 08:30:01,0.00054851957923847
2014-06-30 13:42:05,0.00030224548243752
2014-07-01 07:30:00,0.00076121084465746
2014-07-01 13:30:01,0.00060449096487504
2014-07-02 16:39:59,0.00015671987978242
2014-07-02 18:17:42,0.00024627409680094
2014-07-03 09:05:00,0.00039179969945605
2014-07-03 09:23:33,0.00015671987978242
2014-07-04 07:05:00,0.0020709412685534
2014-07-04 15:32:12,0.000212691265419
2014-07-05 11:50:01,0.0007835993989121
2014-07-06 17:17:37,0.00051493674785652
2014-07-07 14:45:44,0.00081718223029404
2014-07-08 08:33:46,0.00052613102498384
2014-07-08 13:35:00,0.00036941114520142
2014-07-09 13:11:09,0.00025746837392826
2014-07-10 06:25:00,0.00036941114520142
2014-07-10 13:30:00,0.00049254819360189
2014-07-11 10:49:44,0.00032463403669215
2014-07-12 10:47:12,0.00017910843403705
2014-07-13 08:45:00,0.00012313704840047
2014-07-13 17:54:09,0.00025746837392826
2014-07-14 14:32:06,0.00041418825371068
2014-07-14 14:56:24,0.00023507981967363
2014-07-15 07:30:00,0.00033582831381947
2014-07-15 13:30:01,0.00038060542232873
2014-07-15 15:29:07,0.00043657680796531
2014-07-16 08:05:00,0.00022388554254631
2014-07-16 08:39:16,0.00025746837392826
2014-07-16 13:18:49,0.00038060542232873
2014-07-17 08:05:00,0.00054851957923847
2014-07-17 12:45:00,0.00089554217018525
2014-07-17 16:25:00,0.00016791415690973
2014-07-18 07:05:00,0.00049254819360189
2014-07-18 10:20:00,0.00013433132552779
2014-07-18 15:30:00,0.00026866265105558
2014-07-19 12:15:00,0.00041418825371068
2014-07-20 11:45:00,0.00013433132552779
2014-07-21 12:51:46,0.00024627409680094
2014-07-21 13:40:01,0.00013433132552779
2014-07-21 15:20:00,0.00058210241062041
2014-07-21 17:00:00,0.00036941114520142
2014-07-22 18:55:35,0.00049254819360189
2014-07-23 07:35:00,0.00015671987978242
2014-07-23 09:35:00,0.00012313704840047
2014-07-23 12:45:00,0.00041418825371068
2014-07-23 16:35:01,0.00010074849414584
2014-07-24 04:30:00,6.7165662763894E-5
2014-07-24 08:25:00,0.00020149698829168
2014-07-24 13:20:00,0.00034702259094679
2014-07-24 13:39:47,8.9554217018525E-5
2014-07-24 13:39:47,3.3582831381947E-5
2014-07-24 13:39:47,3.3582831381947E-5
2014-07-24 13:45:01,0.00015671987978242
2014-07-24 15:02:16,7.835993989121E-5
2014-07-24 16:40:00,0.0005037424707292
2014-07-25 07:05:00,0.00070523945902089
2014-07-25 10:25:00,0.0005037424707292
2014-07-25 12:10:01,7.835993989121E-5
2014-07-25 14:00:34,2.2388554254631E-5
2014-07-26 09:15:00,0.00027985692818289
2014-07-26 12:35:01,3.3582831381947E-5
2014-07-26 14:05:00,6.7165662763894E-5
2014-07-27 07:00:00,7.835993989121E-5
2014-07-27 08:20:00,7.835993989121E-5
2014-07-27 12:00:01,0.00010074849414584
2014-07-27 16:20:01,0.00013433132552779
2014-07-28 08:49:42,0.00045896536221994
2014-07-28 10:05:00,0.00011194277127316
2014-07-28 11:20:01,0.00048135391647457
2014-07-28 13:45:00,6.7165662763894E-5
2014-07-28 16:30:01,4.4777108509263E-5
2014-07-29 08:45:00,7.835993989121E-5
2014-07-29 09:14:19,0.00019030271116437
2014-07-29 10:45:00,0.00070523945902089
2014-07-29 12:15:00,0.00023507981967363
2014-07-29 13:30:00,0.00024627409680094
2014-07-29 17:30:01,0
2014-07-30 06:05:00,2.2388554254631E-5
2014-07-30 09:25:03,0.00076121084465746
2014-07-30 13:00:24,0.00011194277127316
2014-07-31 05:44:20,7.835993989121E-5
2014-07-31 07:45:00,0.00044777108509263
2014-07-31 08:48:36,0.00061568524200236
2014-07-31 09:45:00,0.00015671987978242
2014-07-31 12:05:01,0.000212691265419
2014-07-31 14:07:48,0.00031343975956484
2014-07-31 16:30:01,0.00017910843403705
2014-08-01 07:10:00,0.00070523945902089
2014-08-01 09:45:00,0.00041418825371068
2014-08-01 12:10:01,0.00012313704840047
2014-08-01 13:03:58,0.00038060542232873
2014-08-01 13:45:01,4.4777108509263E-5
2014-08-01 13:59:59,0.00029105120531021
2014-08-01 15:25:00,0.00049254819360189
2014-08-02 07:45:00,0.00023507981967363
2014-08-02 09:25:01,0.00041418825371068
2014-08-02 09:30:00,0.00026866265105558
2014-08-02 12:36:32,0.0003582168680741
2014-08-02 15:30:01,0.00013433132552779
2014-08-03 07:25:54,0.00047015963934726
2014-08-03 08:00:01,0.00017910843403705
2014-08-03 10:39:56,0.00036941114520142
2014-08-03 11:24:33,0.00027985692818289
2014-08-03 12:00:01,0.00012313704840047
2014-08-03 12:58:45,0.00022388554254631
2014-08-03 12:58:45,0.00022388554254631
2014-08-03 14:37:00,0.00027985692818289
2014-08-03 18:48:49,0.00027985692818289
2014-08-04 09:54:44,0.00095151355582183
2014-08-04 11:41:46,0.00061568524200236
2014-08-04 11:56:34,0.00061568524200236
2014-08-05 07:30:00,0.00055971385636578
2014-08-05 17:05:01,0.00015671987978242
2014-08-06 07:34:22,0.00026866265105558
2014-08-06 08:45:01,0.00020149698829168
2014-08-06 10:55:00,8.9554217018525E-5
2014-08-06 11:31:40,0.00017910843403705
2014-08-06 12:10:01,0.0001455256026551
2014-08-06 13:25:01,7.835993989121E-5
2014-08-06 16:07:56,0.00023507981967363
2014-08-06 17:15:01,0.00022388554254631
2014-08-07 10:26:40,0.00012313704840047
2014-08-07 11:35:00,0.00036941114520142
2014-08-07 12:31:01,0.00022388554254631
2014-08-07 12:55:00,0.00072762801327552
2014-08-07 15:35:00,0.00025746837392826
2014-08-08 07:05:00,0.00055971385636578
2014-08-08 09:29:07,0.00033582831381947
2014-08-08 11:35:00,0.00019030271116437
2014-08-08 18:45:01,0.00032463403669215
2014-08-09 07:00:01,0.00047015963934726
2014-08-09 08:40:01,0.00039179969945605
2014-08-10 08:45:00,0.00039179969945605
2014-08-10 10:55:52,0.00022388554254631
2014-08-11 07:43:01,0.00048135391647457
2014-08-11 09:15:44,0.00019030271116437
2014-08-11 09:45:00,0.00029105120531021
2014-08-11 13:55:00,0.00040299397658336
2014-08-11 15:04:48,0.00016791415690973
2014-08-12 07:30:01,0.00051493674785652
2014-08-12 11:10:01,0.0001455256026551
2014-08-12 16:05:00,0.0003582168680741
2014-08-13 07:13:38,0.00047015963934726
2014-08-13 10:47:16,0.00033582831381947
2014-08-13 13:30:03,0.00027985692818289
2014-08-14 07:45:00,0.00010074849414584
2014-08-14 13:15:01,0.000212691265419
2014-08-15 07:00:00,8.9554217018525E-5
2014-08-15 14:00:01,0.0003582168680741
2014-08-17 08:00:00,0.00043657680796531
2014-08-18 05:30:00,0.00081718223029404
2014-08-18 09:45:00,0.00012313704840047
2014-08-18 13:40:00,0.00011194277127316
2014-08-18 16:55:01,0.00058210241062041
2014-08-19 07:30:04,0.0016007816292061
2014-08-19 10:30:00,0.00015671987978242
2014-08-19 12:06:32,0.00063807379625699
2014-08-19 14:07:00,0.00044777108509263
2014-08-19 14:33:45,0.00044777108509263
2014-08-19 16:00:00,5.5971385636578E-5
2014-08-20 05:25:00,6.7165662763894E-5
2014-08-20 15:35:34,0.00019030271116437
2014-08-21 07:35:00,0.00012313704840047
2014-08-22 07:00:00,0.00012313704840047
2014-08-22 14:00:02,0.010545009053931
2014-08-23 07:00:05,0.00017910843403705
2014-08-23 09:47:10,0.00069404518189357
2014-08-23 17:45:00,0.0001455256026551
2014-08-24 08:00:01,0.00024627409680094
2014-08-25 07:54:16,0.00030224548243752
2014-08-25 10:10:00,0.00020149698829168
2014-08-25 16:05:01,0.003403060246704
2014-08-26 07:30:05,0.00024627409680094
2014-08-26 08:51:21,0.00017910843403705
2014-08-26 16:00:01,7.835993989121E-5
2014-08-27 05:25:01,0.00041418825371068
2014-08-27 09:00:00,8.9554217018525E-5
2014-08-27 14:06:47,0.00019030271116437
2014-08-28 04:30:02,0.00022388554254631
2014-08-28 13:15:05,0.00039179969945605
2014-08-29 06:43:24,0.00010074849414584
2014-08-29 11:50:00,0.00039179969945605
2014-08-30 08:31:55,0.00038060542232873
2014-08-30 09:58:51,3.3582831381947E-5
2014-08-30 09:58:51,1.1194277127316E-5
2014-08-30 09:58:51,3.3582831381947E-5
2014-08-30 09:58:51,2.2388554254631E-5
2014-08-30 09:58:51,2.2388554254631E-5
2014-08-30 09:58:51,2.2388554254631E-5
2014-08-30 09:58:51,2.2388554254631E-5
2014-08-30 09:58:51,2.2388554254631E-5
2014-08-30 09:58:51,1.1194277127316E-5
2014-08-30 11:45:03,0.00013433132552779
2014-08-30 15:37:57,2.2388554254631E-5
2014-08-30 15:37:57,2.2388554254631E-5
2014-08-30 15:37:57,3.3582831381947E-5
2014-08-30 15:37:57,3.3582831381947E-5
2014-08-30 15:37:57,4.4777108509263E-5
2014-08-31 11:00:00,0.00013433132552779
2014-08-31 14:45:00,6.7165662763894E-5
2014-09-01 05:09:58,0.00059329668774773
2014-09-01 11:45:00,5.5971385636578E-5
2014-09-01 12:17:49,0.000212691265419
2014-09-01 18:14:15,0.00030224548243752
2014-09-02 07:00:01,0.00027985692818289
2014-09-02 09:00:01,0.00038060542232873
2014-09-02 09:20:52,0.00025746837392826
2014-09-02 14:00:00,8.9554217018525E-5
2014-09-03 07:45:05,0.00036941114520142
2014-09-03 12:46:09,0.00063807379625699
2014-09-03 16:06:24,0.00045896536221994
2014-09-03 16:52:55,0.00047015963934726
2014-09-04 07:00:00,0.00025746837392826
2014-09-04 13:15:01,0.00034702259094679
2014-09-05 07:00:00,0.00019030271116437
2014-09-05 08:38:56,0.00042538253083799
2014-09-05 15:41:57,0.00022388554254631
2014-09-05 16:17:59,0.00024627409680094
2014-09-05 17:00:00,0.00013433132552779
2014-09-06 08:00:01,0.00015671987978242
2014-09-07 08:28:49,0.0001455256026551
2014-09-08 05:00:01,0.00053732530211115
2014-09-08 11:45:00,0.00022388554254631
2014-09-08 18:24:25,0.00025746837392826
2014-09-09 09:00:02,0.00048135391647457
2014-09-09 14:22:17,0.00013433132552779
2014-09-10 12:25:00,0.00020149698829168
2014-09-11 11:16:33,0.00022388554254631
2014-09-11 13:15:00,0.00052613102498384
2014-09-12 07:00:01,0.00097390211007646
2014-09-13 08:42:31,0.00033582831381947
2014-09-13 17:43:59,0.00030224548243752
2014-09-15 05:00:02,0.00029105120531021
2014-09-15 13:25:00,0.00013433132552779
2014-09-16 07:35:01,0.00016791415690973
2014-09-16 07:40:01,0.00022388554254631
2014-09-16 10:30:01,0.0003582168680741
2014-09-16 12:14:05,0.0011418162669862
2014-09-16 13:30:01,0.0003582168680741
2014-09-16 15:30:00,0.00025746837392826
2014-09-17 07:00:00,6.7165662763894E-5
2014-09-17 07:17:39,0.0005037424707292
2014-09-17 11:58:40,0.0005037424707292
2014-09-17 14:45:00,0.00015671987978242
2014-09-18 07:25:01,3.3582831381947E-5
2014-09-18 11:30:01,7.835993989121E-5
2014-09-18 15:45:00,0.00011194277127316
2014-09-18 18:32:40,0.00027985692818289
2014-09-18 19:16:03,0.00017910843403705
2014-09-19 08:05:01,0.00039179969945605
2014-09-19 10:30:00,0.00010074849414584
2014-09-19 11:34:57,0.00085076506167599
2014-09-19 14:15:01,7.835993989121E-5
2014-09-20 16:15:33,0.00027985692818289
2014-09-22 05:45:01,0.00034702259094679
2014-09-22 06:23:46,0.00091793072443988
2014-09-22 11:00:00,0.0001455256026551
2014-09-22 13:45:12,0.00023507981967363
2014-09-22 17:15:01,0.00033582831381947
2014-09-23 09:30:01,0.00027985692818289
2014-09-23 10:20:36,0.00020149698829168
2014-09-23 13:20:01,0.00022388554254631
2014-09-24 07:00:00,0.00029105120531021
2014-09-24 10:00:00,7.835993989121E-5
2014-09-24 11:00:00,0.00013433132552779
2014-09-24 15:00:00,0.00010074849414584
2014-09-25 07:25:00,0.00012313704840047
2014-09-25 11:40:42,0.00013433132552779
2014-09-25 15:34:29,0.00033582831381947
2014-09-26 08:05:01,0.00027985692818289
2014-09-26 14:15:01,8.9554217018525E-5
2014-09-27 08:35:10,0.00029105120531021
2014-09-27 12:30:00,0.00013433132552779
2014-09-29 05:53:46,0.00029105120531021
2014-09-29 10:37:33,0.0001455256026551
2014-09-29 11:05:00,0.00010074849414584
2014-09-29 13:45:00,0.00015671987978242
2014-09-29 16:05:01,0.00020149698829168
2014-09-30 06:45:01,6.7165662763894E-5
2014-09-30 09:30:01,0.0005037424707292
2014-09-30 11:31:17,0.00029105120531021
2014-09-30 13:20:00,0.00013433132552779
2014-10-01 07:00:00,3.3582831381947E-5
2014-10-01 08:30:03,0.00019030271116437
2014-10-01 12:00:01,0.00033582831381947
2014-10-01 12:34:03,0.00059329668774773
2014-10-02 07:25:00,0.00013433132552779
2014-10-02 07:41:24,0.00064926807338431
2014-10-02 11:30:01,0.00017910843403705
2014-10-02 14:50:19,0.00049254819360189
2014-10-02 19:10:02,0.00025746837392826
2014-10-03 08:05:00,0.00020149698829168
2014-10-03 10:30:00,0.00013433132552779
2014-10-04 09:45:00,0.00011194277127316
2014-10-05 11:00:01,0.00032463403669215
2014-10-05 17:00:00,0.00010074849414584
2014-10-06 05:00:01,0.024257998534893
2014-10-06 08:10:26,0.00062687951912968
2014-10-06 09:21:41,0.00013433132552779
2014-10-06 19:19:05,0.00029105120531021
2014-10-07 06:30:01,0.00011194277127316
2014-10-07 09:30:01,4.4777108509263E-5
2014-10-07 14:45:01,0.00023507981967363
2014-10-08 07:00:00,0.00030224548243752
2014-10-08 11:00:01,0.00020149698829168
2014-10-08 12:30:00,5.5971385636578E-5
2014-10-08 14:42:11,0.00026866265105558
2014-10-09 07:25:00,8.9554217018525E-5
2014-10-09 08:34:03,0.00045896536221994
2014-10-09 12:14:46,0.00045896536221994
2014-10-09 14:56:01,0.00013433132552779
2014-10-09 15:28:55,0.00013433132552779
2014-10-10 08:05:01,0.00081718223029404
2014-10-10 10:30:00,0.00013433132552779
2014-10-10 12:00:00,0.00010074849414584
2014-10-11 09:45:00,0.00012313704840047
2014-10-11 13:38:10,0.0005037424707292
2014-10-12 11:00:05,0.00036941114520142
2014-10-13 09:23:29,0.00033582831381947
2014-10-13 16:54:14,0.00010074849414584
2014-10-14 09:52:48,0.00012313704840047
2014-10-14 12:19:14,0.00012313704840047
2014-10-14 14:45:01,7.835993989121E-5
2014-10-14 16:00:00,8.9554217018525E-5
2014-10-14 18:00:00,0.00010074849414584
2014-10-15 07:00:01,0.00022388554254631
2014-10-15 11:00:00,5.5971385636578E-5
2014-10-15 14:31:08,0.00034702259094679
2014-10-15 16:25:20,0.00047015963934726
2014-10-16 06:19:00,0.0001455256026551
2014-10-16 07:45:00,4.4777108509263E-5
2014-10-16 11:30:00,0.00012313704840047
2014-10-16 13:40:54,0.00090673644731257
2014-10-17 06:33:04,0.0001455256026551
2014-10-20 10:00:28,0.00010074849414584
2014-10-20 10:30:01,0.00016791415690973
2014-10-20 14:30:00,0.000212691265419
2014-10-21 06:35:01,5.5971385636578E-5
2014-10-21 09:30:00,0.00015671987978242
2014-10-21 17:05:00,0.0001455256026551
2014-10-22 07:00:00,0.00010074849414584
2014-10-22 09:43:12,0.00026866265105558
2014-10-22 11:00:00,0.00072762801327552
2014-10-22 14:30:01,0.00011194277127316
2014-10-23 07:25:01,0.00061568524200236
2014-10-23 11:30:01,7.835993989121E-5
2014-10-24 08:05:01,0.0016119759063335
2014-10-24 10:30:00,0.00012313704840047
2014-10-24 13:00:01,0.00029105120531021
2014-10-25 12:03:56,0.00012313704840047
2014-10-25 12:08:35,0.00025746837392826
2014-10-25 13:11:46,0.0001455256026551
2014-10-26 11:00:01,0.0001455256026551
2014-10-26 17:00:01,0.00031343975956484
2014-10-27 05:00:00,0.0083173479055955
2014-10-27 05:54:16,0.00053732530211115
2014-10-27 10:43:44,0.0003582168680741
2014-10-27 14:30:00,0.00015671987978242
2014-10-27 16:30:01,0.000212691265419
2014-10-28 06:30:01,0.0027873750047016
2014-10-28 09:30:01,0.00024627409680094
2014-10-28 14:45:00,0.00029105120531021
2014-10-29 07:00:00,0.00012313704840047
2014-10-29 11:00:01,0.00023507981967363
2014-10-29 12:22:40,0.00023507981967363
2014-10-29 14:30:01,0.00062687951912968
2014-10-30 07:25:00,6.7165662763894E-5
2014-10-30 11:30:00,0.00011194277127316
2014-10-31 05:56:13,0.00067165662763894
2014-10-31 10:30:00,0.0001455256026551
2014-11-01 14:55:46,0.042840498566237
2014-11-02 15:40:22,0.00030224548243752
2014-11-03 05:00:01,0.015448102435696
2014-11-03 09:30:00,7.835993989121E-5
2014-11-03 16:30:00,0.00063807379625699
2014-11-04 06:30:01,0.00012313704840047
2014-11-05 07:00:00,0.00017910843403705
2014-11-05 11:00:01,0.00015671987978242
2014-11-05 14:30:01,0.0099405180890563
2014-11-06 07:25:01,0.00010074849414584
2014-11-06 08:00:03,0.00083957078454867
2014-11-06 10:47:28,0.00041418825371068
2014-11-06 11:30:01,0.00063807379625699
2014-11-06 13:50:20,0.00064926807338431
2014-11-07 08:05:00,0.00068285090476625
2014-11-07 10:30:01,0.00029105120531021
2014-11-07 14:15:01,0.00038060542232873
2014-11-08 09:45:01,0.00045896536221994
2014-11-08 12:00:03,0.00017910843403705
2014-11-09 11:00:04,0.017776512078177
2014-11-09 17:00:00,7.835993989121E-5
2014-11-10 05:00:01,0.008832284653452
2014-11-10 09:30:00,7.835993989121E-5
2014-11-10 11:00:00,0.00013433132552779
2014-11-10 16:30:03,0.00038060542232873
2014-11-11 06:30:01,0.00010074849414584
2014-11-11 09:30:00,0.00015671987978242
2014-11-11 10:14:58,0.0001455256026551
2014-11-11 10:14:59,0.00011194277127316
2014-11-12 07:00:01,0.00059329668774773
2014-11-12 11:00:01,0.00010074849414584
2014-11-12 11:26:05,0.00049254819360189
2014-11-12 14:30:01,0.00072762801327552
2014-11-13 07:25:00,5.5971385636578E-5
2014-11-13 13:46:22,0.00011194277127316
2014-11-14 08:08:39,0.00025746837392826
2014-11-14 14:16:03,0.00020149698829168
2014-11-14 15:58:03,0.00013433132552779
2014-11-15 09:45:01,0.000212691265419
2014-11-15 12:00:02,0.00020149698829168
2014-11-16 06:00:01,0.00024627409680094
2014-11-16 17:00:01,0.00020149698829168
2014-11-17 05:47:37,0.00066046235051162
2014-11-17 10:00:37,0.00033582831381947
2014-11-17 11:04:53,6.7165662763894E-5
2014-11-17 17:13:41,0.0010410677728404
2014-11-18 06:46:06,0.000212691265419
2014-11-18 09:30:01,0.00010074849414584
2014-11-19 07:00:00,0.0001455256026551
2014-11-19 11:00:00,0.00034702259094679
2014-11-19 14:30:01,0.00049254819360189
2014-11-20 06:20:00,0.0003582168680741
2014-11-20 07:25:00,8.9554217018525E-5
2014-11-20 11:30:00,0.00016791415690973
2014-11-20 12:22:51,0.00027985692818289
2014-11-20 12:35:54,0.00023507981967363
2014-11-21 08:05:00,0.00026866265105558
2014-11-21 10:30:00,8.9554217018525E-5
2014-11-21 13:45:00,0.00039179969945605
2014-11-21 15:39:06,0.00038060542232873
2014-11-22 09:45:00,0.00062687951912968
2014-11-22 12:30:00,0.00049254819360189
2014-11-22 14:30:00,0.0001455256026551
2014-11-23 11:00:01,0.00012313704840047
2014-11-23 17:00:01,0.00027985692818289
2014-11-24 06:42:20,0.0070412003130815
2014-11-24 09:30:00,0.00030224548243752
2014-11-24 11:00:01,0.00036941114520142
2014-11-24 13:00:01,0.00016791415690973
2014-11-24 16:30:01,0.00048135391647457
2014-11-25 09:30:00,0.00020149698829168
2014-11-25 11:30:01,0.00025746837392826
2014-11-25 18:30:00,0.00013433132552779
2014-11-26 07:00:00,0.00017910843403705
2014-11-26 17:24:16,5.5971385636578E-5
2014-11-26 17:45:09,7.835993989121E-5
2014-11-27 08:30:01,0.00023507981967363
2014-11-27 12:17:58,0.00013433132552779
2014-11-28 07:09:39,0.00012313704840047
2014-11-28 08:05:01,0.0003582168680741
2014-11-28 09:34:46,0.00080598795316673
2014-11-28 10:30:01,0.00020149698829168
2014-11-28 12:00:01,0.00020149698829168
2014-11-29 08:27:55,0.00024627409680094
2014-11-29 09:46:33,0.00048135391647457
2014-11-30 11:30:01,0.00047015963934726
2014-11-30 17:00:01,0.00031343975956484
2014-12-01 05:00:01,0.00031343975956484
2014-12-01 09:45:01,6.7165662763894E-5
2014-12-01 13:00:00,0.00010074849414584
2014-12-01 16:30:01,0.00023507981967363
2014-12-02 06:30:01,0.00020149698829168
2014-12-02 09:30:01,0.00044777108509263
2014-12-03 07:00:01,4.4777108509263E-5
2014-12-03 11:00:01,0.00055971385636578
2014-12-04 07:25:01,6.7165662763894E-5
2014-12-04 12:17:44,0.0005709081334931
2014-12-04 16:45:01,0.00055971385636578
2014-12-05 08:05:00,0.0007164337361482
2014-12-05 10:15:00,0.00013433132552779
2014-12-05 13:45:00,0.00077240512178478
2014-12-06 09:45:00,0.00011194277127316
2014-12-06 11:00:00,0.00023507981967363
2014-12-06 13:15:00,0.00016791415690973
2014-12-07 11:00:00,0.00026866265105558
2014-12-07 17:00:01,0.00020149698829168
2014-12-08 06:34:16,0.00032463403669215
2014-12-08 09:45:00,0.00023507981967363
2014-12-08 16:30:01,0.0003582168680741
2014-12-09 06:30:00,8.9554217018525E-5
2014-12-09 10:46:09,4.4777108509263E-5
2014-12-09 14:34:58,3.3582831381947E-5
2014-12-10 07:00:00,0.00011194277127316
2014-12-10 11:00:01,0.00064926807338431
2014-12-11 07:25:01,0.00039179969945605
2014-12-11 08:36:13,0.00033582831381947
2014-12-12 05:50:48,0.00025746837392826
2014-12-12 12:57:00,0.00020149698829168
2014-12-12 14:50:10,0.047273432308654
2014-12-13 09:45:00,0.00019030271116437
2014-12-13 11:00:00,0.00012313704840047
2014-12-13 18:00:02,0.00032463403669215
2014-12-15 05:06:00,0.00017910843403705
2014-12-15 09:08:46,0.00016791415690973
2014-12-15 09:45:00,0.00017910843403705
2014-12-15 10:46:09,0.0003582168680741
2014-12-15 16:27:00,0.00027985692818289
2014-12-16 06:30:00,0.00016791415690973
2014-12-16 09:31:00,5.5971385636578E-5
2014-12-16 13:31:00,0.00010074849414584
2014-12-17 07:01:00,0.00019030271116437
2014-12-17 11:35:00,0.00016791415690973
2014-12-17 17:00:00,0.0001455256026551
2014-12-18 07:38:00,0.00023507981967363
2014-12-18 11:39:00,0.00013433132552779
2014-12-19 07:00:01,0.00053732530211115
2014-12-19 10:42:20,0.0001455256026551
2014-12-19 13:45:01,0.00051493674785652
2014-12-20 09:46:00,0.00020149698829168
2014-12-20 11:50:18,0.00019030271116437
2014-12-20 18:00:01,0.00016791415690973
2014-12-21 09:00:02,0.00025746837392826
2014-12-21 17:00:01,0.00010074849414584
2014-12-22 07:03:06,0.00010074849414584
2014-12-22 12:15:01,7.835993989121E-5
2014-12-23 06:30:01,8.9554217018525E-5
2014-12-23 07:59:02,0.0001455256026551
2014-12-23 09:30:00,0.00013433132552779
2014-12-23 09:45:00,7.835993989121E-5
2014-12-23 13:30:01,0.00012313704840047
2014-12-24 06:39:44,0.00020149698829168
2014-12-24 07:20:01,0.00027985692818289
2014-12-24 11:15:00,0.00012313704840047
2014-12-25 07:35:01,0.00044777108509263
2014-12-25 14:35:01,0.00052613102498384
2014-12-26 09:30:00,0.0001455256026551
2014-12-27 09:45:00,0.0001455256026551
2014-12-27 11:15:00,0.00023507981967363
2014-12-27 18:02:00,0.0001455256026551
2014-12-28 11:35:01,0.00088434789305794
2014-12-28 16:15:00,8.9554217018525E-5
2014-12-29 05:00:00,0.00033582831381947
2014-12-29 11:00:00,7.835993989121E-5
2014-12-29 13:57:24,0.00029105120531021
2014-12-29 14:30:01,0.00029105120531021
2014-12-29 16:30:00,0.00036941114520142
2014-12-30 06:30:00,0.00017910843403705
2014-12-30 11:00:00,5.5971385636578E-5
2014-12-30 16:00:01,3.3582831381947E-5
2014-12-31 07:30:00,0.00045896536221994
2014-12-31 11:30:00,0.00016791415690973
2014-12-31 12:19:23,0.0001455256026551
2014-12-31 15:00:01,0.00041418825371068
2015-01-01 07:25:00,0.00043657680796531
2015-01-01 14:00:01,0.00042538253083799
2015-01-02 08:00:01,0.0014776445808057
2015-01-02 09:38:23,0.00027985692818289
2015-01-02 12:25:00,0.00082837650742136
2015-01-03 08:34:01,0.00049254819360189
2015-01-03 09:45:00,0.00054851957923847
2015-01-03 09:57:57,0.0007164337361482
2015-01-03 11:55:01,0.00025746837392826
2015-01-03 18:01:30,0.0010074849414584
2015-01-04 11:00:01,0.0005037424707292
2015-01-04 13:54:35,0.00025746837392826
2015-01-04 17:55:01,0.0001455256026551
2015-01-05 06:44:26,0.00052613102498384
2015-01-05 12:57:11,0.00029105120531021
2015-01-05 14:27:42,0.00036941114520142
2015-01-05 14:31:48,0.00036941114520142
2015-01-05 15:48:51,0.00011194277127316
2015-01-05 16:33:01,0.00051493674785652
2015-01-06 06:30:01,0.00047015963934726
2015-01-06 09:30:01,5.5971385636578E-5
2015-01-06 10:26:12,0.00034702259094679
2015-01-06 14:00:01,8.9554217018525E-5
2015-01-06 16:31:17,0.00016791415690973
2015-01-07 07:00:01,0.00073882229040283
2015-01-07 11:03:00,0.00013433132552779
2015-01-07 15:13:00,0.00010074849414584
2015-01-08 07:25:33,0.00017910843403705
2015-01-08 12:21:21,0.00072762801327552
2015-01-09 07:06:00,0.00058210241062041
2015-01-09 10:00:14,0.00017910843403705
2015-01-09 11:45:00,0.00013433132552779
2015-01-09 14:03:01,0.00043657680796531
2015-01-10 09:42:00,0.00053732530211115
2015-01-10 11:33:00,0.00017910843403705
2015-01-10 12:10:00,0.00030224548243752
2015-01-10 12:10:00,0.00026866265105558
2015-01-10 12:10:00,0.00048135391647457
2015-01-10 12:10:00,0.0003582168680741
2015-01-10 12:10:00,0.00049254819360189
2015-01-10 12:10:01,0.00067165662763894
2015-01-11 11:52:55,0.00044777108509263
2015-01-11 17:48:01,7.835993989121E-5
2015-01-12 05:00:01,0.00040299397658336
2015-01-12 11:05:00,0.00010074849414584
2015-01-12 13:45:01,0.00012313704840047
2015-01-12 16:40:01,0.00042538253083799
2015-01-13 09:45:00,0.00010074849414584
2015-01-13 11:35:00,8.9554217018525E-5
2015-01-13 13:35:00,6.7165662763894E-5
2015-01-13 16:10:00,0.00022388554254631
2015-01-14 07:09:01,0.00051493674785652
2015-01-14 11:51:00,0.00019030271116437
2015-01-14 15:07:00,0.00012313704840047
2015-01-15 09:30:00,7.835993989121E-5
2015-01-15 16:45:01,0.00075001656753015
2015-01-16 07:00:01,0.00060449096487504
2015-01-16 10:49:24,4.4777108509263E-5
2015-01-16 11:30:01,6.7165662763894E-5
2015-01-16 14:00:01,0.00045896536221994
2015-01-17 12:08:01,0.00052613102498384
2015-01-17 15:35:20,0.00019030271116437
2015-01-17 16:09:00,0.00016791415690973
2015-01-18 11:30:00,8.9554217018525E-5
2015-01-18 17:09:01,0.00015671987978242
2015-01-19 16:40:04,0.00044777108509263
2015-01-20 08:02:00,0.00010074849414584
2015-01-20 11:17:00,0.00011194277127316
2015-01-20 14:02:00,4.4777108509263E-5
2015-01-21 06:17:00,0.00020149698829168
2015-01-21 14:45:01,0.00013433132552779
2015-01-22 09:32:05,8.9554217018525E-5
2015-01-22 16:30:15,0.000212691265419
2015-01-23 07:30:00,5.5971385636578E-5
2015-01-23 11:45:00,0.00010074849414584
2015-01-23 16:00:01,0.00044777108509263
2015-01-24 11:16:59,0.000212691265419
2015-01-24 12:45:01,0.00023507981967363
2015-01-25 11:00:01,0.00010074849414584
2015-01-26 05:00:00,0.00048135391647457
2015-01-26 12:57:02,0.00040299397658336
2015-01-26 16:30:00,0.00047015963934726
2015-01-27 05:00:00,0.00015671987978242
2015-01-27 08:04:00,0.0001455256026551
2015-01-28 06:00:01,7.835993989121E-5
2015-01-28 12:45:01,0.00016791415690973
2015-01-29 09:30:00,0.00011194277127316
2015-01-29 12:37:15,0.00016791415690973
2015-01-30 07:00:00,0.00038060542232873
2015-01-30 14:45:01,0.00048135391647457
2015-01-31 08:30:00,0.00012313704840047
2015-02-01 11:45:00,0.00011194277127316
2015-02-01 13:52:43,0.00038060542232873
2015-02-02 05:00:01,0.00032463403669215
2015-02-02 10:07:00,0.00029105120531021
2015-02-02 16:45:00,0.00038060542232873
2015-02-03 08:30:01,0.00011194277127316
2015-02-03 14:30:01,6.7165662763894E-5
2015-02-05 09:43:50,0.00016791415690973
2015-02-06 17:12:19,0.00016791415690973
2015-02-07 08:00:01,0.00085076506167599
2015-02-08 11:47:00,0.00047015963934726
2015-02-09 11:45:06,0.00030224548243752
2015-02-09 16:20:02,7.835993989121E-5
2015-02-10 14:34:59,0.00041418825371068
2015-02-11 12:46:05,8.9554217018525E-5
2015-02-12 14:38:12,5.5971385636578E-5
2015-02-13 12:15:49,0.00012313704840047
2015-02-14 08:00:01,0.00024627409680094
2015-02-16 07:19:35,0.00051493674785652
2015-02-16 08:54:55,0.0021157183770627
2015-02-16 09:10:49,0.0015783930749515
2015-02-16 09:41:41,0.000212691265419
2015-02-16 09:56:43,0.00059329668774773
2015-02-16 11:00:00,5.5971385636578E-5
2015-02-16 15:31:15,0.0012201762068774
2015-02-17 08:10:00,0.00017910843403705
2015-02-18 09:32:00,0.00015671987978242
2015-02-19 11:10:01,7.835993989121E-5
2015-02-21 09:00:01,0.00091793072443988
2015-02-22 07:00:01,5.5971385636578E-5
2015-02-23 05:00:01,0.00051493674785652
2015-02-24 08:32:05,0.00016791415690973
2015-02-25 10:05:20,0.00012313704840047
2015-02-26 15:42:15,0.00022388554254631
2015-02-27 07:00:01,0.0003582168680741
2015-02-27 13:00:01,0.00063807379625699
2015-02-28 08:40:00,0.0010186792185857
2015-02-28 15:45:59,0.00017910843403705
2015-03-01 11:08:00,0.00029105120531021
2015-03-02 15:00:57,0.00019030271116437
2015-03-03 08:03:00,5.5971385636578E-5
2015-03-03 14:03:00,5.5971385636578E-5
2015-03-04 06:03:00,6.7165662763894E-5
2015-03-04 09:55:51,0.00048135391647457
2015-03-04 12:58:07,0.00022388554254631
2015-03-04 17:00:01,0.00019030271116437
2015-03-05 07:00:01,0.00011194277127316
2015-03-05 09:30:01,4.4777108509263E-5
2015-03-06 07:00:01,2.2388554254631E-5
2015-03-06 07:00:01,0.00020149698829168
2015-03-06 11:35:00,6.7165662763894E-5
2015-03-07 07:00:02,0.00059329668774773
2015-03-07 09:45:00,0.00032463403669215
2015-03-07 13:15:00,0.00017910843403705
2015-03-08 07:00:01,0.00091793072443988
2015-03-08 11:00:01,0.00069404518189357
2015-03-09 05:00:01,0.00020149698829168
2015-03-09 07:00:00,0.000212691265419
2015-03-09 16:30:00,0.00027985692818289
2015-03-10 08:00:02,0.00019030271116437
2015-03-10 09:19:13,0.0027202093419377
2015-03-11 07:00:01,0.00030224548243752
2015-03-11 12:47:00,8.9554217018525E-5
2015-03-12 07:00:01,0.00033582831381947
2015-03-12 09:30:00,0.00062687951912968
2015-03-12 14:01:00,0.00055971385636578
2015-03-13 07:30:01,0.00016791415690973
2015-03-13 11:15:52,0.00010074849414584
2015-03-13 14:10:01,0.000212691265419
2015-03-16 08:39:35,0.000212691265419
2015-03-16 09:30:01,0.000212691265419
2015-03-16 14:40:00,7.835993989121E-5
2015-03-17 07:00:00,6.7165662763894E-5
2015-03-17 08:51:17,0.00020149698829168
2015-03-17 12:00:01,0.00012313704840047
2015-03-17 14:30:00,3.3582831381947E-5
2015-03-18 06:00:01,0.00013433132552779
2015-03-18 08:58:08,0.0013321189781506
2015-03-18 11:40:03,0.00070523945902089
2015-03-18 12:45:00,7.835993989121E-5
2015-03-18 13:12:16,0.00077240512178478
2015-03-18 17:00:00,0.0001455256026551
2015-03-19 09:30:01,0.00061568524200236
2015-03-19 10:45:09,0.00068285090476625
2015-03-19 11:04:05,0.00054851957923847
2015-03-19 12:00:01,0.00010074849414584
2015-03-19 14:00:01,0.00031343975956484
2015-03-19 23:45:00,0.00017910843403705
2015-03-20 06:57:13,0.00051493674785652
2015-03-20 07:30:01,8.9554217018525E-5
2015-03-21 07:00:01,0.00011194277127316
2015-03-21 08:00:01,0.00023507981967363
2015-03-22 11:00:00,0.0001455256026551
2015-03-23 05:00:00,0.00060449096487504
2015-03-23 16:30:00,0.00067165662763894
2015-03-24 07:00:00,6.7165662763894E-5
2015-03-24 07:39:26,0.00036941114520142
2015-03-24 09:00:01,3.3582831381947E-5
2015-03-24 10:49:57,0.013545075324052
2015-03-24 14:00:01,0.00023507981967363
2015-03-24 14:00:01,0.00038060542232873
2015-03-25 06:00:01,0.00052613102498384
2015-03-25 12:40:42,0.00058210241062041
2015-03-25 17:00:01,0.00023507981967363
2015-03-26 09:30:01,0.00025746837392826
2015-03-27 07:30:01,0.00045896536221994
2015-03-27 12:30:01,0.00029105120531021
2015-03-28 09:20:01,0.0005037424707292
2015-03-29 11:45:01,0.00043657680796531
2015-03-30 05:00:01,0.00038060542232873
2015-03-30 16:30:01,0.00029105120531021
2015-03-31 07:00:00,8.9554217018525E-5
2015-03-31 14:00:01,0.00027985692818289
2015-03-31 14:00:22,0.00027985692818289
2015-04-01 06:00:02,0.000212691265419
2015-04-01 12:32:39,0.00016791415690973
2015-04-01 13:40:01,6.7165662763894E-5
2015-04-01 15:44:12,0.000212691265419
2015-04-01 18:20:03,0.00017910843403705
2015-04-02 08:00:04,0.00020149698829168
2015-04-02 09:30:01,0.00049254819360189
2015-04-03 08:00:01,0.00024627409680094
2015-04-04 09:20:01,0.00067165662763894
2015-04-05 07:00:00,0.00024627409680094
2015-04-06 10:00:00,0.0091233358587623
2015-04-06 10:57:29,0.00019030271116437
2015-04-07 07:00:01,8.9554217018525E-5
2015-04-08 06:00:00,0.00034702259094679
2015-04-08 13:40:00,7.835993989121E-5
2015-04-08 17:10:00,0.00011194277127316
2015-04-09 09:30:01,0.00042538253083799
2015-04-09 12:00:02,0.00053732530211115
2015-04-10 08:00:02,0.00016791415690973
2015-04-11 09:00:01,0.00031343975956484
2015-04-12 07:00:02,0.00015671987978242
2015-04-13 05:00:01,0.00026866265105558
2015-04-13 08:00:02,0.00033582831381947
2015-04-14 07:00:01,8.9554217018525E-5
2015-04-14 14:00:01,0.00025746837392826
2015-04-15 11:31:17,0.000212691265419
2015-04-15 17:46:02,5.5971385636578E-5
2015-04-16 09:00:01,0.00029105120531021
2015-04-16 13:00:01,0.00032463403669215
2015-04-16 15:32:05,0.00027985692818289
2015-04-17 08:00:02,0.00022388554254631
2015-04-18 09:20:01,0.00027985692818289
2015-04-19 09:20:01,0.00016791415690973
2015-04-20 11:00:00,0.00029105120531021
2015-04-20 15:32:05,0.00012313704840047
2015-04-21 08:00:01,0.0001455256026551
2015-04-21 15:00:02,0.00019030271116437
2015-04-22 06:00:02,0.00025746837392826
2015-04-22 12:45:01,0.00011194277127316
2015-04-23 09:30:00,0.00047015963934726
2015-04-23 11:15:03,6.7165662763894E-5
2015-04-23 13:30:01,0.00019030271116437
2015-04-24 07:30:00,0.0003582168680741
2015-04-25 08:00:08,0.00031343975956484
2015-04-25 09:30:00,0.00049254819360189
2015-04-26 12:30:01,0.000212691265419
2015-04-27 06:30:01,0.00015671987978242
2015-04-28 08:30:01,0.00010074849414584
2015-04-29 06:00:01,0.00015671987978242
2015-04-30 09:30:02,0.00015671987978242
2015-05-02 09:50:00,0.00011194277127316
2015-05-03 11:00:01,0.00040299397658336
2015-05-04 16:42:26,5.5971385636578E-5
2015-05-05 11:15:07,0.00017910843403705
2015-05-06 12:32:36,0.00053732530211115
2015-05-07 09:30:00,5.5971385636578E-5
2015-05-07 14:00:01,0.00032463403669215
2015-05-08 11:00:01,0.00043657680796531
2015-05-10 08:00:03,7.835993989121E-5
2015-05-11 08:00:01,0.00032463403669215
2015-05-12 10:19:10,3.3582831381947E-5
2015-05-14 10:35:53,5.5971385636578E-5
2015-05-14 16:22:25,0.00017910843403705
2015-05-15 15:42:36,0.00022388554254631
2015-05-17 15:19:57,5.5971385636578E-5
2015-05-17 15:25:00,0.00032463403669215
2015-05-18 08:00:01,0.00016791415690973
2015-05-18 12:30:01,0.0021157183770627
2015-05-19 11:20:00,0.00019030271116437
2015-05-20 15:42:54,0.00032463403669215
2015-05-21 08:18:18,0.00017910843403705
2015-05-21 13:05:03,0.00069404518189357
2015-05-22 12:46:01,0.00023507981967363
2015-05-23 08:38:00,0.00038060542232873
2015-05-25 08:49:07,0.00047015963934726
2015-05-26 12:00:01,0.0005037424707292
2015-05-27 09:00:01,0.00024627409680094
2015-05-27 13:52:07,5.5971385636578E-5
2015-05-28 09:07:53,0.00024627409680094
2015-05-28 10:00:01,0.00087315361593062
2015-05-29 14:00:01,4.4777108509263E-5
2015-05-30 09:00:01,0.0003582168680741
2015-05-31 07:00:00,5.5971385636578E-5
2015-06-01 07:00:01,0.00013433132552779
2015-06-01 12:51:51,0.0040411340429609
2015-06-02 14:25:01,7.835993989121E-5
2015-06-03 09:00:00,3.3582831381947E-5
2015-06-04 07:19:50,0.00017910843403705
2015-06-04 13:00:00,0.00044777108509263
2015-06-05 08:00:01,0.0001455256026551
2015-06-06 12:00:02,0.00027985692818289
2015-06-06 15:37:03,0.00024627409680094
2015-06-07 13:51:51,0.0048471219961277
2015-06-08 07:00:01,0.00067165662763894
2015-06-09 13:07:22,4.4777108509263E-5
2015-06-09 14:00:01,8.9554217018525E-5
2015-06-10 05:25:18,0.0018134728946251
2015-06-10 09:00:01,0.00016791415690973
2015-06-11 13:00:00,7.835993989121E-5
2015-06-12 08:01:00,7.835993989121E-5
2015-06-12 10:49:06,0.00095151355582183
2015-06-13 12:05:00,0.0001455256026551
2015-06-14 11:00:01,0.00022388554254631
2015-06-15 07:00:00,0.00033582831381947
2015-06-15 12:00:02,0.00012313704840047
2015-06-16 14:00:02,0.00012313704840047
2015-06-17 09:00:01,3.3582831381947E-5
2015-06-17 14:19:17,0.00011194277127316
2015-06-18 09:05:13,0.0012985361467686
2015-06-18 13:01:01,0.00029105120531021
2015-06-19 13:06:01,0.00075001656753015
2015-06-20 12:08:01,0.00015671987978242
2015-06-22 08:14:23,7.835993989121E-5
2015-06-22 08:15:30,5.5971385636578E-5
2015-06-22 10:00:13,0.00034702259094679
2015-06-23 10:00:01,3.3582831381947E-5
2015-06-24 11:00:34,3.3582831381947E-5
2015-06-25 13:02:00,5.5971385636578E-5
2015-06-26 08:03:01,0.00019030271116437
2015-06-26 09:40:05,0.0001455256026551
2015-06-26 13:04:01,0.00047015963934726
2015-06-27 12:06:01,1.1194277127316E-5
2015-06-28 11:00:01,0.00022388554254631
2015-06-29 08:20:50,0.00015671987978242
2015-06-30 12:00:02,0.00010074849414584
2015-07-01 12:41:36,1.1194277127316E-5
2015-07-01 20:06:46,0.00011194277127316
2015-07-02 12:53:25,0.00212691265419
2015-07-02 14:00:01,0.00012313704840047
2015-07-03 08:00:01,0.00015671987978242
2015-07-04 12:00:01,0.00027985692818289
2015-07-05 11:00:02,8.9554217018525E-5
2015-07-06 07:00:01,4.4777108509263E-5
2015-07-06 12:11:05,0.0015224216893149
2015-07-07 14:00:00,5.5971385636578E-5
2015-07-08 07:55:06,8.9554217018525E-5
2015-07-08 09:00:01,3.3582831381947E-5
2015-07-08 09:31:53,0.00015671987978242
2015-07-08 11:37:25,3.3582831381947E-5
2015-07-08 12:30:00,0.0010746506042223
2015-07-09 07:17:22,0.00095151355582183
2015-07-09 14:00:00,0.00016791415690973
2015-07-10 13:30:00,0.000212691265419
2015-07-11 13:30:00,0.00031343975956484
2015-07-12 09:30:01,4.4777108509263E-5
2015-07-12 14:57:15,0.00016791415690973
2015-07-12 16:36:55,0.00025746837392826
2015-07-13 06:31:42,0.00022388554254631
2015-07-13 07:30:01,0.00034702259094679
2015-07-13 08:51:43,4.4777108509263E-5
2015-07-13 09:18:08,0.0015448102435696
2015-07-14 07:04:46,7.835993989121E-5
2015-07-14 08:00:00,0.00013433132552779
2015-07-14 10:00:00,0.00022388554254631
2015-07-14 12:00:00,0.00020149698829168
2015-07-15 08:00:00,0.00012313704840047
2015-07-15 09:00:01,4.4777108509263E-5
2015-07-15 13:00:00,0.00047015963934726
2015-07-15 13:39:23,0.0013880903637871
2015-07-16 08:22:21,0.0001455256026551
2015-07-16 11:03:09,8.9554217018525E-5
2015-07-17 10:42:29,0.0033023117525581
2015-07-17 13:30:00,4.4777108509263E-5
2015-07-17 14:00:00,0.00025746837392826
2015-07-18 08:00:02,0.00016791415690973
2015-07-20 12:00:01,2.2388554254631E-5
2015-07-21 09:00:01,4.4777108509263E-5
2015-07-21 12:28:45,0.0017686957861159
2015-07-22 08:22:55,3.3582831381947E-5
2015-07-22 09:00:00,0.00011194277127316
2015-07-23 09:59:42,8.9554217018525E-5
2015-07-23 13:00:02,0.00025746837392826
2015-07-24 07:57:25,7.835993989121E-5
2015-07-24 11:00:01,0.00013433132552779
2015-07-24 11:36:24,6.7165662763894E-5
2015-07-24 13:20:22,0.001242564761132
2015-07-25 08:00:01,0.00017910843403705
2015-07-26 11:30:00,0.000212691265419
2015-07-27 08:00:01,6.7165662763894E-5
2015-07-29 08:00:01,0.00011194277127316
2015-07-29 14:13:17,0.00015671987978242
2015-07-30 09:06:48,0.00013433132552779
2015-07-31 07:16:31,0.0015448102435696
2015-07-31 13:25:36,0.00013433132552779
2015-08-03 08:00:01,0.00011194277127316
2015-08-03 12:00:01,0.0001455256026551
2015-08-03 12:30:00,8.9554217018525E-5
2015-08-04 09:00:01,0.00011194277127316
2015-08-05 08:00:22,0.00033582831381947
2015-08-05 12:00:00,0.0003582168680741
2015-08-06 12:30:00,0.00026866265105558
2015-08-07 08:00:00,6.7165662763894E-5
2015-08-07 08:54:01,0.00044777108509263
2015-08-09 11:42:50,0.00033582831381947
2015-08-10 09:11:23,0.00063807379625699
2015-08-11 08:00:01,0.00026866265105558
2015-08-12 09:00:00,0.00025746837392826
2015-08-13 13:00:02,0.00010074849414584
2015-08-13 14:32:08,0.00013433132552779
2015-08-14 11:00:03,1.1194277127316E-5
2015-08-14 11:44:44,0.00020149698829168
2015-08-15 08:00:02,0.00011194277127316
2015-08-16 11:00:00,3.3582831381947E-5
2015-08-17 10:37:19,7.835993989121E-5
2015-08-18 12:00:01,7.835993989121E-5
2015-08-19 09:12:04,8.9554217018525E-5
2015-08-19 11:27:43,0.00022388554254631
2015-08-20 14:00:02,0.00036941114520142
2015-08-21 07:00:02,5.5971385636578E-5
2015-08-22 08:00:00,3.3582831381947E-5
2015-08-23 11:00:01,0.00019030271116437
2015-08-24 07:26:06,5.5971385636578E-5
2015-08-24 08:43:16,7.835993989121E-5
2015-08-25 09:00:00,0.00012313704840047
2015-08-25 12:00:01,0.00010074849414584
2015-08-26 08:00:03,3.3582831381947E-5
2015-08-27 08:34:26,0.0012313704840047
2015-08-27 10:35:28,0.00063807379625699
2015-08-27 14:00:02,0.00011194277127316
2015-08-28 07:00:01,0.0005037424707292
2015-08-29 08:00:01,0.00023507981967363
2015-08-30 07:00:01,1.1194277127316E-5
2015-08-30 12:00:01,1.1194277127316E-5
2015-08-31 08:18:34,0.0023172153653543
2015-08-31 11:03:11,0.001914221388771
2015-09-01 07:15:15,0.00026866265105558
2015-09-01 09:00:01,0.00039179969945605
2015-09-02 07:00:02,0.00010074849414584
2015-09-03 13:30:01,0.00033582831381947
2015-09-04 14:00:03,0.00029105120531021
2015-09-05 08:00:03,7.835993989121E-5
2015-09-06 11:00:01,4.4777108509263E-5
2015-09-07 07:06:51,0.00027985692818289
2015-09-08 09:00:00,2.2388554254631E-5
2015-09-09 08:11:28,0.00022388554254631
2015-09-10 13:00:02,0.0001455256026551
2015-09-11 11:10:17,0.00011194277127316
2015-09-11 12:30:02,0.00016791415690973
2015-09-12 09:00:02,0.0011753990983681
2015-09-13 14:00:00,7.835993989121E-5
2015-09-14 08:00:01,7.835993989121E-5
2015-09-14 10:30:01,8.9554217018525E-5
2015-09-15 07:00:00,2.2388554254631E-5
2015-09-15 12:08:20,0.00032463403669215
2015-09-16 08:00:01,1.1194277127316E-5
2015-09-16 08:12:32,3.3582831381947E-5
2015-09-16 08:59:44,0.00010074849414584
2015-09-17 04:31:17,0.00030224548243752
2015-09-17 09:00:02,0.000212691265419
2015-09-17 10:06:54,2.2388554254631E-5
2015-09-18 04:51:13,0.00022388554254631
2015-09-18 09:00:07,6.7165662763894E-5
2015-09-18 13:30:01,5.5971385636578E-5
2015-09-19 05:11:55,0.00027985692818289
2015-09-19 12:30:02,1.1194277127316E-5
2015-09-20 06:33:39,0
2015-09-20 06:34:17,0.00020149698829168
2015-09-20 12:30:01,5.5971385636578E-5
2015-09-21 05:04:05,0.0001455256026551
2015-09-21 10:00:01,7.835993989121E-5
2015-09-22 06:12:23,0.00026866265105558
2015-09-22 12:00:01,0.00030224548243752
2015-09-22 16:49:54,0.00041418825371068
2015-09-23 04:04:43,0.0001455256026551
2015-09-23 21:58:30,8.9554217018525E-5
2015-09-24 05:00:01,0.00023507981967363
2015-09-25 05:10:14,0.000212691265419
2015-09-25 08:16:31,0.00045896536221994
2015-09-25 09:00:01,0.0052277274184564
2015-09-25 11:03:01,0.00055971385636578
2015-09-26 10:00:00,0
2015-09-26 12:00:04,6.7165662763894E-5
2015-09-27 09:30:01,5.5971385636578E-5
2015-09-27 10:00:00,1.1194277127316E-5
2015-09-28 06:54:18,8.9554217018525E-5
2015-09-29 07:16:56,3.3582831381947E-5
2015-09-29 08:26:42,0.0005037424707292
2015-09-30 07:00:01,3.3582831381947E-5
2015-09-30 10:10:10,5.5971385636578E-5
2015-09-30 13:00:01,2.2388554254631E-5
2015-10-01 09:00:00,4.4777108509263E-5
2015-10-01 09:16:03,0.0063919322396972
2015-10-02 11:00:05,2.2388554254631E-5
2015-10-03 12:00:02,0.00026866265105558
2015-10-04 13:00:00,2.2388554254631E-5
2015-10-05 07:30:01,5.5971385636578E-5
2015-10-05 10:00:00,0
2015-10-05 20:32:46,0.00011194277127316
2015-10-06 09:00:00,6.7165662763894E-5
2015-10-07 08:00:00,1.1194277127316E-5
2015-10-07 12:10:31,6.7165662763894E-5
2015-10-08 09:16:30,0.0015224216893149
2015-10-08 10:59:58,0.00042538253083799
2015-10-08 13:01:16,5.5971385636578E-5
2015-10-09 08:30:00,7.835993989121E-5
2015-10-10 12:00:01,0.0003582168680741
2015-10-11 09:00:00,3.3582831381947E-5
2015-10-12 07:30:00,8.9554217018525E-5
2015-10-13 09:00:00,0.00016791415690973
2015-10-14 07:00:01,0.0019254156658983
2015-10-14 08:01:38,0.00012313704840047
2015-10-15 07:18:18,0.00077240512178478
2015-10-15 09:00:01,0.00020149698829168
2015-10-15 13:11:49,0.000212691265419
2015-10-16 08:03:38,0.00012313704840047
2015-10-16 10:42:11,0.0011642048212408
2015-10-16 13:18:37,0.00013433132552779
2015-10-17 12:00:02,0.00012313704840047
2015-10-17 14:00:01,0.000212691265419
2015-10-18 12:00:01,2.2388554254631E-5
2015-10-18 14:15:05,5.5971385636578E-5
2015-10-19 07:30:00,2.2388554254631E-5
2015-10-19 08:13:11,0.00019030271116437
2015-10-19 13:30:01,0.00034702259094679
2015-10-19 19:01:52,0.00020149698829168
2015-10-20 09:00:01,0.0096382726066188
2015-10-20 12:00:00,4.4777108509263E-5
2015-10-20 14:13:22,0.00022388554254631
2015-10-21 07:30:01,0.00015671987978242
2015-10-21 13:30:00,4.4777108509263E-5
2015-10-22 09:00:01,0.0010410677728404
2015-10-23 08:30:01,0.0027761807275743
2015-10-23 08:41:44,0.00027985692818289
2015-10-23 10:00:01,6.7165662763894E-5
2015-10-23 12:00:03,0.00011194277127316
2015-10-24 14:00:01,0.00011194277127316
2015-10-25 14:00:01,7.835993989121E-5
2015-10-26 07:30:00,3.3582831381947E-5
2015-10-26 09:00:01,0.00013433132552779
2015-10-26 12:00:01,0.00019030271116437
2015-10-26 13:33:21,0.0001455256026551
2015-10-27 14:00:01,0.00031343975956484
2015-10-28 07:30:00,0.0014104789180418
2015-10-28 13:30:01,1.1194277127316E-5
2015-10-28 16:10:23,0.00022388554254631
2015-10-29 11:00:01,0.00025746837392826
2015-10-30 08:30:01,2.2388554254631E-5
2015-10-30 13:30:01,0.00054851957923847
2015-10-30 15:30:01,0.014306286168709
2015-10-31 08:00:01,7.835993989121E-5
2015-10-31 12:30:01,3.3582831381947E-5
2015-11-01 12:30:01,0.00012313704840047
2015-11-02 07:35:03,7.835993989121E-5
2015-11-02 12:00:01,0.00032463403669215
2015-11-02 12:10:07,0.00022388554254631
2015-11-02 14:30:05,0.00038060542232873
2015-11-02 15:00:00,3.3582831381947E-5
2015-11-03 10:00:01,0.000212691265419
2015-11-03 14:00:02,0.00030224548243752
2015-11-04 05:00:01,0.00075001656753015
2015-11-04 08:02:15,3.3582831381947E-5
2015-11-04 08:03:23,0.00020149698829168
2015-11-05 07:00:00,0.00051493674785652
2015-11-05 13:30:01,0.02047433286586
2015-11-05 15:23:16,6.7165662763894E-5
2015-11-06 08:30:00,5.5971385636578E-5
2015-11-06 13:30:00,8.9554217018525E-5
2015-11-08 13:00:01,8.9554217018525E-5
2015-11-09 05:00:01,2.2388554254631E-5
2015-11-09 12:00:01,1.1194277127316E-5
2015-11-10 07:48:06,0.00024627409680094
2015-11-10 11:00:01,0.00017910843403705
2015-11-10 16:00:02,3.3582831381947E-5
2015-11-11 05:00:00,0.00042538253083799
2015-11-11 09:54:08,6.7165662763894E-5
2015-11-11 09:54:47,0.00010074849414584
2015-11-11 13:00:01,0.00017910843403705
2015-11-12 08:30:01,0.00020149698829168
2015-11-12 09:40:23,0.00058210241062041
2015-11-12 15:00:01,0.0016119759063335
2015-11-13 08:30:00,0
2015-11-13 13:30:00,6.7165662763894E-5
2015-11-18 06:26:21,0.0011530105441135
2015-11-18 10:18:01,0.00033582831381947
2015-11-18 13:00:01,0.00030224548243752
2015-11-19 08:30:00,0.00016791415690973
2015-11-19 15:00:00,5.5971385636578E-5
2015-11-20 08:30:00,0.00090673644731257
2015-11-20 13:30:01,0.0003582168680741
2015-11-21 09:00:01,0.00019030271116437
2015-11-21 13:00:01,1.1194277127316E-5
2015-11-22 09:00:00,0.007410611458283
2015-11-23 07:27:27,0.0008619593388033
2015-11-23 10:24:06,0.00016791415690973
2015-11-23 13:00:02,0.0028209578360835
2015-11-23 15:30:00,0.00019030271116437
2015-11-24 06:00:01,0.011474134055499
2015-11-24 09:00:02,0.00012313704840047
2015-11-24 13:00:02,0.00023507981967363
2015-11-25 08:00:01,4.4777108509263E-5
2015-11-25 12:45:01,0.0001455256026551
2015-11-26 08:30:01,8.9554217018525E-5
2015-11-26 15:00:01,0.00023507981967363
2015-11-27 08:00:02,0.00029105120531021
2015-11-27 14:30:00,1.1194277127316E-5
2015-11-28 09:00:02,0.00013433132552779
2015-11-28 15:00:04,3.3582831381947E-5
2015-11-29 12:00:00,0.00015671987978242
2015-11-30 07:00:01,0.00022388554254631
2015-11-30 13:30:01,4.4777108509263E-5
2015-12-01 04:53:28,0.00017910843403705
2015-12-01 08:00:00,5.5971385636578E-5
2015-12-01 12:00:01,3.3582831381947E-5
2015-12-01 13:24:57,0.00016791415690973
2015-12-01 15:00:01,3.3582831381947E-5
2015-12-02 08:30:00,0.0001455256026551
2015-12-02 14:00:02,0.00013433132552779
2015-12-03 08:30:00,0.015716765086751
2015-12-03 09:59:43,6.7165662763894E-5
2015-12-03 11:57:52,0.00015671987978242
2015-12-03 16:00:01,0.0003582168680741
2015-12-04 08:30:00,0.00020149698829168
2015-12-04 13:30:02,0.0001455256026551
2015-12-05 09:00:02,0.00012313704840047
2015-12-06 12:00:03,0.0010970391584769
2015-12-07 07:07:48,7.835993989121E-5
2015-12-07 13:30:02,8.9554217018525E-5
2015-12-08 08:00:01,0.00012313704840047
2015-12-09 05:51:24,1.1194277127316E-5
2015-12-09 07:40:25,3.3582831381947E-5
2015-12-09 08:30:01,0.017832483463814
2015-12-09 12:48:49,8.9554217018525E-5
2015-12-09 14:00:03,0.00029105120531021
2015-12-10 09:52:11,0.00039179969945605
2015-12-10 16:00:02,0.00015671987978242
2015-12-11 06:16:39,0.00013433132552779
2015-12-11 08:30:01,0.0001455256026551
2015-12-11 13:30:02,0.0025075180765187
2015-12-12 08:30:00,2.2388554254631E-5
2015-12-13 12:00:01,0.00036941114520142
2015-12-14 08:23:48,0.0001455256026551
2015-12-14 12:30:01,7.835993989121E-5
2015-12-15 08:00:00,6.7165662763894E-5
2015-12-15 15:00:01,8.9554217018525E-5
2015-12-16 07:53:17,6.7165662763894E-5
2015-12-16 09:00:01,7.835993989121E-5
2015-12-17 07:30:01,0.00031343975956484
2015-12-17 14:00:01,0.00042538253083799
2015-12-18 08:30:01,0.0001455256026551
2015-12-18 13:00:01,0.00010074849414584
2015-12-18 13:30:01,0.00032463403669215
2015-12-19 09:00:02,6.7165662763894E-5
2015-12-19 13:00:01,0.024593826848712
2015-12-20 08:00:01,0.00012313704840047
2015-12-20 16:00:02,2.2388554254631E-5
2015-12-21 07:32:48,5.5971385636578E-5
2015-12-21 09:26:37,0.00029105120531021
2015-12-21 11:53:18,0.00016791415690973
2015-12-21 12:30:01,8.9554217018525E-5
2015-12-22 08:00:01,0.0016343644605881
2015-12-22 15:00:02,2.2388554254631E-5
2015-12-23 08:39:20,4.4777108509263E-5
2015-12-23 09:00:01,0.00013433132552779
2015-12-23 13:00:01,2.2388554254631E-5
2015-12-24 07:00:01,0.00013433132552779
2015-12-24 14:00:03,0.00022388554254631
2015-12-25 07:00:01,2.2388554254631E-5
2015-12-25 13:30:01,7.835993989121E-5
2015-12-26 09:00:01,2.2388554254631E-5
2015-12-26 13:12:26,0.00012313704840047
2015-12-27 09:22:11,7.835993989121E-5
2015-12-27 12:00:02,0.00010074849414584
2015-12-28 07:20:09,3.3582831381947E-5
2015-12-28 11:51:59,2.2388554254631E-5
2015-12-28 11:52:36,4.4777108509263E-5
2015-12-28 11:52:50,3.3582831381947E-5
2015-12-28 11:55:33,0.00011194277127316
2015-12-28 11:56:52,0.00010074849414584
2015-12-28 13:00:03,5.5971385636578E-5
2015-12-29 10:00:01,0.00042538253083799
2015-12-30 09:00:01,0.00012313704840047
2015-12-30 14:00:02,0.00012313704840047
2015-12-30 19:18:59,0.00012313704840047
2015-12-31 07:30:01,0
2015-12-31 11:36:01,1.1194277127316E-5
2015-12-31 15:06:24,0.00031343975956484
2016-01-01 07:00:00,5.5971385636578E-5
2016-01-02 08:48:08,4.4777108509263E-5
2016-01-02 09:00:01,0.00012313704840047
2016-01-02 12:22:10,7.835993989121E-5
2016-01-02 14:41:37,0
2016-01-02 14:43:23,1.1194277127316E-5
2016-01-03 06:12:21,7.835993989121E-5
2016-01-03 08:00:01,0.00017910843403705
2016-01-03 08:12:00,0.00020149698829168
2016-01-03 12:47:30,0.00013433132552779
2016-01-04 07:00:00,3.3582831381947E-5
2016-01-04 10:00:01,0.00010074849414584
2016-01-04 10:07:42,7.835993989121E-5
2016-01-04 19:28:37,0.00016791415690973
2016-01-05 09:00:01,1.1194277127316E-5
2016-01-05 16:32:40,1.1194277127316E-5
2016-01-06 08:30:01,4.4777108509263E-5
2016-01-06 14:00:01,2.2388554254631E-5
2016-01-07 07:00:01,0.00013433132552779
2016-01-07 09:00:34,5.5971385636578E-5
2016-01-07 11:09:19,5.5971385636578E-5
2016-01-07 12:00:00,0
2016-01-08 07:04:40,3.3582831381947E-5
2016-01-08 08:00:01,4.4777108509263E-5
2016-01-08 10:25:12,5.5971385636578E-5
2016-01-09 13:15:30,1.1194277127316E-5
2016-01-10 08:00:00,2.2388554254631E-5
2016-01-10 14:03:50,0
2016-01-11 07:00:02,0.0028545406674655
2016-01-11 08:45:38,0.00013433132552779
2016-01-11 08:50:34,0.0011753990983681
2016-01-11 14:00:00,8.9554217018525E-5
2016-01-12 07:47:53,7.835993989121E-5
2016-01-12 09:00:00,5.5971385636578E-5
2016-01-12 12:00:02,0.000212691265419
2016-01-13 08:30:01,2.2388554254631E-5
2016-01-13 14:00:00,2.2388554254631E-5
2016-01-13 17:59:47,0.00019030271116437
2016-01-14 07:30:01,1.1194277127316E-5
2016-01-14 12:31:00,1.1194277127316E-5
2016-01-14 15:10:20,1.1194277127316E-5
2016-01-15 08:00:01,3.3582831381947E-5
2016-01-15 13:02:34,8.9554217018525E-5
2016-01-15 13:11:48,0.00011194277127316
2016-01-16 07:30:01,1.1194277127316E-5
2016-01-16 12:30:01,0
2016-01-16 13:55:40,0.00036941114520142
2016-01-16 14:26:04,0.00083957078454867
2016-01-17 08:00:00,2.2388554254631E-5
2016-01-18 08:10:26,0.0045560707908175
2016-01-18 08:46:45,3.3582831381947E-5
2016-01-18 09:40:20,3.3582831381947E-5
2016-01-18 09:43:04,0.00036941114520142
2016-01-18 14:00:00,1.1194277127316E-5
2016-01-19 07:00:00,0.00043657680796531
2016-01-19 09:12:11,0.00015671987978242
2016-01-19 12:00:01,0
2016-01-19 12:55:48,4.4777108509263E-5
2016-01-20 08:30:01,0.037982182292982
2016-01-20 09:52:17,0.0024739352451368
2016-01-20 11:11:17,3.3582831381947E-5
2016-01-20 14:00:07,0.00011194277127316
2016-01-21 07:30:01,0.00012313704840047
2016-01-21 11:05:16,0.00027985692818289
2016-01-21 14:30:01,0.00013433132552779
2016-01-22 10:58:05,0.00023507981967363
2016-01-23 08:00:01,2.2388554254631E-5
2016-01-23 12:30:00,5.5971385636578E-5
2016-01-24 12:30:00,0.00039179969945605
2016-01-25 07:41:03,0.00036941114520142
2016-01-25 14:00:01,0.031232033185211
2016-01-26 07:00:01,0.000212691265419
2016-01-26 12:00:00,0.00015671987978242
2016-01-27 08:30:01,4.4777108509263E-5
2016-01-27 11:11:29,0.00027985692818289
2016-01-27 16:00:01,0.00026866265105558
2016-01-28 07:56:24,0.0050486189844194
2016-01-28 13:00:01,0.00010074849414584
2016-01-28 13:08:51,0.00013433132552779
2016-01-29 08:30:01,0.0001455256026551
2016-01-29 10:00:01,0.0001455256026551
2016-01-29 10:21:28,0
2016-01-29 10:23:03,1.1194277127316E-5
2016-01-29 10:23:35,4.4777108509263E-5
2016-01-30 08:00:01,0.00032463403669215
2016-01-30 17:00:02,0.00016791415690973
2016-01-31 12:00:01,0.03144472445063
2016-01-31 12:16:01,0.00030224548243752
2016-02-01 06:32:38,0.00026866265105558
2016-02-01 09:00:00,5.5971385636578E-5
2016-02-01 09:39:44,0.00010074849414584
2016-02-01 14:17:59,1.1194277127316E-5
2016-02-01 16:00:00,0
2016-02-02 06:30:01,0.00023507981967363
2016-02-02 08:30:00,6.7165662763894E-5
2016-02-02 14:00:15,0.0001455256026551
2016-02-03 08:30:00,0.00020149698829168
2016-02-03 12:00:01,6.7165662763894E-5
2016-02-04 07:30:00,0.00010074849414584
2016-02-04 11:05:49,0.00020149698829168
2016-02-04 12:37:08,2.2388554254631E-5
2016-02-04 12:37:23,0.00013433132552779
2016-02-04 16:00:01,5.5971385636578E-5
2016-02-05 08:30:00,1.1194277127316E-5
2016-02-06 08:30:00,2.2388554254631E-5
2016-02-06 13:00:02,0.00023507981967363
2016-02-07 12:00:01,4.4777108509263E-5
2016-02-08 08:40:46,0.00027985692818289
2016-02-08 09:00:00,8.9554217018525E-5
2016-02-08 09:34:56,0.00020149698829168
2016-02-08 11:08:34,0.00036941114520142
2016-02-08 11:12:14,3.3582831381947E-5
2016-02-08 15:27:52,0.0021828840398266
2016-02-08 16:30:01,5.5971385636578E-5
2016-02-09 06:22:30,2.2388554254631E-5
2016-02-09 10:41:13,5.5971385636578E-5
2016-02-09 14:00:01,0.018728025633999
2016-02-10 08:42:34,0.0029888719929933
2016-02-10 12:00:01,1.1194277127316E-5
2016-02-10 12:53:41,0.0021604954855719
2016-02-10 18:00:00,0.00040299397658336
2016-02-11 07:22:29,0.00017910843403705
2016-02-11 12:32:38,0.00054851957923847
2016-02-11 17:30:01,6.7165662763894E-5
2016-02-12 08:32:10,0.00013433132552779
2016-02-12 13:00:01,0.00024627409680094
2016-02-13 12:02:03,0.00036941114520142
2016-02-13 17:30:01,6.7165662763894E-5
2016-02-14 08:30:01,0.00059329668774773
2016-02-14 12:00:01,0.00024627409680094
2016-02-15 05:46:22,0.047911506104911
2016-02-15 05:54:50,5.5971385636578E-5
2016-02-15 13:30:00,8.9554217018525E-5
2016-02-16 06:43:34,8.9554217018525E-5
2016-02-16 14:00:00,0.00017910843403705
2016-02-17 09:33:09,0.00081718223029404
2016-02-17 15:30:00,0.00023507981967363
2016-02-18 08:30:00,0.00012313704840047
2016-02-18 17:01:10,5.5971385636578E-5
2016-02-19 08:30:00,0.00022388554254631
2016-02-19 13:30:01,0.00064926807338431
2016-02-20 08:00:00,0.0016343644605881
2016-02-20 12:30:00,0.00041418825371068
2016-02-21 09:00:01,5.5971385636578E-5
2016-02-22 07:26:59,0.0012201762068774
2016-02-22 12:30:01,0.00212691265419
2016-02-23 07:00:00,7.835993989121E-5
2016-02-23 10:57:57,3.3582831381947E-5
2016-02-23 11:04:29,4.4777108509263E-5
2016-02-23 14:00:00,7.835993989121E-5
2016-02-24 08:37:50,0.023619924738636
2016-02-24 16:30:00,6.7165662763894E-5
2016-02-25 08:30:00,0.00049254819360189
2016-02-25 09:58:24,5.5971385636578E-5
2016-02-25 17:30:01,0.00016791415690973
2016-02-26 08:30:01,0.00025746837392826
2016-02-26 13:30:01,3.3582831381947E-5
2016-02-26 13:31:22,0.000212691265419
2016-02-27 08:00:01,0.00022388554254631
2016-02-27 12:30:01,0.00031343975956484
2016-02-28 09:00:01,0.000212691265419
2016-02-29 07:05:59,2.2388554254631E-5
2016-02-29 17:30:01,0.00048135391647457
2016-03-01 07:45:51,8.9554217018525E-5
2016-03-01 09:03:14,0.00013433132552779
2016-03-01 18:00:00,5.5971385636578E-5
2016-03-02 09:00:01,3.3582831381947E-5
2016-03-02 13:30:00,0.00011194277127316
2016-03-03 07:44:11,3.3582831381947E-5
2016-03-03 13:40:45,6.7165662763894E-5
2016-03-03 15:00:01,0.00039179969945605
2016-03-04 08:30:01,5.5971385636578E-5
2016-03-04 13:00:02,0.00034702259094679
2016-03-05 08:00:00,0.0003582168680741
2016-03-05 12:30:01,8.9554217018525E-5
2016-03-06 09:00:00,7.835993989121E-5
2016-03-07 07:00:01,6.7165662763894E-5
2016-03-07 08:38:14,0.00015671987978242
2016-03-08 04:00:01,2.2388554254631E-5
2016-03-08 13:46:48,0.00044777108509263
2016-03-08 18:00:03,8.9554217018525E-5
2016-03-08 18:24:04,0.00043657680796531
2016-03-08 20:02:36,4.4777108509263E-5
2016-03-08 20:21:38,5.5971385636578E-5
2016-03-09 07:45:14,8.9554217018525E-5
2016-03-09 12:00:01,0.00016791415690973
2016-03-10 06:50:49,6.7165662763894E-5
2016-03-10 15:00:01,0.00045896536221994
2016-03-11 08:30:00,0.00012313704840047
2016-03-11 09:45:31,0.00012313704840047
2016-03-11 13:30:01,2.2388554254631E-5
2016-03-12 08:00:00,8.9554217018525E-5
2016-03-12 12:30:00,0.00088434789305794
2016-03-13 09:30:02,0.00034702259094679
2016-03-14 09:00:01,0.0083733192912321
2016-03-14 17:30:01,0.00012313704840047
2016-03-15 04:00:01,0.00020149698829168
2016-03-15 12:17:23,0.0005037424707292
2016-03-15 16:14:02,0.00044777108509263
2016-03-15 18:00:01,0.00017910843403705
2016-03-16 09:00:02,0.00038060542232873
2016-03-17 06:00:00,0.00011194277127316
2016-03-17 15:00:02,0.00012313704840047
2016-03-17 15:39:26,0.00019030271116437
2016-03-18 08:30:01,8.9554217018525E-5
2016-03-18 13:30:02,0.00020149698829168
2016-03-19 08:00:00,8.9554217018525E-5
2016-03-20 11:30:02,5.5971385636578E-5
