2010-05-31 12:24:57,0.0066519929172213
2010-06-02 14:00:53,0.0071640866374787
2010-06-04 14:12:38,0.0071693120836038
2010-06-07 08:51:59,0.002555243155162
2010-06-07 15:43:27,0.0050373300645729
2010-06-08 15:41:10,0.0066154147943458
2010-06-09 15:25:55,0.0038563792403058
2010-06-11 13:58:55,6.7930799625983E-5
2010-06-11 14:04:37,0.01141759978329
2010-06-14 09:42:53,0.0065474839947198
2010-06-15 15:30:17,0.0059935867054618
2010-06-16 15:42:58,0.0067565018397228
2010-06-18 14:22:52,0.020212025611793
2010-06-22 15:44:24,0.011694548427919
2010-06-23 16:07:06,0.0077179839267367
2010-06-25 09:49:02,0.019647677430284
2010-06-28 15:48:36,0.021429554558935
2010-06-29 15:56:39,0.0081046669399923
2010-06-30 15:54:57,0.034111712304494
2010-07-01 15:23:33,0.028060645691656
2010-07-02 10:13:45,0.009045247242506
2010-07-02 15:08:57,0.029461065253177
2010-07-05 12:17:21,0.040497207469336
2010-07-06 11:53:56,0.030584536170068
2010-07-06 15:10:26,0.012750088545185
2010-07-07 15:17:27,0.020462847025796
2010-07-09 10:15:11,0.030772652230571
2010-07-12 15:30:26,0.022208146031572
2010-07-14 14:43:08,0.014051224630328
2010-07-15 14:04:58,0.028144252829657
2010-07-16 10:25:21,0.033186808340355
2010-07-19 15:25:58,0.010889829724658
2010-07-20 12:27:48,0.017301452120125
2010-07-21 15:21:20,0.027647835447775
2010-07-22 15:56:47,0.025165748538364
2010-07-23 15:36:04,0.032146944561465
2010-07-26 16:01:49,0.030375518325065
2010-07-28 15:13:06,0.022244724154447
2010-08-03 15:36:35,0.029847748266432
2010-08-09 16:39:54,0.053038278169518
2010-08-11 13:49:08,0.018769802481272
2010-08-13 15:31:27,0.058357782324845
2010-08-17 14:50:44,0.028384623351411
2010-08-19 15:02:27,0.065150862287443
2010-08-20 14:57:15,0.051381811747869
2010-08-23 16:17:33,0.027877755077279
2010-08-25 15:32:12,0.038887770062813
2010-08-27 16:02:08,0.038401803573181
2010-08-30 16:48:22,0.038589919633684
2010-08-31 16:10:01,0.043392104622628
2010-09-01 16:18:37,0.020379239887795
2010-09-03 15:17:53,0.025865958319124
2010-09-06 16:35:07,0.01863394088202
2010-09-08 16:30:48,0.032564980251471
2010-09-10 14:36:48,0.017447764611628
2010-09-15 14:54:47,0.045508410303284
2010-09-17 13:53:28,0.035078419837633
2010-09-20 15:14:56,0.10477542025389
2010-09-22 13:16:28,0.083507854524834
2010-09-24 14:23:33,0.010863702494032
2010-09-27 15:39:46,0.018100945377262
2010-09-28 16:32:45,0.043078577855124
2010-10-01 15:28:01,0.018895213188274
2010-10-02 18:33:01,0.068427217007866
2010-10-04 17:14:43,0.030082893342061
2010-10-05 15:05:23,0.053738487950278
2010-10-07 15:42:36,0.039504372705572
2010-10-08 17:36:37,0.015770396405478
2010-10-11 17:25:01,0.060656978619878
2010-10-15 16:07:25,0.035067968945383
2010-10-19 17:07:46,0.057636670759584
2010-10-21 15:14:46,0.047812832044442
2010-10-22 14:32:52,0.066258656865959
2010-10-26 16:39:33,0.053053954507893
2010-10-27 15:18:22,0.04624519820692
2010-11-02 17:20:54,0.077435886127496
2010-11-03 15:39:52,0.043815365758759
2010-11-05 16:23:32,0.073046511382433
2010-11-10 17:48:36,0.032497049451845
2010-11-11 15:10:18,0.022469418337825
2010-11-12 22:21:37,0.024909701678236
2010-11-15 16:16:55,0.035971971125021
2010-11-16 16:06:31,0.043925100127386
2010-11-17 13:20:13,0.062125328981024
2010-11-18 16:35:58,0.078209252154007
2010-11-22 16:32:58,0.040298640516583
2010-11-25 22:23:03,0.044280430463891
2010-11-26 15:36:25,0.051261626486992
2010-11-29 16:42:35,0.095855583718388
2010-12-01 16:07:03,0.07325030378131
2010-12-02 16:36:11,0.025766674842748
2010-12-08 16:58:24,0.035616640788516
2010-12-09 16:37:10,0.034487944425499
2010-12-10 17:55:57,0.061320610277763
2010-12-12 15:42:07,0.047786704813817
2010-12-14 16:25:23,0.03732013622529
2010-12-16 18:26:39,0.052552311679886
2010-12-17 14:29:31,0.030600212508443
2010-12-20 15:15:41,0.085310633437985
2010-12-21 15:36:53,0.046192943745669
2010-12-23 22:33:00,0.023305489717837
2010-12-24 10:15:25,0.045309843350531
2010-12-27 07:34:20,0.055927949876685
2011-01-03 17:11:55,0.10076750307596
2011-01-05 15:20:38,0.045999602239041
2011-01-10 17:48:34,0.081339294382928
2011-01-12 16:19:10,0.053869124103405
2011-01-14 16:43:20,0.036442261276278
2011-01-17 20:22:16,0.1017551123936
2011-01-18 14:42:42,0.032669489173973
2011-01-19 17:30:31,0.083675068800836
2011-01-20 20:35:01,0.024167688328475
2011-01-21 15:55:19,0.031932701270337
2011-01-24 17:13:02,0.043684729605632
2011-01-25 15:40:23,0.05004409753985
2011-02-02 16:30:19,0.034534973440625
2011-02-03 17:42:13,0.075899604966724
2011-02-09 16:58:28,0.054004985702657
2011-02-10 17:46:48,0.10315553195512
2011-02-11 17:19:58,0.072440359631924
2011-02-15 17:11:58,0.042362691735988
2011-02-17 18:54:41,0.12670139219471
2011-02-18 17:25:23,0.045184432643529
2011-02-20 16:23:45,0.042984519824872
2011-02-21 17:33:21,0.022051382647819
2011-02-22 17:29:11,0.026519139084759
2011-02-23 17:37:21,0.057610543528959
2011-02-24 16:15:33,0.0241729137746
2011-03-01 18:09:08,0.083622814339586
2011-03-03 17:17:37,0.072921100675431
2011-03-04 16:53:47,0.067356000552225
2011-03-08 16:00:04,0.034608129686376
2011-03-10 16:46:11,0.015890581666355
2011-03-11 14:54:53,0.083528756309334
2011-03-14 17:26:16,0.074859741187834
2011-03-16 15:24:39,0.054877635205544
2011-03-18 16:44:15,0.09464328021737
2011-03-22 15:24:00,0.025317286475992
2011-03-23 16:03:13,0.014255017029206
2011-03-24 16:26:50,0.031838643240086
2011-03-25 16:26:48,0.058838523368352
2011-03-28 15:34:25,0.062015594612398
2011-04-01 15:07:29,0.14241953413894
2011-04-04 17:45:20,0.097344835864034
2011-04-05 15:31:47,0.07704920311424
2011-04-06 16:25:05,0.023786230761344
2011-04-08 14:51:45,0.079599220823277
2011-04-12 16:23:13,0.14085190030141
2011-04-13 15:15:16,0.12351909550454
2011-04-15 15:30:54,0.093394398593477
2011-04-19 16:37:44,0.027423141264397
2011-04-20 17:31:27,0.053487666536274
2011-04-21 15:40:01,0.063640708357296
2011-04-28 01:38:40,0.031206364258952
2011-04-28 16:06:44,0.031525116472581
2011-04-29 14:55:11,0.034582002455751
2011-05-02 16:23:56,0.098896793363182
2011-05-03 16:33:48,0.019522266723283
2011-05-05 16:15:37,0.022239498708322
2011-05-06 14:22:14,0
2011-05-09 09:47:50,0
2011-05-09 16:03:42,0
2011-05-10 16:29:37,0.054438697731038
2011-05-11 15:29:56,0.019584972076784
2011-05-17 15:16:30,0.044348361263517
2011-05-18 17:17:42,0.028421201474286
2011-05-19 17:25:02,0.079677602515154
2011-05-20 15:21:06,0.018252483314889
2011-05-23 16:00:48,0.11443727013916
2011-05-26 17:35:03,0.073151020304934
2011-05-27 15:58:31,0
2011-05-31 16:43:23,0.075382285800341
2011-06-01 14:45:07,0.048283122195699
2011-06-03 14:39:36,0.043909423789011
2011-06-06 16:14:12,0.048957204745834
2011-06-07 14:48:47,0
2011-06-08 15:57:02,0.04660575398955
2011-06-09 15:59:44,0.071358692284033
2011-06-10 15:47:20,0
2011-06-16 16:27:18,0.046825222726803
2011-06-17 15:33:38,0.18501737095055
2011-06-21 12:04:54,0
2011-06-21 12:08:18,0
2011-06-21 12:12:42,0
2011-06-21 12:42:16,0
2011-06-21 12:48:38,0
2011-06-21 12:58:27,0
2011-06-21 13:17:35,0
2011-06-21 15:49:25,0.075424089369342
2011-06-22 10:05:58,0
2011-06-22 15:11:42,0
2011-06-24 15:51:30,0.053989309364282
2011-06-25 13:50:28,0.022667985290578
2011-06-27 16:00:49,0.14417005859084
2011-06-28 10:36:46,0
2011-06-28 15:18:59,0
2011-06-28 16:26:10,0.046281776329795
2011-06-29 16:15:45,0.13772708351862
2011-06-30 13:53:31,0
2011-07-01 15:05:15,0.017296226674
2011-07-04 16:04:52,0.14650060756262
2011-07-05 15:52:19,0.10495308542214
2011-07-06 06:15:10,0
2011-07-06 06:26:28,0
2011-07-06 08:45:59,0
2011-07-06 09:19:27,0
2011-07-07 13:15:26,0
2011-07-07 16:41:08,0.027851627846653
2011-07-08 16:06:47,0
2011-07-11 16:20:36,0.035914491217645
2011-07-12 12:35:42,0
2011-07-13 12:11:07,0
2011-07-13 12:17:32,0
2011-07-13 12:21:56,0
2011-07-13 15:02:14,0
2011-07-13 17:34:14,0.01103614221616
2011-07-14 16:13:28,0.024371480727353
2011-07-15 10:10:48,0
2011-07-15 15:27:32,0.037403743363292
2011-07-18 15:50:47,0.14764498026401
2011-07-19 15:42:33,0
2011-07-20 13:16:07,0
2011-07-20 16:31:50,0.25127080237039
2011-07-25 07:46:54,0
2011-07-25 07:50:57,0
2011-07-25 09:11:15,0
2011-07-25 16:19:27,0.044426742955393
2011-07-26 07:50:42,0
2011-07-26 17:06:01,0.090755548300314
2011-07-27 08:48:55,0
2011-07-27 16:28:11,0.10059506335383
2011-07-28 13:45:02,0
2011-07-28 13:46:01,0
2011-07-28 13:46:43,0
2011-07-29 16:00:22,0.10532931754315
2011-08-01 09:07:12,0
2011-08-01 16:17:36,0.047405247246686
2011-08-02 07:07:05,0
2011-08-02 11:19:51,0
2011-08-02 15:53:28,0.025698744043122
2011-08-03 09:53:28,0
2011-08-03 10:34:07,0
2011-08-03 15:34:55,0.11800102439646
2011-08-05 15:37:10,0
2011-08-08 07:29:26,0
2011-08-08 10:32:02,0
2011-08-08 16:05:50,0.038908671847313
2011-08-09 16:34:39,0.048382405672075
2011-08-10 07:28:35,0
2011-08-10 15:29:35,0.072398556062923
2011-08-11 08:30:05,0
2011-08-12 16:00:05,0.12871841439899
2011-08-15 16:04:56,0.19652380331797
2011-08-17 16:17:49,0.027511973848523
2011-08-19 15:53:21,0.12673797031758
2011-08-22 09:01:41,0
2011-08-22 16:26:13,0.087092510566636
2011-08-23 16:19:44,0.075047857248336
2011-08-24 14:54:36,0
2011-08-24 16:50:03,0.10780095356031
2011-08-25 15:28:54,0.056769246702822
2011-08-26 15:31:51,0.06386017709455
2011-08-29 15:45:25,0
2011-08-29 15:58:59,0
2011-08-29 16:15:11,0
2011-08-29 16:15:41,0
2011-08-29 16:46:29,0.086930521736759
2011-08-30 12:42:43,0
2011-08-30 14:09:01,0
2011-08-30 16:01:44,0.050462133229856
2011-08-31 09:07:07,0
2011-08-31 12:14:35,0
2011-08-31 15:37:02,0.21148425557406
2011-09-01 08:07:47,0
2011-09-01 08:13:22,0
2011-09-01 13:55:39,0
2011-09-01 13:56:19,0
2011-09-01 14:00:09,0
2011-09-01 16:10:51,0.059580536718113
2011-09-02 16:13:04,0.050383751537979
2011-09-05 09:04:03,0
2011-09-05 15:07:48,0
2011-09-05 16:18:53,0.16760095901568
2011-09-07 09:12:11,0
2011-09-07 16:16:45,0.045712202702162
2011-09-09 16:16:21,0.065689083238326
2011-09-12 09:07:41,0
2011-09-12 09:07:48,0
2011-09-12 09:12:07,0
2011-09-12 12:04:36,0
2011-09-12 16:11:07,0.062344797718278
2011-09-13 15:43:05,0
2011-09-13 16:47:26,0.10973436862659
2011-09-14 08:35:27,0
2011-09-14 16:36:38,0.031859545024586
2011-09-15 08:17:24,0
2011-09-15 08:51:27,0
2011-09-16 08:37:21,0
2011-09-16 15:30:02,0.12556747038557
2011-09-19 08:32:21,0
2011-09-19 09:12:40,0
2011-09-19 15:56:18,0.17720532899357
2011-09-21 09:22:39,0
2011-09-21 12:21:25,0
2011-09-21 15:51:39,0.023425674978714
2011-09-23 15:24:34,0.054281934347286
2011-09-27 10:24:21,0
2011-09-27 11:34:53,0
2011-09-27 15:19:34,0.16084445717595
2011-09-28 08:45:01,0
2011-09-28 15:19:17,0.096858869374402
2011-09-30 15:54:07,0.11489188395204
2011-10-04 11:29:40,0
2011-10-04 13:20:28,0
2011-10-05 15:51:52,0.055144132957923
2011-10-06 10:03:58,0
2011-10-06 16:14:30,0.07077866776415
2011-10-07 12:37:32,0
2011-10-07 15:38:26,0.062731480731533
2011-10-10 08:20:37,0
2011-10-10 08:27:32,0
2011-10-10 16:06:53,0.2384998120407
2011-10-11 15:51:26,0.038757133909686
2011-10-13 16:39:12,0.046344481683296
2011-10-14 16:03:55,0.16613783410066
2011-10-17 11:29:56,0
2011-10-17 11:34:54,0
2011-10-17 11:37:05,0
2011-10-17 11:38:12,0
2011-10-17 16:28:09,0.069184906696002
2011-10-18 15:52:34,0.02553152976712
2011-10-20 07:49:33,0
2011-10-20 09:00:16,0
2011-10-20 16:00:47,0.071750600743414
2011-10-24 10:11:48,0
2011-10-24 16:24:15,0.11226348455113
2011-10-25 16:24:14,0
2011-10-25 16:37:10,0.040549461930587
2011-10-27 15:48:34,0.13351537394181
2011-10-28 15:34:21,0.032805350773225
2011-10-31 09:30:13,0
2011-11-02 16:43:06,0.021706503203564
2011-11-03 16:37:03,0.041552747586602
2011-11-04 16:30:21,0.090750322854189
2011-11-08 17:10:11,0.031253393274077
2011-11-11 16:26:39,0.026445982839008
2011-11-14 16:27:10,0.058268949740719
2011-11-15 16:32:46,0.035982422017271
2011-11-17 16:28:58,0.016392224494362
2011-11-18 17:02:30,0.05836300777097
2011-11-21 16:31:44,0.088571311820032
2011-11-22 09:40:34,0
2011-11-22 17:22:03,0.02627354311688
2011-11-23 17:13:31,0.04903558643771
2011-11-25 16:57:36,0.030626339739068
2011-11-28 17:11:48,0.027574679202024
2011-11-29 17:08:12,0.068197297378362
2011-11-30 16:25:27,0.085456945929487
2011-12-01 17:08:55,0.076286287979979
2011-12-02 17:05:36,0.042190252013861
2011-12-05 16:38:00,0.03317113200198
2011-12-07 16:23:02,0.010743517233156
2011-12-08 17:13:27,0.027198447081019
2011-12-12 17:44:13,0.098045045644794
2011-12-13 17:00:18,0.027397014033772
2011-12-14 17:22:23,0.017740389594632
2011-12-15 16:51:02,0.015153793762719
2011-12-16 16:59:16,0.05320549244552
2011-12-16 16:59:16,0.059601438502613
2011-12-19 16:33:51,0.02797181310753
2011-12-20 17:05:45,0.044102765295638
2011-12-21 16:40:47,0.061587108030142
2011-12-23 15:41:24,0.029497643376052
2011-12-24 09:58:49,0.04041882577746
2011-12-24 09:58:49,0.043397330068753
2011-12-27 16:49:35,0.13505165510258
2011-12-27 16:49:36,0.0057218635069578
2011-12-27 16:49:37,0.034075134181618
2011-12-27 16:49:38,0.012917302821187
2011-12-27 16:49:39,0.037377616132666
2011-12-27 16:49:39,0.016423577171113
2011-12-27 16:49:40,0.014171409891205
2011-12-27 16:49:41,0.020807726470051
2011-12-27 16:49:42,0.011469854244541
2011-12-27 16:49:42,0.007117057622353
2011-12-28 16:45:30,0.03487985288488
2011-12-29 16:56:24,0.074891093864584
2011-12-29 16:56:26,0.010780095356031
2011-12-29 16:56:26,0.0067826290703482
2011-12-29 16:56:27,0.02455437134173
2011-12-29 16:56:28,0.0076970821422364
2011-12-29 16:56:29,0.0080994414938673
2011-12-29 16:56:30,0.0091758833956328
2011-12-30 15:51:55,0.026534815423134
2012-01-01 01:45:47,0.043705631390133
2012-01-01 01:45:49,0.0095207628398878
2012-01-01 01:45:49,0.0039608881628073
2012-01-01 01:45:50,0.002278294510533
2012-01-01 01:45:51,0.0028635444765415
2012-01-01 01:45:51,0.0032659038281723
2012-01-01 01:45:52,0.0022939708489082
2012-01-01 01:45:53,0.0087212695827513
2012-01-01 01:45:54,0.0043371202838128
2012-01-01 01:45:54,0.0063645933803421
2012-01-01 01:45:55,0.0015467320530224
2012-01-01 16:46:13,0.0362384688774
2012-01-01 16:46:14,0.042007361399483
2012-01-02 16:33:27,0.14850195342852
2012-01-02 16:33:28,0.053738487950278
2012-01-02 16:33:29,0.018247257868764
2012-01-02 16:33:30,0.020797275577801
2012-01-02 16:33:31,0.008083765155492
2012-01-02 16:33:31,0.010095561913646
2012-01-02 16:33:32,0.034514071656125
2012-01-02 16:34:41,0.018205454299764
2012-01-03 16:46:34,0.063933333340301
2012-01-04 16:52:30,0.061686391506518
2012-01-05 16:58:43,0.028165154614158
2012-01-09 17:15:30,0.057114126147077
2012-01-10 17:08:47,0.047797155706067
2012-01-11 16:51:03,0.08151695955118
2012-01-11 16:51:04,0.0050268791723228
2012-01-11 16:51:05,0.040011240979704
2012-01-11 16:51:05,0.018367443129641
2012-01-11 16:51:06,0.0078329437414884
2012-01-11 16:51:06,0.0047812832044442
2012-01-11 16:51:07,0.0059256559058358
2012-01-11 16:51:07,0.0029210243839173
2012-01-11 16:51:08,0.0029314752761674
2012-01-12 17:45:55,0.027616482771025
2012-01-13 16:57:29,0
2012-01-16 16:53:12,0.026069750718002
2012-01-17 17:54:58,0.021121253237556
2012-01-18 16:43:05,0.08495530310148
2012-01-18 16:43:05,0.021476583574061
2012-01-18 16:43:06,0.015718141944228
2012-01-18 16:43:06,0.0067356000552225
2012-01-18 16:43:06,0.0082091758624938
2012-01-18 16:43:07,0.0092490396413839
2012-01-19 17:03:55,0.0062809862423409
2012-01-20 17:04:11,0.02277249421308
2012-01-23 16:10:35,0.012227543932677
2012-01-24 17:43:30,0.0001933415066278
2012-01-25 16:41:58,0.0017609753441505
2012-01-26 17:36:57,0.14958884622254
2012-01-26 17:36:58,0.030898062937572
2012-01-26 17:36:58,0.027391788587647
2012-01-26 17:36:58,0.022526898245201
2012-01-26 17:36:58,0.0078590709721138
2012-01-26 17:36:58,0.013904912138826
2012-01-26 17:47:55,0.00064795531950938
2012-01-26 17:47:56,0.0017766516825257
2012-01-26 17:47:56,0.0024925378016611
2012-01-26 17:47:56,0.0018445824821517
2012-01-27 17:11:24,0.09772106798504
2012-01-30 17:29:54,0.072252243571421
2012-01-30 17:29:55,0.089595499260547
2012-01-31 16:57:35,0.053654880812277
2012-01-31 16:57:36,0.064199831092679
2012-02-01 17:56:07,0.14039728648853
2012-02-01 17:56:07,0.03589881487927
2012-02-01 17:56:07,0.011088396677411
2012-02-01 17:56:07,0.020650963086299
2012-02-01 17:56:08,0.012609001499808
2012-02-01 17:56:08,0.0096513989930147
2012-02-01 17:56:08,0.0083659392462461
2012-02-01 17:56:08,0.010330706989275
2012-02-02 18:00:09,0.1003181147092
2012-02-02 18:00:09,0.010534499388153
2012-02-02 18:00:09,0.0087944258285023
2012-02-02 18:00:09,0.0067251491629724
2012-02-02 18:00:09,0.0070282250382268
2012-02-02 18:00:10,0.0072372428832298
2012-02-02 18:00:10,0.0061294483047137
2012-02-03 16:41:53,0.13626918404972
2012-02-03 16:41:53,0.02587118376525
2012-02-03 16:41:53,0.03904975889269
2012-02-03 16:41:53,0.018059141808261
2012-02-03 16:41:53,0.029063931347671
2012-02-03 16:41:53,0.009604369977889
2012-02-04 17:24:45,0.0034696962270502
2012-02-06 17:53:35,0.13198431822716
2012-02-06 17:53:35,0.014531965673835
2012-02-06 17:53:36,0.0090138945657555
2012-02-06 17:53:36,0.011678872089544
2012-02-06 17:53:36,0.010508372157527
2012-02-06 17:53:36,0.0070961558378527
2012-02-06 17:53:36,0.0033442855200484
2012-02-06 17:53:36,0.0058315978755844
2012-02-06 17:53:37,0.0081203432783676
2012-02-07 17:11:57,0.15432310041186
2012-02-07 17:11:57,0.044139343418514
2012-02-07 17:11:57,0.019569295738408
2012-02-07 17:11:58,0.01414528266058
2012-02-07 17:11:58,0.0072476937754799
2012-02-07 17:11:58,0.0031927475824212
2012-02-07 17:11:58,0.0049223702498213
2012-02-07 17:11:59,0.0043946001911886
2012-02-08 17:36:06,0.046323579898796
2012-02-09 17:16:46,0.0070125486998515
2012-02-10 17:28:05,0.04141688598735
2012-02-12 17:04:53,0.0069237161157252
2012-02-13 18:18:14,0.08496575399373
2012-02-13 18:18:16,0.091042947837193
2012-02-14 16:49:45,0.065490516285573
2012-02-15 18:38:32,0.16970681380408
2012-02-15 18:38:32,0.19733374746736
2012-02-16 17:24:02,0.14994417655905
2012-02-16 17:24:02,0.17331759707651
2012-02-17 18:07:47,0.030469576355316
2012-02-20 17:53:20,0.033589167691986
2012-02-20 17:53:21,0.011527334151917
2012-02-20 17:55:52,0.0011182454707662
2012-02-21 17:39:39,0.064001264139927
2012-02-22 17:24:17,0.13280993871492
2012-02-23 16:34:38,0.035010489038007
2012-02-24 17:04:05,0.13206792536516
2012-02-24 17:04:05,0.13157150798328
2012-02-24 17:09:53,0.0017087208828997
2012-02-27 17:02:14,0.068949761620373
2012-02-27 17:02:14,0.079196861471647
2012-02-28 17:14:14,0.12301745267653
2012-02-28 17:14:15,0.12255761341752
2012-02-29 17:31:36,0.2124300613227
2012-02-29 17:31:36,0.21117072880656
2012-03-01 17:01:57,0.12851984744624
2012-03-02 17:22:02,2.6127230625378E-5
2012-03-05 17:05:28,0.099879177234696
2012-03-05 17:05:28,0.099168516561686
2012-03-06 18:05:54,0.1171963056932
2012-03-06 18:05:54,0.011527334151917
2012-03-06 18:08:48,0.001243656177768
2012-03-07 17:13:11,0.024982857923987
2012-03-08 17:00:15,0.12524871817194
2012-03-08 17:00:15,0.12558837217007
2012-03-09 08:53:38,0.007111832176228
2012-03-09 13:01:18,0.0027694864462901
2012-03-09 16:58:37,0.12180514917551
2012-03-12 17:15:38,0.17840195615621
2012-03-12 17:15:38,0.17729416157769
2012-03-13 17:06:46,0.14780696909389
2012-03-13 17:06:46,0.14706495574413
2012-03-14 09:33:56,0.0023671270946593
2012-03-14 17:26:47,0.043480937206754
2012-03-16 17:38:35,0.064607415890435
2012-03-19 16:23:14,0.001034638332765
2012-03-19 19:08:01,0.0035114997960508
2012-03-20 17:05:20,0.057767306912711
2012-03-20 17:37:12,0
2012-03-21 08:22:27,0
2012-03-21 17:24:15,0.074744781373082
2012-03-22 17:11:40,0.040371796762334
2012-03-23 17:30:08,0.16243299279798
2012-03-23 17:30:08,0.16442911321776
2012-03-24 17:27:58,0.00039190845938067
2012-03-26 17:15:22,0.11412896881778
2012-03-26 17:15:22,0.11483440404466
2012-03-27 16:51:37,0.11957388368011
2012-03-27 16:51:38,0.11864897971597
2012-03-28 15:59:35,0.020551679609923
2012-03-30 09:31:21,0.0001933415066278
2012-03-30 15:59:51,0.11093622123536
2012-03-30 15:59:52,0.13119527586227
2012-03-31 17:42:53,0.00076291513426105
2012-04-02 17:09:40,0.26136113883791
2012-04-02 17:09:41,0.26468974801958
2012-04-03 16:30:12,0.0014683503611463
2012-04-04 17:06:28,0.17000466423321
2012-04-04 17:06:28,0.16897525134657
2012-04-05 15:59:46,0.20365131183257
2012-04-05 15:59:47,0.2052816510236
2012-04-06 15:32:20,0.00086219861063748
2012-04-07 12:01:41,0.1067767661198
2012-04-09 15:56:55,0.034717864055003
2012-04-09 15:56:56,0.034477493533249
2012-04-10 16:50:16,0.047713548568066
2012-04-11 15:39:59,0.0079060999872395
2012-04-11 16:31:03,0.36960625531885
2012-04-11 16:31:03,0.3697003133491
2012-04-12 12:54:56,0.019595422969034
2012-04-13 17:10:54,0.066927513969969
2012-04-16 16:14:21,0.050838365350861
2012-04-17 15:45:16,0.001243656177768
2012-04-19 16:44:19,0.050049322985975
2012-04-19 16:44:19,0.011527334151917
2012-04-20 15:53:35,0.072273145355921
2012-04-23 16:49:37,0.24405968671778
2012-04-23 16:49:37,0.24501594335867
2012-04-24 16:04:36,0.13110121783202
2012-04-24 16:04:36,0.13210450348804
2012-04-25 16:00:20,0.1032966190005
2012-04-26 16:12:38,0.030406871001815
2012-04-27 16:01:04,0.041453464110225
2012-04-30 15:53:45,0.075586078199219
2012-04-30 15:53:45,0.075544274630219
2012-04-30 16:02:26,0.11726946193895
2012-04-30 16:02:26,0.11986128321699
2012-05-02 15:57:23,0.1937177387488
2012-05-02 15:57:23,0.19268832586216
2012-05-03 16:40:05,0.13290399674517
2012-05-03 16:40:06,0.13402746766207
2012-05-04 15:58:57,0.10021883123283
2012-05-07 15:53:12,0.034148290427369
2012-05-08 15:55:14,0.00024037052175348
2012-05-09 16:12:21,0.066749848801716
2012-05-10 15:56:11,0.027579904648149
2012-05-11 15:47:50,0.0007733660265112
2012-05-14 15:52:25,0.19153872771465
2012-05-14 15:52:25,0.19028462064463
2012-05-15 17:18:05,0.18799064979572
2012-05-15 17:18:05,0.18814741317947
2012-05-16 16:12:09,0.0061085465202134
2012-05-17 13:26:16,0.005523296554205
2012-05-17 15:37:19,0.21067431142468
2012-05-17 15:37:20,0.21015176681217
2012-05-21 15:57:02,0.081605792135306
2012-05-22 15:03:13,0.00024559596787856
2012-05-22 15:06:03,3.1352676750454E-5
2012-05-22 15:08:18,0.00063750442725923
2012-05-22 15:10:41,5.2254461250757E-6
2012-05-22 15:14:05,0.00015153793762719
2012-05-22 15:16:50,0.0010032856560145
2012-05-22 15:18:43,0.00032920310587977
2012-05-22 15:19:33,0.00013586159925197
2012-05-22 15:20:24,0.00032920310587977
2012-05-23 17:09:21,0.077164162928992
2012-05-23 17:09:21,0.086622220415379
2012-05-24 15:04:14,0.00013063615312689
2012-05-25 16:48:24,0.24549145895605
2012-05-25 16:48:24,0.24843338512447
2012-05-26 09:43:44,0.31667248607183
2012-05-26 09:43:45,0.31863202836874
2012-05-27 10:13:08,0.00015676338375227
2012-05-28 09:38:50,0.055609197663055
2012-05-28 09:38:51,0.061054112525384
2012-05-29 16:36:27,0.17316083369276
2012-05-29 16:36:27,0.17499496528266
2012-05-30 15:46:08,0.049291633297839
2012-05-31 16:52:16,0.7166438088235
2012-05-31 16:52:16,2.1226650485899
2012-06-01 17:29:09,0.037748622807547
2012-06-01 17:29:09,0.040110524456081
2012-06-04 16:00:23,0.072586672123426
2012-06-04 16:00:23,0.074018444361697
2012-06-05 16:00:07,0.068934085281998
2012-06-06 17:14:38,0.15809064706804
2012-06-06 17:14:38,0.15765693503966
2012-06-07 10:42:14,0.25753088682823
2012-06-07 22:45:12,0.25711807658435
2012-06-08 15:45:49,0.062914371345911
2012-06-08 15:45:50,0.011527334151917
2012-06-09 13:31:09,0.063045007499038
2012-06-11 15:45:12,0.044071412618888
2012-06-12 16:35:25,0.0075821223274848
2012-06-13 15:43:40,0.05768369977471
2012-06-13 15:43:41,0.060521117020626
2012-06-14 16:23:11,0.13230829588692
2012-06-14 16:23:11,0.13109076693977
2012-06-15 15:57:26,0.23830124508795
2012-06-15 15:57:26,0.2384789102562
2012-06-18 15:51:11,0.039175169599692
2012-06-19 15:58:22,0.033777283752489
2012-06-20 16:01:05,0.0022417163876575
2012-06-21 12:04:51,0.00084129682613718
2012-06-21 16:51:39,0.50640843487333
2012-06-22 15:54:28,0.1137161585739
2012-06-25 15:58:51,0.017374608365877
2012-06-26 16:14:09,0.10368852745988
2012-06-27 16:06:23,1.159348829986
2012-06-29 15:48:02,0.16534356628964
2012-07-02 15:27:52,0.38650012264122
2012-07-03 16:10:53,0.04112948645047
2012-07-04 15:22:13,0.052667271494637
2012-07-04 16:31:48,0.038417479911556
2012-07-05 16:19:19,0.29682101624267
2012-07-06 15:37:19,0.40234367529245
2012-07-09 15:42:46,0.25711285113822
2012-07-09 17:17:17,1.159348829986
2012-07-10 15:40:55,0.19628865824234
2012-07-11 15:16:10,0.033448080646609
2012-07-12 14:04:39,0.014521514781585
2012-07-13 14:42:20,0.68853613411672
2012-07-16 14:40:53,0.039300580306694
2012-07-17 16:28:34,0.38320809158242
2012-07-18 16:36:16,0.020457621579671
2012-07-19 15:51:45,0.06352052309642
2012-07-20 16:04:51,0.28144252829657
2012-07-23 15:39:59,0.03519860509851
2012-07-24 15:57:01,0.8790820270676
2012-07-25 16:50:50,0.47762667761641
2012-07-26 15:49:48,0.070825696779275
2012-07-27 15:06:53,0
2012-07-27 16:31:05,0.45986016079116
2012-07-30 15:59:08,0.33653440679325
2012-07-31 16:03:41,0.35654264000616
2012-08-01 16:15:03,0.11449475004653
2012-08-02 16:06:21,0.068578754945493
2012-08-06 15:07:15,0.35005263591882
2012-08-07 07:56:12,0.060829418342006
2012-08-07 15:43:48,0
2012-08-07 15:46:24,0.033192033786481
2012-08-08 16:42:51,0.022140215231946
2012-08-08 19:24:49,0
2012-08-09 15:34:24,0.78706714625114
2012-08-10 10:27:16,0
2012-08-10 15:40:41,0.16152899061834
2012-08-13 08:41:17,0
2012-08-13 16:43:24,0.07456711620483
2012-08-14 11:02:09,0
2012-08-14 16:38:49,0.061696842398768
2012-08-15 16:44:01,0.36350293424476
2012-08-16 08:24:40,0
2012-08-16 16:14:26,0.62527165788043
2012-08-17 12:08:03,0
2012-08-17 15:52:39,0.057411976576206
2012-08-20 11:07:15,0
2012-08-20 16:01:10,0.98616709450878
2012-08-21 16:20:00,0.56308884899203
2012-08-21 19:49:03,0
2012-08-22 17:34:10,0.29223829999098
2012-08-23 13:04:19,0
2012-08-23 15:22:23,0.0090713744731313
2012-08-24 17:30:21,0.035088870729883
2012-08-27 09:19:04,0
2012-08-27 17:14:22,2.4731409456448
2012-08-28 10:30:19,0
2012-08-28 16:58:17,0.057861364942963
2012-08-29 11:20:36,0
2012-08-29 16:55:54,0.38720033242198
2012-08-30 11:21:14,0
2012-08-30 16:55:14,0.043689955051758
2012-08-31 11:44:30,0
2012-08-31 16:42:14,0.51661895660173
2012-09-03 09:58:54,0
2012-09-03 16:03:47,0.027684413570651
2012-09-04 15:35:59,0
2012-09-04 16:36:23,0.021440005451185
2012-09-05 16:01:55,0.73909755082295
2012-09-06 07:43:33,0
2012-09-06 16:36:07,0.030715172323195
2012-09-07 15:51:52,0
2012-09-07 15:58:48,0.65378169193884
2012-09-10 10:54:54,0
2012-09-10 16:43:05,0.30999959137011
2012-09-11 16:21:49,0.085524876729113
2012-09-12 09:05:27,0
2012-09-12 16:40:29,1.3777411253374
2012-09-13 10:07:21,0
2012-09-13 16:49:08,0.045701751809912
2012-09-13 17:46:04,0.040549461930587
2012-09-14 16:55:29,0.42136952463385
2012-09-17 08:05:49,0
2012-09-17 17:16:11,0.10364149844475
2012-09-18 10:40:09,0
2012-09-18 16:08:58,0.052034992513503
2012-09-19 11:07:09,0
2012-09-19 16:37:35,0.74437525140928
2012-09-20 15:25:16,0
2012-09-20 16:10:07,0.16296598830273
2012-09-21 16:48:00,0.3277713336415
2012-09-21 18:43:32,0
2012-09-24 08:12:19,0
2012-09-24 15:51:42,0.24459268222254
2012-09-25 09:21:34,0
2012-09-25 17:08:25,0.18005842257786
2012-09-26 16:35:18,0
2012-09-26 17:33:37,0.053754164288653
2012-09-28 16:33:55,0
2012-09-28 20:05:47,0.024956730693361
2012-10-01 09:40:03,0
2012-10-01 17:14:19,0.2834072960396
2012-10-02 10:40:57,0.00071588611913536
2012-10-02 13:21:58,0
2012-10-02 16:35:34,0.068855703590122
2012-10-04 12:14:07,0
2012-10-04 15:05:19,0.044322234032892
2012-10-05 12:15:08,0.0033651873045487
2012-10-05 12:19:03,0.00048074104350696
2012-10-05 13:40:11,0
2012-10-05 14:30:33,0.28070574039294
2012-10-08 10:13:01,0
2012-10-08 17:02:21,2.4703819100908
2012-10-08 17:21:37,0.11179319439987
2012-10-09 16:59:55,0.065824944837578
2012-10-10 08:27:13,0
2012-10-10 14:42:13,0.00052777005863264
2012-10-10 17:09:30,0.033134553879105
2012-10-11 08:28:13,0
2012-10-11 16:23:11,1.0374078192113
2012-10-12 15:01:04,0.49617178591431
2012-10-12 15:17:00,0
2012-10-15 14:31:29,0.97004659321292
2012-10-16 16:17:45,0.03076220133832
2012-10-17 16:47:07,0.025589009674495
2012-10-18 16:57:33,0.088691497080909
2012-10-19 16:41:57,0.30894927669897
2012-10-20 15:00:04,0.36538932029591
2012-10-22 16:37:34,0.23585573630141
2012-10-23 16:57:40,0.022328331292448
2012-10-24 16:36:45,0.013612287155822
2012-10-25 17:18:34,0.07388780820857
2012-10-26 18:07:36,0.27383950418459
2012-10-29 17:01:31,0.03522995777526
2012-10-30 17:02:56,0.38985485905352
2012-10-31 16:25:40,0.59217890757032
2012-11-01 16:43:03,0.025719645827622
2012-11-02 17:31:57,0.2864903092534
2012-11-05 16:25:59,0.28241968672196
2012-11-06 17:14:16,0.39725931621275
2012-11-07 17:49:21,0.026007045364502
2012-11-08 16:40:53,0.031065277213575
2012-11-09 18:33:35,0.61579792405567
2012-11-10 17:00:01,0.068568304053243
2012-11-10 19:15:14,0.00093535485638854
2012-11-12 10:55:32,0.003386089089049
2012-11-12 17:16:29,0.39311553743557
2012-11-13 18:24:47,0.33343049179495
2012-11-14 16:47:28,0.0028948971532919
2012-11-14 18:29:03,0.3163119302892
2012-11-15 18:36:56,0.29114618175084
2012-11-16 16:37:39,0.72286208971234
2012-11-19 18:40:53,0.026043623487377
2012-11-21 17:51:30,0.0138160795547
2012-11-22 17:55:06,0.9518097862364
2012-11-23 16:43:57,0.027161868958143
2012-11-26 13:23:16,0.00024559596787856
2012-11-26 18:55:25,0.25559224631583
2012-11-27 17:16:22,0.2988902929082
2012-11-28 17:24:59,0.31647914456521
2012-11-29 17:40:27,0.28100359082207
2012-11-30 14:29:39,0.0010032856560145
2012-11-30 17:40:24,0.29683146713492
2012-12-02 10:20:20,0.086460231585502
2012-12-03 18:33:16,0.19113636836302
2012-12-04 17:32:42,0.038683977663935
2012-12-05 17:13:24,0.010492695819152
2012-12-06 17:00:54,0.82724037606073
2012-12-07 17:41:24,0.14596761205786
2012-12-10 18:05:27,0.13035920448226
2012-12-11 17:25:16,0.18932313855762
2012-12-12 17:07:48,0.087181343150762
2012-12-13 17:54:38,0.3853505244937
2012-12-14 18:22:08,0.55602927127705
2012-12-17 17:07:48,0.029555123283428
2012-12-18 17:36:31,0.45122249834641
2012-12-19 17:08:35,0.466412870232
2012-12-20 10:20:07,0.051292979163743
2012-12-20 18:06:46,0.089193139908916
2012-12-21 17:39:34,0.36049307727672
2012-12-23 19:35:08,0.0932742133326
2012-12-24 17:00:01,0.45400243568495
2012-12-27 16:52:45,0.21936422833068
2012-12-28 10:00:00,0.023566762024091
2012-12-28 17:00:01,0.013753374201199
2012-12-31 18:25:02,0.4267778613733
2013-01-02 17:25:18,0.58662948378549
2013-01-03 18:37:36,0.77601010225048
2013-01-04 17:44:24,0.23255325435037
2013-01-07 17:12:52,0.22407235528937
2013-01-08 17:41:29,0.026681127914636
2013-01-09 17:34:24,0.526489824332
2013-01-10 17:01:39,0.051099637657115
2013-01-11 19:02:02,2.4648481626443
2013-01-14 12:23:06,0.046569175866674
2013-01-15 17:03:41,0.35171955323272
2013-01-16 17:38:13,0.28418066206611
2013-01-17 17:33:57,0.54633084326891
2013-01-18 18:15:43,0.011124974800286
2013-01-21 18:06:08,0.27623275850987
2013-01-22 16:43:53,0.16818620898168
2013-01-23 18:14:56,0.37070359900512
2013-01-24 17:51:47,0.50014312496937
2013-01-25 17:34:11,0.29898957638458
2013-01-28 17:03:27,0.022903130366207
2013-01-29 17:17:25,0.31059006678225
2013-01-30 16:37:08,0.078277182953633
2013-01-31 17:57:38,0.20733002590463
2013-02-01 16:44:38,0.40926739140818
2013-02-04 18:37:54,0.21837661901304
2013-02-05 17:44:26,0.18407679064804
2013-02-06 17:24:33,2.4628938457935
2013-02-07 17:42:57,0.40445475552698
2013-02-08 11:19:49,0.0098186132690171
2013-02-08 16:56:07,0.95475171240482
2013-02-11 17:29:44,0.05424535622441
2013-02-12 17:06:41,0.26895893750377
2013-02-13 17:01:12,0.84633938164788
2013-02-14 17:15:04,0.32284896339167
2013-02-15 17:26:55,0.35492797715351
2013-02-18 17:35:09,0.93604461527705
2013-02-19 17:15:26,0.76696485500798
2013-02-20 17:35:54,0.35786467787581
2013-02-21 17:33:34,0.33430314129784
2013-02-22 16:52:46,0.42728472964744
2013-02-25 16:31:27,0.33957561643804
2013-02-26 17:30:18,0.45601945788923
2013-02-27 17:04:20,0.14709108297475
2013-02-28 17:04:54,0.36140753034861
2013-03-01 18:18:19,0.76763893755811
2013-03-04 17:26:37,0.039493921813322
2013-03-05 23:29:42,0.29490850296089
2013-03-06 17:34:14,0.23014432368671
2013-03-07 17:25:44,0.27028097537341
2013-03-08 16:56:08,0.36984140039448
2013-03-11 16:39:17,0.14210600737143
2013-03-12 17:36:16,0.045910769654915
2013-03-13 17:53:31,0.5216144830973
2013-03-14 18:01:55,2.4581230134813
2013-03-15 16:56:02,0.33200917044893
2013-03-18 17:24:41,0.42416513831077
2013-03-19 17:27:41,0.21208518187845
2013-03-20 17:15:34,0.98255631123635
2013-03-21 17:13:47,0.10218882442198
2013-03-22 17:42:29,0.25779215913448
2013-03-25 18:02:42,0.22208146031572
2013-03-26 18:52:32,0.41639489992278
2013-03-27 17:45:49,0.41226157203784
2013-03-28 17:08:47,0.43733326254596
2013-03-29 16:45:03,0.19264129684704
2013-03-31 15:32:18,0.40842609458204
2013-04-01 16:00:02,0.42786997961344
2013-04-02 16:07:19,0.18869608502261
2013-04-03 16:53:51,0.24665673344195
2013-04-04 16:12:19,0.73897214011595
2013-04-05 16:15:40,0.60922431283032
2013-04-08 16:48:59,0.22101024386007
2013-04-09 17:31:24,0.50545217823244
2013-04-10 16:58:03,0.079667151622903
2013-04-11 16:40:16,0.18849751806985
2013-04-12 16:01:32,0.30015485087047
2013-04-15 16:07:17,0.38829245066212
2013-04-16 16:06:49,0.27062585481767
2013-04-17 16:56:37,0.43749002592971
2013-04-18 16:31:38,0.10108625528959
2013-04-19 16:30:10,0.17182311948474
2013-04-22 17:37:35,0.38175541755965
2013-04-23 16:21:02,0.25263464380903
2013-04-24 16:00:40,0.022401487538199
2013-04-25 16:38:21,0.20154545704417
2013-04-26 16:40:13,0.0045043345598152
2013-04-26 16:40:13,0.0045670399133161
2013-04-26 16:40:13,0.0069864214692261
2013-04-29 16:29:18,0.22677391093603
2013-04-30 15:43:37,0.28434265089599
2013-05-01 16:25:13,0.21621328431726
2013-05-02 15:57:53,0.23830124508795
2013-05-03 18:23:58,0.14330263453407
2013-05-05 11:41:41,0.15399389730598
2013-05-05 14:14:52,0.20239197931643
2013-05-06 16:04:39,0.59900334020967
2013-05-07 16:27:07,0.5783157990005
2013-05-08 16:51:47,0.3765770004497
2013-05-09 16:30:02,0.20143572267554
2013-05-10 16:24:18,0.21041826456455
2013-05-13 16:12:16,0.49456757395391
2013-05-14 16:33:01,0.23822286339607
2013-05-15 17:01:50,0.27683368481426
2013-05-16 16:12:51,0.37602832860657
2013-05-17 15:34:05,0.41574694460327
2013-05-20 16:00:02,0.37905908735911
2013-05-21 16:41:41,0.29977339330334
2013-05-22 15:08:01,0.28941655908344
2013-05-23 15:53:01,0.40996237574281
2013-05-24 15:31:31,0.46781328979352
2013-05-27 16:32:48,0.98361185135362
2013-05-28 16:25:12,2.4534671409839
2013-05-29 17:32:43,0.46132328570618
2013-05-30 16:09:29,0.54439220275651
2013-05-31 16:02:54,0.53474080376349
2013-06-03 16:11:00,0.31561694595457
2013-06-04 15:52:11,0.2143478000506
2013-06-05 17:28:09,0.19413054899269
2013-06-06 16:39:42,0.24280035420164
2013-06-07 17:41:11,0.48545439591178
2013-06-10 17:21:16,0.087855425700897
2013-06-11 16:22:08,0.36209728923712
2013-06-12 17:07:33,0.68563078607118
2013-06-13 16:14:25,0.81078022076674
2013-06-14 16:16:20,0.59310903698059
2013-06-15 16:06:53,0.47729747451054
2013-06-17 16:52:43,0.52129573088367
2013-06-18 15:43:57,0.32412397224619
2013-06-19 09:35:41,0.33101111023904
2013-06-19 15:46:45,0.43444359083879
2013-06-20 17:23:07,0.22441723473362
2013-06-21 16:52:48,0.54992595020296
2013-06-24 16:02:08,0.67056059944646
2013-06-25 15:52:04,0.3001600763166
2013-06-26 17:12:53,0.026247415886255
2013-06-26 17:12:58,0.015655436590727
2013-06-26 17:13:03,0.012838921129311
2013-06-26 17:13:09,0.010623331972279
2013-06-26 17:13:15,0.012535845254056
2013-06-26 17:13:20,0.0094894101631374
2013-06-26 17:13:24,0.015268753577471
2013-06-27 17:29:16,0.027099163604642
2013-06-27 17:29:18,0.0069655196847258
2013-06-27 17:29:21,0.037696368346296
2013-06-27 17:29:23,0.011814733688796
2013-06-28 16:44:58,0.65430423655135
2013-07-01 16:58:29,0.63858609460712
2013-07-02 15:50:55,0.55701165514856
2013-07-03 16:24:09,0.12032634792212
2013-07-04 16:31:17,0.4126482550511
2013-07-05 16:12:36,0.53297982841934
2013-07-08 16:09:09,1.1101094511494
2013-07-09 15:49:38,0.41223021936109
2013-07-10 16:30:52,0.60499692691513
2013-07-11 16:34:38,0.4888352595547
2013-07-12 15:25:28,0.057375398453331
2013-07-15 16:02:31,0.284886097293
2013-07-16 16:01:02,0.51735051905924
2013-07-17 16:24:03,0.38802595290974
2013-07-18 16:56:45,0.24950460158011
2013-07-19 16:30:11,0.33296542708982
2013-07-22 13:38:45,0
2013-07-22 16:30:14,0.32398288520082
2013-07-23 16:30:16,0.27451881218085
2013-07-24 16:30:10,0.31483835448193
2013-07-25 16:30:11,0.14249269038469
2013-07-26 17:52:54,0.20736137858138
2013-07-29 10:59:22,0.057657572544085
2013-07-29 12:15:14,0.013638414386447
2013-07-29 16:33:14,0.17540777552654
2013-07-30 16:45:08,0.26119915000803
2013-07-31 16:51:37,0.5576857376987
2013-08-01 16:17:32,0.33942407850041
2013-08-02 16:16:26,0.39281768700644
2013-08-05 15:43:48,0.44440329115318
2013-08-06 16:54:14,0.26340428827281
2013-08-07 16:49:07,0.38794757121787
2013-08-08 17:14:25,0.37288261003927
2013-08-09 16:49:48,0.28493835175425
2013-08-12 16:31:22,0.30793031470458
2013-08-13 16:54:00,0.30843718297872
2013-08-14 16:24:03,0.28077889663869
2013-08-15 15:41:55,0.22713969216479
2013-08-16 16:46:50,0.52074183359441
2013-08-19 17:09:36,1.2508254898516
2013-08-20 20:00:29,0.87610352277631
2013-08-21 16:32:08,0.36137095222573
2013-08-22 15:55:11,0.30877683697685
2013-08-23 16:31:35,0.13969185126165
2013-08-26 16:40:55,0.091011595160443
2013-08-27 16:07:31,0.32581179134459
2013-08-28 16:00:42,0.52947355406942
2013-08-29 18:07:29,0.40960181996018
2013-08-30 16:49:01,0.058592927400473
2013-09-02 15:58:51,0.23026973439371
2013-09-03 16:42:08,0.7218535786102
2013-09-04 16:22:08,0.19336763385842
2013-09-05 16:11:37,0.23564671845641
2013-09-06 16:35:30,0.53900999324768
2013-09-09 16:39:27,0.29152241387185
2013-09-10 06:22:09,0.38236156931016
2013-09-10 16:27:07,0.3543427271875
2013-09-11 16:20:00,0.59865846076542
2013-09-12 16:10:59,0.43784013082009
2013-09-13 16:28:06,0.39913002592553
2013-09-14 16:30:15,0.95121931082427
2013-09-16 17:02:05,0.22228002726847
2013-09-17 15:57:40,0.10548085548078
2013-09-19 17:14:50,0.37872988425323
2013-09-20 16:22:14,0.48117998098147
2013-09-23 16:31:14,0.19289734370717
2013-09-24 16:29:43,0.38481752898895
2013-09-25 17:01:38,0.11668943741906
2013-09-26 16:42:03,0.22549367663539
2013-09-27 16:49:16,0.10880946466245
2013-09-30 16:51:34,0.12952835854838
2013-10-01 16:30:44,0.097909184045542
2013-10-02 16:03:54,0.38260716527804
2013-10-03 16:00:13,0.19927238797976
2013-10-04 16:32:12,0.10313463017062
2013-10-07 16:39:46,0.15605794852538
2013-10-08 16:43:16,0.15310557146472
2013-10-09 16:54:37,0.40019601693504
2013-10-10 16:59:33,0.44517143173357
2013-10-11 16:43:14,0.098776608102305
2013-10-14 17:36:19,0.31607678521358
2013-10-15 16:35:53,0.020332210872669
2013-10-16 16:38:41,0.24587291652318
2013-10-17 17:17:16,0.18445824821517
2013-10-18 16:30:12,0.11802192618096
2013-10-19 15:35:03,0.0535346955514
2013-10-21 15:30:09,0.066812554155217
2013-10-21 15:45:30,0.14496432640185
2013-10-22 16:23:09,0.22110952733645
2013-10-23 16:44:07,0.34561623215863
2013-10-24 16:47:42,0.27538623623761
2013-10-25 16:49:08,0.39073273400253
2013-10-28 17:40:12,0.26128798259216
2013-10-29 17:41:16,0.18021518596161
2013-10-30 17:53:52,0.11793309359683
2013-10-31 17:18:51,0.39764599922601
2013-11-01 17:03:55,0.15110945104494
2013-11-04 17:23:56,0.1570821359659
2013-11-05 17:31:10,0.24528766655718
2013-11-06 17:19:59,0.18363785317353
2013-11-07 18:00:55,0.18082133771212
2013-11-08 17:49:48,0.45327087322744
2013-11-11 17:54:15,0.38750863374336
2013-11-12 16:46:55,0.33462189351147
2013-11-13 17:13:16,0.22368044682999
2013-11-14 17:53:20,0.15071231713943
2013-11-15 16:56:36,0.16115798394346
2013-11-16 17:30:12,0.1896941452325
2013-11-18 17:24:31,0.050869718027611
2013-11-19 17:39:26,0.26600133499698
2013-11-20 17:49:02,0.27911197932479
2013-11-21 17:02:04,0.09668120420615
2013-11-22 17:28:15,0.13679695410836
2013-11-25 17:46:59,0.1311795995239
2013-11-26 17:24:33,0.25653805206446
2013-11-27 16:56:12,0.13880352542038
2013-11-28 17:18:40,0.39132320941467
2013-11-29 18:20:21,0.25212255008878
2013-12-02 17:04:36,0.11695593517144
2013-12-03 17:57:34,0.34640004907739
2013-12-04 17:23:46,0.20601321348111
2013-12-05 16:58:14,0.051392262640119
2013-12-06 17:08:24,0.075006053679336
2013-12-09 16:56:30,0.10307715026324
2013-12-10 17:35:16,0.12721348591497
2013-12-11 17:40:27,0.16042119603982
2013-12-12 18:32:42,0.41321260323261
2013-12-13 10:31:58,0.18892077920599
2013-12-13 17:00:36,0.3607177714601
2013-12-16 17:29:03,0.047969595428194
2013-12-17 17:46:26,0.31019815832287
2013-12-18 17:26:26,0.32296392320643
2013-12-19 17:37:49,0.070517395457896
2013-12-20 17:30:12,0.14291072607469
2013-12-23 19:23:53,0.14870052038128
2013-12-24 17:24:11,0.18246735324152
2013-12-27 17:00:24,0.24250250377251
2013-12-30 17:30:02,0.15648643510764
2013-12-31 17:31:03,0.087839749362522
2014-01-02 17:11:29,0.35037138813245
2014-01-03 16:51:40,0.17069442312172
2014-01-06 17:37:26,0.29573934889478
2014-01-07 17:28:55,0.14684026156075
2014-01-08 17:17:53,0.52647414799362
2014-01-09 18:38:02,0.048962430191959
2014-01-10 17:36:19,0.30727190849282
2014-01-13 17:07:57,0.20291974937506
2014-01-14 17:40:10,0.39262434549981
2014-01-15 17:22:55,0.37231826185777
2014-01-16 17:30:04,0.19662308679435
2014-01-17 16:55:25,0.31551766247819
2014-01-18 17:30:01,0.31327594609054
2014-01-20 18:03:50,0.21940603189968
2014-01-21 17:40:49,0.12935591882625
2014-01-22 17:37:37,0.067256717075849
2014-01-23 17:13:25,0.35587378290215
2014-01-24 18:29:10,0.17799959680458
2014-01-27 17:44:50,0.49810520098059
2014-01-28 17:44:10,0.22781900016105
2014-01-29 17:24:27,0.25330350091304
2014-01-30 18:05:29,0.14595193571949
2014-01-31 16:58:12,0.24964046317936
2014-02-02 17:57:44,0.35885751263957
2014-02-03 15:27:10,0.2347688435074
2014-02-03 17:47:24,0.37835365213223
2014-02-04 17:11:54,0.01450583844321
2014-02-05 17:25:49,0.11348101349827
2014-02-06 17:23:12,0.21678285794489
2014-02-07 17:34:24,0.53637636840064
2014-02-10 17:57:29,0.29613125735416
2014-02-11 16:52:18,0.3900586514524
2014-02-12 17:28:55,0.15403570087498
2014-02-13 17:16:27,0.15104152024531
2014-02-14 17:52:35,0.16883938974732
2014-02-17 17:39:22,0.23307057351675
2014-02-18 16:58:11,0.085618934759365
2014-02-19 17:10:37,0.2813641466047
2014-02-20 17:30:34,0.13371916634069
2014-02-21 17:12:16,0.04522623621253
2014-02-24 16:56:34,0.37460178181442
2014-02-25 17:16:28,0.094423811480117
2014-02-26 16:56:25,0.33649782867037
2014-02-27 17:42:02,0.13965527313877
2014-02-28 17:01:48,0.69775904652748
2014-03-01 17:00:01,0.11824662036434
2014-03-03 17:07:35,0.1711908405036
2014-03-04 11:17:33,0.026843116744514
2014-03-04 17:05:29,0.094883650739124
2014-03-05 18:01:41,0.31872608639899
2014-03-06 17:45:01,0.35068491489995
2014-03-07 17:11:43,0.28321395453298
2014-03-10 17:13:30,0.33043631116528
2014-03-11 16:47:18,0.064847786412189
2014-03-12 16:56:51,0.21855950962741
2014-03-13 17:41:51,0.42999673618635
2014-03-14 16:37:10,0.24846996324735
2014-03-17 17:35:44,0.50136065391651
2014-03-18 16:36:32,0.26957554014653
2014-03-19 16:49:05,0.11105640649623
2014-03-20 17:24:18,0.11487620761366
2014-03-21 17:03:36,0.39780276260976
2014-03-24 16:54:36,0.18209112112051
2014-03-25 17:13:30,0.30121561643386
2014-03-26 17:38:20,0.34710025885815
2014-03-27 17:50:26,0.086690151215005
2014-03-28 17:29:41,0.079222988702272
2014-03-31 16:26:59,0.17530849205016
2014-04-01 16:28:38,0.19260994417029
2014-04-02 17:06:01,0.137909974133
2014-04-03 16:17:59,0.12779873588098
2014-04-04 13:34:21,0.1395559896624
2014-04-04 16:23:40,0.23733453755481
2014-04-07 16:00:52,0.28077889663869
2014-04-08 15:58:59,0.25841398722337
2014-04-09 15:53:35,0.18068025066674
2014-04-10 16:06:40,0.20539138539222
2014-04-11 16:07:12,0.24811985835697
2014-04-14 17:01:40,0.16942986515945
2014-04-15 16:41:23,0.18531522137968
2014-04-16 16:36:52,0.17230386052824
2014-04-17 16:23:08,0.089281972493043
2014-04-18 15:10:52,0.12639309087333
2014-04-22 16:43:34,0.0068244326393488
2014-04-23 16:42:06,0.11934918949673
2014-04-24 13:34:30,0.018968369434025
2014-04-24 16:08:20,0.2622337883408
2014-04-25 08:51:58,0.081422901520929
2014-04-25 16:50:28,0.10977094674946
2014-04-28 17:10:41,0.023619016485342
2014-04-29 16:10:00,0.12593847706045
2014-04-30 16:18:46,0.078329437414884
2014-05-01 16:01:28,0.085483073160113
2014-05-02 15:50:11,0.084040850029592
2014-05-05 09:59:10,0.070726413302899
2014-05-05 16:32:26,0.2846561776635
2014-05-06 16:22:54,0.18795407167285
2014-05-07 16:38:57,0.3041836698329
2014-05-08 16:30:28,0.11740009809207
2014-05-09 16:12:17,0.27235547748507
2014-05-12 16:26:28,0.073678790363567
2014-05-13 16:15:56,1.6710349654457
2014-05-14 16:15:06,0.1604159705937
2014-05-15 14:22:30,0.13367736277169
2014-05-16 16:11:24,0.20235017574743
2014-05-19 16:18:40,0.12641399265783
2014-05-20 16:24:30,0.17186492305374
2014-05-21 16:08:09,0.11336605368352
2014-05-22 16:24:15,0.11592129683868
2014-05-23 16:14:58,0.14652150934712
2014-05-26 15:59:58,0.25242562596403
2014-05-27 16:07:47,0.21136929575931
2014-05-28 15:24:05,0.051240724702492
2014-05-29 16:00:01,0.096190012270393
2014-05-30 15:59:43,0.22028913229481
2014-06-02 10:14:54,0.060155335791871
2014-06-02 12:16:40,0.035647993465266
2014-06-02 16:28:29,0.22735393545592
2014-06-03 16:13:58,0.21443663263473
2014-06-04 16:27:14,0.02657139354601
2014-06-05 18:44:11,0.1412856123298
2014-06-06 12:25:04,0.2402712382771
2014-06-06 16:53:29,0.18251438225664
2014-06-09 16:00:01,0.42691894841868
2014-06-10 16:03:38,0.35525195481327
2014-06-11 16:14:20,0.24730468876146
2014-06-12 16:23:59,0.090551755901436
2014-06-13 16:21:40,0.1605831848697
2014-06-16 15:13:04,0.2121374363397
2014-06-17 16:10:10,0.069237161157252
2014-06-18 16:37:29,0.16783087864518
2014-06-19 16:05:36,0.11651177225081
2014-06-20 15:40:58,0.17875206104659
2014-06-23 16:06:16,0.13253821551642
2014-06-24 16:10:01,0.12368108433442
2014-06-25 16:09:22,0.22587513420252
2014-06-26 14:36:15,0.19787719386436
2014-06-27 15:53:01,0.121157193856
2014-06-30 16:18:27,0.19508158018745
2014-07-01 16:15:40,0.13760689825774
2014-07-02 16:44:27,0.072064127510918
2014-07-03 16:07:59,0.19483598421957
2014-07-04 15:32:55,0.082682234037072
2014-07-07 16:02:51,0.09670210599065
2014-07-08 16:13:16,0.10444621714801
2014-07-09 16:11:51,0.19740690371311
2014-07-10 16:31:57,0.37385976846466
2014-07-11 15:51:44,0.084479787504098
2014-07-13 14:23:25,0.067450058582477
2014-07-14 11:32:29,0.19015920993763
2014-07-15 16:09:40,0.070684609733898
2014-07-16 16:08:51,0.10129004768847
2014-07-17 16:42:18,0.11673124098806
2014-07-18 16:29:21,0.080989189492548
2014-07-21 16:01:23,0.30453377472328
2014-07-22 15:50:47,0.23267866505737
2014-07-23 16:15:49,0.091790186633079
2014-07-24 16:08:12,0.31430535897718
2014-07-25 15:34:38,0.2190559270093
2014-07-28 16:26:01,0.085200899069358
2014-07-29 14:26:08,0.13392295873956
2014-07-29 19:18:33,0.026069750718002
2014-07-30 15:52:05,0.19658128322535
2014-07-31 16:10:42,0.076270611641604
2014-08-01 16:45:51,0.20038018255828
2014-08-02 14:00:01,0.051120539441615
2014-08-03 14:57:08,0.040110524456081
2014-08-04 16:21:02,0.15875427872592
2014-08-05 15:56:29,0.15810632340641
2014-08-06 16:32:52,0.11694548427919
2014-08-07 16:10:33,0.11750460701458
2014-08-08 09:41:53,0.027276828772895
2014-08-08 16:04:19,0.037691142900171
2014-08-11 16:16:04,0.137951777702
2014-08-12 16:11:44,0.089966505935427
2014-08-13 16:13:07,0.27887160880304
2014-08-14 16:12:41,0.080121765435785
2014-08-15 16:18:58,0.10660432639767
2014-08-17 14:30:48,0.09287185398097
2014-08-18 16:18:49,0.15596911594126
2014-08-18 16:25:30,0.0078329437414884
2014-08-19 16:20:57,0.050373300645729
2014-08-21 16:07:47,0.084098329936968
2014-08-22 16:14:41,0.12394235664067
2014-08-25 16:10:01,0.17790553877433
2014-08-25 16:15:09,0.0035480779189264
2014-08-26 16:50:32,0.073616085010066
2014-08-27 16:04:53,0.057610543528959
2014-08-28 15:22:48,0.10448279527089
2014-08-29 16:05:35,0.078742247658765
2014-09-01 16:15:04,0.01346597466432
2014-09-02 16:07:38,0.04557634110291
2014-09-03 16:19:39,0.26876037055102
2014-09-04 16:44:35,0.1518096608257
2014-09-05 16:48:17,0.11301072334701
2014-09-08 16:35:26,0.10336454980012
2014-09-09 16:16:53,0.056199673075189
2014-09-10 16:08:28,0.17104975345823
2014-09-11 09:17:27,0.11014717887047
2014-09-11 16:20:04,0.16461200383213
2014-09-12 15:30:50,0.18606246017557
2014-09-14 12:54:04,0.087327655642264
2014-09-15 15:58:37,0.085347211560861
2014-09-16 13:10:04,0.060954829049007
2014-09-16 16:12:32,0.17508902331291
2014-09-17 16:40:01,0.41886131049381
2014-09-18 08:06:44,0.1932369977053
2014-09-18 16:52:41,0.064053518601177
2014-09-19 10:23:56,0.079008745411144
2014-09-19 15:44:56,0.11153192209361
2014-09-22 16:23:53,0.12143936794676
2014-09-24 16:34:53,0.34336406487872
2014-09-25 12:06:41,0.099612679482317
2014-09-25 15:17:54,0.10016135132545
2014-09-26 15:56:23,0.25312583574479
2014-09-27 15:05:01,0.035444201066388
2014-09-28 16:43:12,0.057584416298334
2014-09-29 16:14:09,0.24960911050261
2014-09-30 16:19:29,0.24859014850822
2014-10-01 07:56:05,0.24872601010748
2014-10-01 16:04:27,0.1190095354986
2014-10-02 05:30:00,0.035768178726143
2014-10-03 16:00:01,0.30628429917518
2014-10-04 14:00:01,0.089057278309664
2014-10-06 16:25:43,0.087761367670646
2014-10-07 16:32:05,0.18470906962917
2014-10-08 04:00:00,0.014641700042462
2014-10-08 16:06:04,0.20811906826951
2014-10-09 16:23:01,0.35072149302283
2014-10-10 16:12:59,0.13729859693636
2014-10-13 16:06:20,0.23932543252846
2014-10-14 16:07:51,0.22272941563522
2014-10-15 16:09:53,0.03657812287553
2014-10-16 09:31:50,0.081830486318685
2014-10-16 15:49:44,0.044013932711512
2014-10-17 16:16:59,0.17135282933348
2014-10-18 16:00:01,0.14163049177405
2014-10-19 14:08:20,0.030323263863814
2014-10-20 16:20:15,0.15823695955954
2014-10-21 16:16:46,0.13034352814389
2014-10-22 16:27:49,0.054506628530664
2014-10-23 16:23:10,0.10614971258479
2014-10-24 15:50:42,0.14420663671371
2014-10-27 17:16:32,0.29021605234058
2014-10-28 10:26:04,0.0062026045504648
2014-10-28 17:20:54,0.063807922633299
2014-10-29 17:12:39,0.2177025364629
2014-10-30 13:59:57,0.083889312091965
2014-10-30 14:54:41,0.25049221089775
2014-10-31 11:18:20,0.13708957909136
2014-10-31 14:11:35,0.13893938701964
2014-10-31 16:54:48,0.10478064570002
2014-11-03 17:11:34,0.14224186897068
2014-11-04 17:16:15,0.080341234173038
2014-11-06 17:05:07,0.11558164284055
2014-11-07 17:24:59,0.14263900287619
2014-11-10 17:18:21,0.18058619263649
2014-11-11 17:27:19,0.19366025884143
2014-11-12 16:53:51,0.17806230215808
2014-11-13 16:46:36,0.091246740236071
2014-11-14 17:11:28,0.28779667078467
2014-11-17 17:38:58,0.1263878654272
2014-11-18 16:44:03,0.16027488354832
2014-11-19 16:58:27,0.32216965539541
2014-11-20 16:21:04,0.22593783955602
2014-11-21 16:55:18,0.25511673071844
2014-11-21 22:15:01,0.081245236352676
2014-11-24 17:13:20,0.20146184990617
2014-11-25 17:02:25,0.14237773056994
2014-11-26 17:05:19,0.19719266042198
2014-11-27 16:29:59,0.52790069478577
2014-11-28 16:59:05,0.07565923444497
2014-12-01 17:12:30,0.12603776053682
2014-12-02 16:58:10,0.034676060486002
2014-12-03 09:01:59,0.18856022342335
2014-12-03 16:49:45,0.018174101623013
2014-12-04 17:42:31,0.27316542163445
2014-12-05 16:43:12,0.18973072335537
2014-12-08 13:29:40,0.026973752897641
2014-12-08 17:29:45,0.058472742139597
2014-12-09 10:23:25,0.074708203250207
2014-12-09 16:39:06,0.22205533308509
2014-12-10 10:31:19,0.16018605096419
2014-12-10 17:04:22,0.16528608638227
2014-12-11 17:32:02,0.13748671299687
2014-12-12 12:05:56,0.13481128458083
2014-12-12 16:58:22,0.010273227081899
2014-12-12 16:58:23,0.0065109058718443
2014-12-12 16:58:24,0.0092647159797591
2014-12-15 09:47:47,0.9252801962594
2014-12-15 17:02:46,0.22730168099467
2014-12-16 10:20:26,0.04420727421814
2014-12-16 13:12:31,0.51640993875673
2014-12-16 17:22:28,0.11661628117331
2014-12-17 10:31:13,0.0087630731517519
2014-12-17 17:39:35,0.30628429917518
2014-12-18 16:00:38,0.1674180684013
2014-12-19 15:31:21,0.17843853427908
2014-12-21 09:47:24,0.13519274214796
2014-12-21 22:19:02,0.12857732735361
2014-12-22 09:08:36,0.031681879856334
2014-12-22 17:05:01,0.089067729201914
2014-12-23 08:38:49,0.03346898243111
2014-12-23 17:25:00,0.042085743091359
2014-12-24 13:46:59,0.079264792271273
2014-12-24 18:34:26,0.33357680428645
2014-12-25 12:56:11,0.074854515741709
2014-12-26 20:11:31,0.079672377069028
2014-12-27 17:47:13,0.16182161560134
2014-12-28 06:40:13,0.14513676612398
2014-12-28 16:59:53,0.14165139355855
2014-12-29 14:28:01,0.1416618444508
2014-12-30 08:44:51,0.098201809028547
2014-12-31 11:39:38,0.20082957092503
2014-12-31 16:47:20,0.12137666259326
2015-01-01 12:16:57,0.189882261293
2015-01-02 09:35:12,0.29367529767538
2015-01-02 16:21:04,0.13940967717089
2015-01-03 18:05:42,0.18756738865959
2015-01-04 17:35:59,0.24067359762873
2015-01-05 15:38:36,0.069325993741379
2015-01-05 21:00:01,0.18879536849898
2015-01-06 09:32:20,0.14466125052659
2015-01-06 15:05:59,0.27549074516011
2015-01-06 19:00:01,0.47804993875255
2015-01-07 09:45:30,0.17952020162697
2015-01-07 15:07:15,0.11695593517144
2015-01-07 17:16:52,0.20922686284803
2015-01-08 08:50:56,0.17073622669072
2015-01-08 16:19:47,0.17210006812937
2015-01-09 09:08:07,0.15097358944569
2015-01-09 16:58:31,0.12802865551048
2015-01-11 17:24:01,0.20688063753787
2015-01-12 09:50:15,0.11500161832066
2015-01-12 15:53:21,0.033035270402728
2015-01-12 17:04:28,0.19370206241043
2015-01-13 10:10:14,0.1947994060967
2015-01-13 13:46:41,0.11030394225422
2015-01-13 17:26:08,0.19440749763731
2015-01-14 09:33:37,0.053398833952148
2015-01-14 15:04:15,0.094669407447996
2015-01-14 17:11:47,0.23327959136175
2015-01-15 08:57:02,0.51483707947308
2015-01-15 17:06:52,0.11558164284055
2015-01-16 13:44:21,0.1276576488356
2015-01-16 13:46:05,0.12990459066938
2015-01-18 10:02:28,0.16478444355426
2015-01-19 09:29:47,0.091366925496948
2015-01-19 17:23:26,0.17848033784808
2015-01-20 10:12:01,0.11293756710126
2015-01-20 17:15:26,0.23201503339948
2015-01-21 09:08:17,0.19354007358055
2015-01-21 17:12:11,0.48297753444849
2015-01-22 09:13:35,0.13258001908542
2015-01-22 17:33:06,0.22448516553325
2015-01-23 16:50:09,0.15987252419669
2015-01-25 12:06:55,0.10277407438799
2015-01-26 09:10:54,0.11346533715989
2015-01-26 14:12:15,0.20129986107629
2015-01-26 16:46:02,0.11330857377614
2015-01-27 09:03:16,0.07736795532787
2015-01-27 16:59:19,0.10981275031846
2015-01-28 10:25:16,0.51987963498378
2015-01-28 17:47:09,0.11798012261196
2015-01-29 09:17:31,0.064346143584182
2015-01-29 13:59:26,0.10447234437864
2015-01-30 10:32:00,0.09291365754997
2015-01-30 16:07:37,0.12190965809801
2015-01-30 16:07:37,0.12650282524196
2015-01-30 16:58:48,0.13064137857302
2015-01-31 12:02:47,2.9764454655198
2015-02-01 12:54:59,0.14847060075177
2015-02-02 13:26:42,0.1175725378142
2015-02-02 17:01:40,0.0083711646923712
2015-02-02 20:00:02,0.10514642692877
2015-02-02 20:30:01,0.083194327757329
2015-02-03 10:05:26,0.18113486447962
2015-02-03 16:47:18,0.092741217827843
2015-02-04 16:14:01,0.12723438769947
2015-02-04 19:00:02,0.074373774698202
2015-02-04 21:00:01,0.091168358544195
2015-02-05 10:21:50,0.13172827136703
2015-02-05 13:31:48,0.53944370527606
2015-02-06 09:11:21,0.066169824281833
2015-02-06 16:12:03,0.2002390955129
2015-02-07 17:01:16,2.9948599376646
2015-02-08 17:40:01,0.1607294973612
2015-02-09 11:58:26,0.16434550607975
2015-02-09 16:55:19,0.16028010899445
2015-02-10 10:54:16,0.066122795266707
2015-02-10 17:07:05,0.19252111158616
2015-02-11 10:42:04,0.064367045368682
2015-02-11 16:52:35,0.0742274622067
2015-02-11 16:52:59,0.064863462750564
2015-02-12 08:57:02,0.061001858064133
2015-02-12 13:33:27,0.15716051765778
2015-02-12 17:09:10,0.18626102712832
2015-02-13 12:38:55,0.084490238396348
2015-02-13 14:38:50,0.18427535760079
2015-02-13 16:53:05,0.12118854653275
2015-02-14 17:38:41,2.9951473372015
2015-02-15 16:16:31,0.24477557283692
2015-02-16 11:19:37,0.15865499524955
2015-02-16 16:58:36,0.096446059130521
2015-02-17 08:45:07,0.20400664216908
2015-02-17 17:07:37,0.26173737095891
2015-02-18 09:38:13,0.065370331024696
2015-02-18 17:14:23,0.048340602103075
2015-02-19 10:24:39,0.11427528130928
2015-02-19 17:10:42,0.14514721701623
2015-02-20 13:06:45,0.21285854790496
2015-02-20 16:38:53,0.12857210190749
2015-02-21 16:28:13,3.010248876503
2015-02-22 13:02:36,0.16968591201958
2015-02-23 11:01:26,0.17885656996909
2015-02-23 15:15:38,0.13958734233915
2015-02-23 18:04:09,0.030312812971564
2015-02-24 09:16:35,0.073151020304934
2015-02-24 14:53:40,0.10425810108751
2015-02-24 17:28:42,0.13507255688708
2015-02-25 08:59:11,0.10132140036522
2015-02-25 13:49:20,0.16391179405137
2015-02-25 17:40:14,0.12653940336483
2015-02-26 10:05:14,0.11172526360024
2015-02-26 16:14:44,0.07183943332754
2015-02-27 09:10:25,0.15778757119278
2015-02-27 14:03:44,0.16095419154458
2015-02-27 17:13:44,0.046469892390298
2015-02-28 17:03:53,3.010248876503
2015-03-01 15:29:43,0.1433914671182
2015-03-02 09:32:29,0.12153865142313
2015-03-02 18:38:45,0.098661648287553
2015-03-02 21:06:02,0.061351962954513
2015-03-03 07:42:53,0.0569521373172
2015-03-03 10:08:47,0.20933659721666
2015-03-03 16:24:22,0.042947941701997
2015-03-04 13:24:53,0.13050551697376
2015-03-06 10:29:03,0.064706699366812
2015-03-06 17:29:57,0.19127222996227
2015-03-08 17:24:09,0.053357030383147
2015-03-09 16:54:53,0.11338173002189
2015-03-10 17:35:29,0.07390870999307
2015-03-11 11:24:00,0.07631764065673
2015-03-12 09:23:19,0.044985865690776
2015-03-13 14:51:33,0.15160064298069
2015-03-16 13:22:16,0.058791494353226
2015-03-16 17:55:16,0.10709551833343
2015-03-17 10:17:37,0.021523612589187
2015-03-17 14:51:56,0.14938505382366
2015-03-17 16:48:08,0.037654564777295
2015-03-18 16:42:45,0.035287437682636
2015-03-19 08:56:04,0.081548312227931
2015-03-20 17:04:15,0.11091531945086
2015-03-20 20:00:01,0.010968211416534
2015-03-22 17:11:50,0.13063092768077
2015-03-23 09:34:59,0.08358623621671
2015-03-23 17:21:47,0.062026045504648
2015-03-24 09:28:43,0.062632197255157
2015-03-26 09:09:55,0.22528988423651
2015-03-26 15:57:56,0.036771464382157
2015-03-27 08:47:35,0.15125576353644
2015-03-27 13:06:36,0.075314355000715
2015-03-29 15:48:20,0.079792562329905
2015-03-30 08:22:14,0.14471350498785
2015-03-30 13:58:00,0.059476027795611
2015-03-31 09:21:29,0.14819887755327
2015-03-31 16:12:45,0.30726145760057
2015-04-01 09:28:44,0.060641302281503
2015-04-01 12:36:11,0.17485910368341
2015-04-02 08:14:34,0.040596490945713
2015-04-03 09:25:08,0.12530097263319
2015-04-03 15:49:27,0.086559515061878
2015-04-06 15:38:33,0.09462237843287
2015-04-07 08:40:25,0.049871657817722
2015-04-08 07:55:19,0.24737784500721
2015-04-08 15:44:46,0.02624219044013
2015-04-09 15:38:27,0.051272077379242
2015-04-10 12:27:36,0.047060367802431
2015-04-10 16:03:37,0.046417637929047
2015-04-13 08:04:41,0.048565296286453
2015-04-13 15:50:22,0.037220852748914
2015-04-14 08:13:58,0.086120577587372
2015-04-14 15:55:13,0.058049481003465
2015-04-15 12:17:09,0.087897229269898
2015-04-15 15:48:52,0.071473652098785
2015-04-16 16:19:58,0.068333158977614
2015-04-17 08:03:53,0.082891251882075
2015-04-17 12:36:15,0.06494184444244
2015-04-18 14:51:59,0.052620242479512
2015-04-19 14:56:07,0.08428644599747
2015-04-19 15:42:39,0.091460983527199
2015-04-20 02:30:01,0.042801629210495
2015-04-20 15:56:47,0.13961346956977
2015-04-20 18:48:56,0.045126952736153
2015-04-21 12:36:24,0.41337459206248
2015-04-21 16:19:09,0.033286091816732
2015-04-22 15:43:35,0.099738090189319
2015-04-22 16:33:47,0.093817659729608
2015-04-23 08:03:42,0.075006053679336
2015-04-23 17:01:46,0.089673880952423
2015-04-24 08:53:38,0.032335060621968
2015-04-26 15:50:29,0.12562495029294
2015-04-27 08:05:25,0.012264122055553
2015-04-27 12:31:23,0.037696368346296
2015-04-28 15:56:57,0.08844590111303
2015-04-29 16:24:41,0.077394082558495
2015-04-30 09:51:48,0.052029767067378
2015-04-30 12:24:24,0.12386397494879
2015-05-01 15:34:08,0.16676488763566
2015-05-01 20:24:54,0.051110088549365
2015-05-03 15:15:00,0.028295790767285
2015-05-04 07:58:44,0.14459854517309
2015-05-04 15:58:15,0.014657376380837
2015-05-05 08:56:18,0.035360593928387
2015-05-05 16:05:08,0.077252995513118
2015-05-06 08:04:13,0.057297016761455
2015-05-06 16:00:02,0.11837203107134
2015-05-07 15:36:52,0.043005421609373
2015-05-07 17:19:25,0.082264198347066
2015-05-08 12:34:18,0.076819283484737
2015-05-08 16:38:02,0.028515259504538
2015-05-10 09:24:00,0.02139297643606
2015-05-10 18:57:40,0.084323024120346
2015-05-11 13:42:19,0.018231581530389
2015-05-12 15:45:41,0.12873931618349
2015-05-13 13:52:42,0.060500215236126
2015-05-13 15:45:36,0.026905822098015
2015-05-14 16:07:14,0.033704127506738
2015-05-14 20:23:37,0.085394240575986
2015-05-15 08:17:34,0.041192191803971
2015-05-17 07:44:47,0.027794147939277
2015-05-18 12:20:38,0.024575273126231
2015-05-18 15:57:39,0.053675782596777
2015-05-19 09:47:54,0.054621588345416
2015-05-19 15:59:57,0.041751314539354
2015-05-20 15:39:24,0.1516424465497
2015-05-21 08:19:24,0.062067849073649
2015-05-21 15:33:40,0.017897152978384
2015-05-22 13:34:24,0.027475395725648
2015-05-22 15:23:22,0.055854793630934
2015-05-23 10:09:51,0.094037128466861
2015-05-24 08:32:14,0.065871973852704
2015-05-25 15:09:35,0.15486654680887
2015-05-27 08:13:25,0.073955739008196
2015-05-27 16:01:44,0.24644771559694
2015-05-28 12:53:56,0.04729551287806
2015-05-28 15:18:57,0.059267009950608
2015-05-29 14:03:17,0.11903566272922
2015-05-29 15:05:18,0.049819403356471
2015-05-31 11:34:00,0.052400773742259
2015-05-31 14:11:32,0.02730295600352
2015-06-01 08:10:21,0.023467478547715
2015-06-01 14:50:06,0.050937648827237
2015-06-02 12:12:43,0.13285696773005
2015-06-02 16:08:01,0.21519954776899
2015-06-03 12:45:33,0.061362413846763
2015-06-04 12:33:00,0.018508530175018
2015-06-04 15:19:33,0.076463953148232
2015-06-05 07:44:25,0.15443806022661
2015-06-05 15:39:38,0.055227740095925
2015-06-07 15:47:21,0.093545936531104
2015-06-08 09:22:06,0.11018375699335
2015-06-09 10:03:11,0.084882146855729
2015-06-09 15:46:19,0.047112622263682
2015-06-10 10:18:40,0.051491546116495
2015-06-10 16:53:28,0.027909107754029
2015-06-10 18:37:32,0.54359270949937
2015-06-10 19:06:04,0.11535694865717
2015-06-11 12:58:21,0.044384939386393
2015-06-12 14:27:07,0.11045548019185
2015-06-12 15:51:19,0.089950829597052
2015-06-14 13:20:18,0.13723589158286
2015-06-15 09:31:57,0.065819719391453
2015-06-15 16:14:15,0.093801983391233
2015-06-16 09:11:31,0.13602881352797
2015-06-16 16:12:03,0.099105811208185
2015-06-17 07:54:29,0.069796283892635
2015-06-17 16:01:03,0.047755352137066
2015-06-18 12:03:51,0.062611295470656
2015-06-18 16:23:26,0.11017853154722
2015-06-19 10:21:29,0.063024105714537
2015-06-19 16:11:21,0.046950633433805
2015-06-21 16:27:44,0.1447239558801
2015-06-22 08:31:33,0.060494989790001
2015-06-22 17:00:08,0.079729856976404
2015-06-23 07:57:38,0.026895371205764
2015-06-24 08:34:36,0.066352714896211
2015-06-24 15:59:32,0.023984797714097
2015-06-25 15:30:48,0.077509042373247
2015-06-25 16:49:48,0.070851824009901
2015-06-28 15:23:48,0.036452712168528
2015-06-28 18:24:03,0.13497849885683
2015-06-30 07:57:04,0.050838365350861
2015-06-30 16:02:50,0.19630433458072
2015-07-01 16:04:35,0.056006331568561
2015-07-02 07:55:09,0.088984122063913
2015-07-03 14:17:36,0.16903795670007
2015-07-06 15:49:30,0.026769960498763
2015-07-07 08:26:54,0.04351751532963
2015-07-07 15:41:00,0.069848538353886
2015-07-09 08:01:30,0.040350894977834
2015-07-09 16:05:09,0.054036338379407
2015-07-10 08:45:29,0.038542890618558
2015-07-10 15:56:32,0.04561814467191
2015-07-11 18:22:58,0.023326391502338
2015-07-12 13:48:01,0.031917024931962
2015-07-12 17:55:41,0.048084555242946
2015-07-13 12:20:17,0.045994376792916
2015-07-14 10:03:36,0.03659902466003
2015-07-14 16:55:47,0.02386461245322
2015-07-15 14:00:42,0.19384837490193
2015-07-16 08:41:40,0.078919912827018
2015-07-16 15:53:21,0.038804162924812
2015-07-17 08:08:00,0.04664755755855
2015-07-17 15:27:08,0.081219109122051
2015-07-19 15:06:33,0.08254637243782
2015-07-20 15:57:41,0.029147538485672
2015-07-21 12:40:47,0.04350706443738
2015-07-21 15:50:07,0.063285378020791
2015-07-22 16:09:30,0.052191755897256
2015-07-23 08:17:35,0.07459846888158
2015-07-23 15:27:40,0.080649535494418
2015-07-24 08:04:13,0.059319264411859
2015-07-24 13:47:30,0.040502432915461
2015-07-24 15:28:36,0.023556311131841
2015-07-27 14:52:17,0.03732013622529
2015-07-27 16:10:29,0.022380585753699
2015-07-28 08:14:20,0.027590355540399
2015-07-28 16:40:43,0.03281057621935
2015-07-29 08:16:29,0.089057278309664
2015-07-29 16:01:05,0.049965715847973
2015-07-30 08:00:37,0.049322985974589
2015-07-30 15:24:47,0.055468110617678
2015-07-31 10:21:02,0.014197537121831
2015-07-31 14:59:18,0.046814771834553
2015-08-02 08:58:01,0.061524402676641
2015-08-03 12:38:31,0.065986933667455
2015-08-03 16:16:56,0.052604566141137
2015-08-04 08:33:02,0.05179462199175
2015-08-05 07:42:50,0.30780490399758
2015-08-06 08:21:24,0.039608881628073
2015-08-06 15:41:29,0.041275798941973
2015-08-07 08:08:50,0.029837297374182
2015-08-07 15:36:28,0.018566010082394
2015-08-09 13:41:32,0.066812554155217
2015-08-10 09:54:09,0.030715172323195
2015-08-10 13:16:28,0.024104982974974
2015-08-11 16:25:29,0.019861920721413
2015-08-12 08:07:19,0.085467396821737
2015-08-12 15:46:15,0.048466012810077
2015-08-13 07:20:40,0.097397090325285
2015-08-13 15:40:05,0.026205612317254
2015-08-14 07:45:13,0.02899077510192
2015-08-14 12:44:11,0.033066623079479
2015-08-14 16:03:57,0.13353627572631
2015-08-15 13:32:00,0.029518545160552
2015-08-16 13:54:03,0.093007715580222
2015-08-17 09:28:29,0.085425593252737
2015-08-18 07:46:15,0.082342580038942
2015-08-19 12:24:26,0.028118125599032
2015-08-19 16:38:41,0.045106050951653
2015-08-20 08:02:59,0.045309843350531
2015-08-20 16:02:10,0.026378052039382
2015-08-21 15:53:47,0.026534815423134
2015-08-23 09:30:44,0.09184244109433
2015-08-24 10:14:44,0.044405841170893
2015-08-24 15:52:09,0.068808674574996
2015-08-25 08:21:02,0.042336564505363
2015-08-25 16:12:56,0.11068539982135
2015-08-26 08:18:37,0.14828248469127
2015-08-26 12:26:18,0.037931513421924
2015-08-27 08:07:00,0.033777283752489
2015-08-27 15:21:23,0.019109456479402
2015-08-28 12:20:33,0.078940814611518
2015-08-28 15:03:03,0.055347925356801
2015-08-29 16:09:20,0.027527650186899
2015-08-30 15:09:24,0.01794418199351
2015-08-30 15:44:26,0.065375556470821
2015-08-31 15:08:14,0.23065641740696
2015-09-01 08:03:11,0.037461223270667
2015-09-01 15:55:07,0.060886898249381
2015-09-02 07:44:22,0.044243852341016
2015-09-02 16:18:26,0.056946911871074
2015-09-03 12:14:19,0.034717864055003
2015-09-03 16:54:04,0.021492259912436
2015-09-04 07:50:52,0.08946486310742
2015-09-04 16:12:23,0.18947990194137
2015-09-05 11:04:41,0.050362849753479
2015-09-05 22:24:31,0.01798598556251
2015-09-06 13:50:02,0.032935986926352
2015-09-06 17:50:50,0.041892401584731
2015-09-07 11:40:06,0.043606347913756
2015-09-07 16:03:00,0.046584852205049
2015-09-08 07:54:25,0.047091720479182
2015-09-08 16:12:16,0.077273897297619
2015-09-09 15:28:52,0.091769284848579
2015-09-09 16:10:46,0.080534575679666
2015-09-10 10:04:13,0.048800441362082
2015-09-10 15:57:42,0.075047857248336
2015-09-10 19:30:00,0.12182605096001
2015-09-11 08:12:54,0.031154109797701
2015-09-11 16:05:49,0.076228808072604
2015-09-12 10:23:26,0.051036932303614
2015-09-12 18:45:45,0.12469482088268
2015-09-13 13:54:25,0.024340128050602
2015-09-13 17:48:44,0.060594273266377
2015-09-14 08:21:31,0.041233995372972
2015-09-14 15:44:01,0.017343255689126
2015-09-14 16:33:02,0.037241754533414
2015-09-15 08:21:24,0.044630535354271
2015-09-15 15:37:46,0.043883296558385
2015-09-16 07:56:44,0.042054390414609
2015-09-17 08:04:40,0.024371480727353
2015-09-17 16:13:52,0.035914491217645
2015-09-18 08:48:24,0.057897943065838
2015-09-18 11:40:21,0.027052134589517
2015-09-18 16:01:56,0.039530499936197
2015-09-19 14:06:14,0.03076220133832
2015-09-19 21:28:52,0.038365225450305
2015-09-20 16:31:05,0.05077565999736
2015-09-20 20:27:27,0.02865112110379
2015-09-21 08:27:04,0.0483249257647
2015-09-21 11:42:48,0.011422825229415
2015-09-22 08:02:19,0.036776689828282
2015-09-22 11:54:10,0.075596529091469
2015-09-22 15:53:41,0.02519187576899
2015-09-23 08:24:10,0.038741457571311
2015-09-23 12:10:31,0.11824662036434
2015-09-23 16:02:00,0.030997346413949
2015-09-24 08:15:36,0.031509440134206
2015-09-24 14:58:37,0.047211905740059
2015-09-25 08:14:42,0.04214844844486
2015-09-25 12:10:35,0.056079487814312
2015-09-26 14:35:48,0.057741179682086
2015-09-27 16:09:22,0.068322708085364
2015-09-28 07:52:42,0.033024819510478
2015-09-28 12:00:23,0.022798621443705
2015-09-28 15:01:52,0.024465538757604
2015-09-29 07:10:24,0.066222078743084
2015-09-29 15:34:03,0.053968407579781
2015-09-30 09:36:52,0.097553853709037
2015-09-30 15:37:53,0.065156087733568
2015-10-01 07:57:09,0.047980046320445
2015-10-01 16:20:06,0.028713826457291
2015-10-02 16:57:13,0.06454993598306
2015-10-03 09:58:37,0.071886462342666
2015-10-04 09:32:03,0.044714142492272
2015-10-04 20:01:12,0.03243956954447
2015-10-05 08:05:53,0.048513041825202
2015-10-05 16:15:42,0.20944110613916
2015-10-06 08:02:55,0.05246347909576
2015-10-06 16:02:04,0.03657812287553
2015-10-07 08:16:42,0.024230393681976
2015-10-07 15:25:49,0.10263298734261
2015-10-08 07:59:46,0.05039420243023
2015-10-08 15:57:20,0.10006206784907
2015-10-08 19:30:00,0.0046401961590672
2015-10-09 08:33:10,0.044301332248391
2015-10-09 15:37:08,0.031075728105825
2015-10-11 09:14:33,0.037790426376547
2015-10-12 07:58:41,0.060296422837248
2015-10-12 15:29:19,0.04625564909917
2015-10-13 08:24:35,0.075141915278588
2015-10-13 15:30:06,0.051512447900996
2015-10-13 22:05:00,0.077441111573621
2015-10-14 15:00:01,0.06287256777691
2015-10-14 16:31:20,0.023263686148837
2015-10-15 08:05:55,0.076406473240856
2015-10-15 10:48:25,0.020081389458666
2015-10-15 15:25:21,0.02831146710566
2015-10-16 07:43:59,0.048157711488697
2015-10-16 12:05:27,0.020180672935042
2015-10-16 16:11:20,0.041338504295473
2015-10-18 14:26:28,0.025777125734998
2015-10-18 16:06:29,0.082274649239316
2015-10-19 09:02:18,0.016669173138991
2015-10-19 15:53:35,0.026440757392883
2015-10-20 08:05:31,0.019140809156152
2015-10-20 15:58:20,0.032188748130466
2015-10-21 08:22:53,0.043010647055498
2015-10-21 16:44:28,0.014563318350586
2015-10-22 07:59:37,0.042697120287993
2015-10-22 15:54:16,0.019841018936912
2015-10-23 08:14:57,0.034660384147627
2015-10-23 15:20:40,0.032241002591717
2015-10-25 13:42:59,0.044588731785271
2015-10-26 09:30:08,0.15841985017392
2015-10-26 13:29:44,0.033928821690116
2015-10-27 10:14:19,0.0092699414258842
2015-10-28 09:13:08,0.037612761208295
2015-10-28 12:28:00,0.032214875361091
2015-10-28 16:57:47,0.032544078466971
2015-10-29 08:50:25,0.030156049587812
2015-10-29 16:27:42,0.034226672119246
2015-10-30 09:59:27,0.076516207609483
2015-10-30 16:17:50,0.033286091816732
2015-11-01 16:04:13,0.02902212777867
2015-11-02 09:12:35,0.075727165244596
2015-11-02 17:00:41,0.036452712168528
2015-11-03 09:21:09,0.015415066068973
2015-11-03 17:04:34,0.029967933527309
2015-11-04 16:35:42,0.011151102030911
2015-11-05 09:04:36,0.018012112793136
2015-11-05 14:02:23,1.2933658467558
2015-11-05 17:32:16,0.034090810519994
2015-11-06 08:56:25,0.021267565729058
2015-11-06 16:47:30,0.037795651822672
2015-11-08 13:22:59,0.038114404036302
2015-11-09 09:06:53,0.061649813383643
2015-11-09 14:39:14,0.029100509470546
2015-11-09 16:24:54,0.076108622811727
2015-11-10 10:08:49,0.075262100539465
2015-11-10 16:50:25,0.022756817874704
2015-11-11 09:27:02,0.0078381691876135
2015-11-11 15:35:24,0.040690548975964
2015-11-12 09:26:55,0.019600648415159
2015-11-12 16:42:35,0.015127666532094
2015-11-13 09:16:20,0.018100945377262
2015-11-13 16:21:06,0.047180553063308
2015-11-16 09:25:02,0.017374608365877
2015-11-16 16:46:06,0.027924784092404
2015-11-17 08:56:40,0.023488380332215
2015-11-17 16:22:46,0.050388976984105
2015-11-18 08:59:06,0.019882822505913
2015-11-18 16:37:46,0.032909859695726
2015-11-19 09:19:21,0.050869718027611
2015-11-19 16:35:38,0.030699495984819
2015-11-20 08:50:20,0.007043901376602
2015-11-20 12:33:12,0.027966587661405
2015-11-22 15:24:47,0.05114666667224
2015-11-23 10:12:31,0.029178891162422
2015-11-23 16:40:50,0.10245009672823
2015-11-24 08:48:53,0.026816989513888
2015-11-24 16:58:24,0.021408652774435
2015-11-25 08:56:51,0.013434621987569
2015-11-25 16:17:19,0.053827320534404
2015-11-26 09:28:35,0.013027037189814
2015-11-26 17:03:48,0.020776373793301
2015-11-27 08:54:02,0.03141015665783
2015-11-27 16:50:08,0.0058420487678346
2015-11-29 13:13:18,0.029555123283428
2015-11-30 09:04:10,0.033474207877235
2015-11-30 16:03:20,0.026069750718002
2015-12-01 09:31:10,0.023336842394588
2015-12-01 17:19:17,0.032695616404598
2015-12-02 09:00:50,0.035799531402893
2015-12-02 16:57:26,0.021905070156317
2015-12-03 09:00:25,0.025432246290743
2015-12-03 17:15:51,0.10483812560739
2015-12-04 08:54:38,0.030098569680436
2015-12-06 14:38:50,0.02898032420967
2015-12-07 09:14:54,0.60656978619878
2015-12-07 16:12:24,0.22049815013982
2015-12-08 08:51:34,0.022505996460701
2015-12-08 16:59:26,0.038391352680931
2015-12-09 09:20:13,0.17154094539398
2015-12-09 16:56:35,0.02764261000165
2015-12-10 10:05:00,0.020243378288543
2015-12-10 17:04:23,0.021168282252681
2015-12-11 08:55:48,0.030276234848688
2015-12-11 16:53:42,0.019490914046532
2015-12-12 10:08:45,0.036008549247896
2015-12-13 13:17:35,0.040659196299214
2015-12-14 09:03:15,0.050723405536109
2015-12-14 17:07:06,0.016407900832738
2015-12-15 08:50:16,0.028118125599032
2015-12-15 16:52:57,0.20959786952291
2015-12-16 09:24:25,0.037931513421924
2015-12-16 16:17:37,0.024157237436225
2015-12-17 09:04:03,0.016789358399868
2015-12-17 16:30:03,0.017071532490622
2015-12-18 09:03:25,0.0042012586845608
2015-12-18 16:30:04,0.019501364938782
2015-12-19 16:00:15,0.036693082690281
2015-12-21 13:14:38,0.22902607821594
2015-12-22 10:17:32,0.029173665716297
2015-12-22 15:54:21,0.029267723746549
2015-12-23 08:53:04,0.017552273534129
2015-12-23 16:00:08,0.013183800573566
2015-12-24 11:06:34,0.029257272854299
2015-12-24 17:25:33,0.12528007084869
2015-12-25 10:14:15,0.027046909143392
2015-12-25 17:47:40,0.022302204061823
2015-12-27 14:46:19,0.028076322030031
2015-12-28 09:15:02,0.026299670347506
2015-12-28 16:19:28,0.01620410843386
2015-12-29 08:47:45,0.010597204741653
2015-12-29 16:12:07,0.015639760252351
2015-12-30 09:07:00,0.023305489717837
2015-12-30 16:38:05,0.010283677974149
2015-12-31 15:40:36,0.029591701406303
2016-01-01 11:21:35,0.066577409079589
2016-01-01 15:00:29,0.020520326933172
2016-01-03 12:26:36,0.022829974120456
2016-01-04 09:26:21,0.0082927830004951
2016-01-04 17:00:07,0.030218754941312
2016-01-05 09:23:30,0.0092699414258842
2016-01-05 17:00:07,0.09049427599406
2016-01-06 10:42:04,0.024820869094109
2016-01-06 16:04:42,0.037947189760299
2016-01-06 18:54:44,0.023326391502338
2016-01-07 09:27:34,0.025834605642374
2016-01-07 16:52:36,0.03421099578087
2016-01-08 08:49:43,0.0032345511514218
2016-01-08 11:00:40,0.029189342054673
2016-01-08 15:55:39,0.025113494077114
2016-01-08 17:17:34,0.0054814929852044
2016-01-09 16:34:30,0.021737855880315
2016-01-10 13:19:26,0.021554965265937
2016-01-10 18:01:45,0.0064272987338431
2016-01-11 10:11:42,0.014349075059458
2016-01-11 12:53:34,0.011772930119795
2016-01-12 16:31:52,0.016799809292118
2016-01-12 22:11:20,0.0023566762024091
2016-01-13 14:04:13,0.010544950280403
2016-01-13 16:53:39,0.014531965673835
2016-01-14 09:06:27,0.023916866914471
2016-01-14 17:07:35,0.010320256097024
2016-01-15 08:57:24,0.010837575263407
2016-01-15 17:22:59,0.014369976843958
2016-01-16 12:09:46,0.025824154750124
2016-01-17 15:35:26,0.010079885575271
2016-01-18 09:23:02,0.015258302685221
2016-01-18 16:59:04,0.041160839127221
2016-01-19 09:00:04,0.013993744722953
2016-01-19 16:51:41,0.02553152976712
2016-01-20 09:00:04,0.044416292063143
2016-01-20 17:00:10,0.012128260456301
2016-01-21 09:00:01,0.015404615176723
2016-01-21 17:07:01,0.0056539327073319
2016-01-22 09:00:03,0.023718299961718
2016-01-22 13:00:05,0.020285181857544
2016-01-22 17:00:21,0.012102133225675
2016-01-24 17:00:04,0.045362097811782
2016-01-25 09:00:02,0.033887018121116
2016-01-25 17:00:03,0.013706345186073
2016-01-26 09:00:01,0.033427178862109
2016-01-27 09:00:06,0.032047661085089
2016-01-27 17:00:04,0.024470764203729
2016-01-28 08:56:05,0.10281065251086
2016-01-29 09:00:03,0.027198447081019
2016-01-29 17:00:08,0.073971415346571
2016-01-31 09:00:04,0.016820711076619
2016-02-01 09:00:04,0.025824154750124
2016-02-01 17:00:03,0.02624219044013
2016-02-02 08:50:31,0.017468666396128
2016-02-02 17:00:07,0.014673052719212
2016-02-03 09:00:05,0.010962985970409
2016-02-03 17:00:04,0.027532875633024
2016-02-04 09:00:04,0.09012326931918
2016-02-04 17:00:02,0.015550927668225
2016-02-05 09:00:08,0.01622501021836
2016-02-05 16:59:55,0.029016902332545
2016-02-07 09:00:05,0.018785478819647
2016-02-08 09:00:05,0.011893115380672
2016-02-08 17:00:04,0.069879891030637
2016-02-09 09:00:10,0.021612445173313
2016-02-09 17:00:05,0.019689480999285
2016-02-10 13:15:29,0.032068562869589
2016-02-11 09:00:04,0.018147974392388
2016-02-11 17:00:04,0.079395428424399
2016-02-12 09:00:16,0.022171567908696
2016-02-14 13:00:03,0.023671270946593
2016-02-15 10:45:02,0.030929415614323
2016-02-15 16:43:32,0.027135741727518
2016-02-16 16:36:36,0.045085149167153
2016-02-17 16:50:05,0.025103043184863
2016-02-18 08:42:31,0.024376706173478
2016-02-18 16:57:04,0.049667865418844
2016-02-19 09:00:06,0.02658184443826
2016-02-19 16:46:35,0.027417915818272
2016-02-21 17:00:03,0.025662165920247
2016-02-22 09:18:48,0.0059152050135856
2016-02-22 16:57:38,0.034284152026621
2016-02-23 09:05:16,0.0077754638341126
2016-02-23 17:00:05,0.019443885031406
2016-02-24 08:55:35,0.0064534259644684
2016-02-24 16:59:56,0.17537119740366
2016-02-25 08:56:18,0.01899449666465
2016-02-25 17:00:05,0.075366609461966
2016-02-26 08:39:50,0.017123786951873
2016-02-26 16:28:20,0.013042713528189
2016-02-27 09:00:15,0.0053351804937022
2016-02-27 17:00:13,0.0076134750042352
2016-02-28 09:00:17,0.046699812019801
2016-02-28 17:00:03,0.027491072064023
2016-02-29 09:15:19,0.0060249393822122
2016-02-29 17:00:09,0.038208462066553
2016-03-01 08:34:13,0.0050791336335735
2016-03-01 13:26:05,0.0087160441366262
2016-03-01 17:09:35,0.018487628390518
2016-03-01 21:00:03,0.031488538349706
2016-03-02 08:52:44,0.010168718159397
2016-03-02 17:00:05,0.024507342326605
2016-03-03 09:08:02,0.0047969595428194
2016-03-03 17:00:03,0.029534221498928
2016-03-04 09:31:01,0.0074305843898576
2016-03-04 17:34:47,0.011156327477037
2016-03-04 20:00:02,0.022051382647819
2016-03-05 09:00:25,0.0072842718983555
2016-03-05 17:00:02,0.025291159245366
2016-03-06 17:00:03,0.024146786543975
2016-03-07 11:31:58,0.01695657267587
2016-03-07 14:00:06,0.028483906827787
2016-03-07 21:00:00,0.055065751266047
2016-03-08 09:55:27,0.0241938155591
2016-03-08 17:00:27,0.016026443265607
2016-03-08 21:00:06,0.011590039505418
2016-03-09 08:52:26,0.014432682197459
2016-03-10 09:00:24,0.014882070564215
2016-03-10 14:01:22,0.008151695955118
2016-03-10 17:00:50,0.043658602375007
2016-03-10 21:00:23,0.0091340798266322
2016-03-11 08:38:10,0.0072685955599802
2016-03-11 12:42:03,0.010842800709532
2016-03-11 17:00:30,0.024726811063858
2016-03-12 13:00:23,0.012849372021561
2016-03-12 21:00:07,0.0059622340287113
2016-03-13 09:00:03,0.02524413023024
2016-03-14 08:57:04,0.064482005183434
2016-03-14 16:09:40,0.018539882851768
2016-03-15 08:55:02,0.01759407710313
2016-03-15 13:09:39,0.005664383599582
2016-03-16 08:44:04,0.01382653044695
2016-03-16 17:01:30,0.0069811960231011
2016-03-17 09:00:03,0.012420885439305
2016-03-17 16:54:05,0.10149384008734
2016-03-18 08:51:59,0.01312632066619
2016-03-18 17:00:04,0.022986737504208
2016-03-19 17:00:02,0.00932742133326
2016-03-20 13:00:04,0.015587505791101
2016-03-21 08:52:04,0.0024768614632859
