2009-10-30 21:59:27,37
2009-11-03 22:36:44,33
2009-11-04 16:57:03,7
2009-11-04 17:04:28,7
2009-11-04 17:43:43,18
2009-11-05 19:50:03,24
2009-11-06 23:10:26,16
2009-11-07 19:43:46,21
2009-11-08 22:57:46,18
2009-11-09 21:25:59,20
2009-11-10 23:45:11,12
2009-11-11 23:33:07,32
2009-11-12 22:36:07,11
2009-11-12 22:41:15,22
2009-11-13 21:01:41,9
2009-11-16 22:23:39,12
2009-11-18 23:31:48,7
2009-11-20 20:01:12,13
2009-11-20 20:44:37,18
2009-11-24 00:56:44,7
2010-06-08 22:10:53,204
2010-06-10 01:37:48,256
2010-06-10 14:45:20,56
2010-06-11 22:44:23,291
2010-06-14 18:39:51,133
2010-06-15 13:40:10,170
2010-06-16 21:55:08,608
2010-06-17 18:41:25,74
2010-06-21 15:29:36,178
2010-06-21 22:03:53,71
2010-06-22 16:04:05,84
2010-06-23 16:09:23,131
2010-06-24 20:46:52,151
2010-06-25 15:23:17,282
2010-06-28 17:35:18,95
2010-06-29 17:30:14,122
2010-06-30 15:55:00,406
2010-07-02 20:20:45,217
2010-07-06 17:33:46,149
2010-07-07 14:07:55,177
2010-07-08 23:08:41,362
2010-07-09 15:00:44,369
2010-07-12 20:13:22,264
2010-07-13 20:15:33,172
2010-07-14 22:33:02,49
2010-07-15 17:10:36,115
2010-07-19 18:33:41,86
2010-07-20 14:26:27,172
2010-07-21 16:22:27,281
2010-07-22 18:54:07,226
2010-07-23 16:38:53,377
2010-07-26 18:30:51,83
2010-07-27 17:38:02,227
2010-07-29 19:50:33,100
2010-07-30 13:17:38,168
2010-08-02 19:10:01,89
2010-08-03 16:00:25,378
2010-08-04 15:50:55,95
2010-08-05 15:51:47,171
2010-08-06 18:41:38,132
2010-08-09 16:00:33,565
2010-08-10 15:22:16,479
2010-08-11 15:56:36,209
2010-08-12 16:21:47,225
2010-08-13 14:56:11,175
2010-08-15 22:21:10,217
2010-08-16 13:52:27,202
2010-08-17 15:02:52,320
2010-08-18 13:05:30,91
2010-08-19 14:04:32,242
2010-08-20 13:27:22,79
2010-08-21 22:51:00,215
2010-08-23 20:06:51,273
2010-08-24 16:28:23,136
2010-08-25 16:30:23,410
2010-08-26 17:42:21,40
2010-08-26 21:14:17,203
2010-08-30 18:13:21,96
2010-08-31 16:54:23,252
2010-09-01 17:57:34,70
2010-09-02 13:14:40,737
2010-09-02 20:31:31,76
2010-09-03 12:37:59,164
2010-09-03 16:51:41,84
2010-09-05 02:51:38,100
2010-09-05 17:54:26,292
2010-09-07 19:17:24,126
2010-09-08 18:21:02,279
2010-09-09 17:54:07,204
2010-09-10 14:28:03,150
2010-09-13 18:35:57,107
2010-09-14 16:32:40,190
2010-09-15 15:46:27,161
2010-09-16 16:05:34,159
2010-09-18 15:02:10,256
2010-09-20 16:37:46,308
2010-09-21 15:34:57,383
2010-09-22 16:08:21,106
2010-09-23 21:15:15,102
2010-09-23 22:00:14,71
2010-09-24 17:57:43,199
2010-09-27 15:00:19,83
2010-09-28 13:32:08,66
2010-09-28 19:48:49,57
2010-09-29 12:20:03,178
2010-09-30 14:00:12,125
2010-10-01 20:10:15,577
2010-10-03 17:48:16,269
2010-10-04 15:16:15,793
2010-10-05 14:39:40,392
2010-10-06 13:08:12,170
2010-10-07 14:05:29,224
2010-10-08 15:49:41,364
2010-10-08 22:43:38,446
2010-10-12 17:51:22,264
2010-10-13 15:03:18,227
2010-10-14 13:22:29,276
2010-10-18 20:58:06,321
2010-10-19 15:49:50,215
2010-10-20 13:30:55,375
2010-10-20 14:12:04,185
2010-10-21 15:36:20,226
2010-10-22 15:32:22,329
2010-10-25 16:00:54,106
2010-10-25 21:42:47,129
2010-10-26 16:00:07,205
2010-10-27 14:31:31,300
2010-10-28 14:56:53,420
2010-10-28 15:13:56,361
2010-10-29 13:14:00,199
2010-11-01 15:53:40,207
2010-11-02 18:29:51,1144
2010-11-03 03:46:43,837
2010-11-03 21:13:56,116
2010-11-04 21:39:11,328
2010-11-05 21:35:13,114
2010-11-08 14:29:18,286
2010-11-09 18:11:22,418
2010-11-10 17:43:15,125
2010-11-11 16:35:52,268
2010-11-12 12:52:46,370
2010-11-12 18:05:00,455
2010-11-15 19:40:20,222
2010-11-16 18:16:49,320
2010-11-17 17:12:28,151
2010-11-18 15:01:16,1186
2010-11-19 15:10:37,118
2010-11-19 15:12:34,1193
2010-11-22 23:11:22,291
2010-11-24 15:45:26,516
2010-11-29 16:33:18,289
2010-11-30 16:04:01,581
2010-12-01 17:22:51,251
2010-12-02 19:54:11,502
2010-12-03 17:36:07,317
2010-12-06 16:53:43,412
2010-12-07 20:33:08,515
2010-12-08 15:36:38,266
2010-12-09 19:16:05,298
2010-12-10 20:32:50,241
2010-12-13 17:21:38,310
2010-12-14 18:40:29,379
2010-12-15 13:59:54,678
2010-12-16 16:14:23,255
2010-12-17 22:52:18,207
2010-12-18 16:12:39,364
2010-12-20 17:05:40,394
2010-12-21 19:23:36,729
2010-12-22 16:40:24,202
2010-12-23 18:52:30,332
2010-12-27 15:16:14,455
2010-12-29 18:39:12,311
2010-12-30 18:53:20,353
2010-12-31 15:53:41,336
2011-01-03 17:07:31,338
2011-01-04 17:59:24,157
2011-01-05 17:56:00,272
2011-01-06 18:24:33,353
2011-01-07 18:40:56,370
2011-01-10 17:03:54,1746
2011-01-11 17:07:41,568
2011-01-12 23:19:30,1112
2011-01-13 18:21:29,185
2011-01-14 16:15:52,189
2011-01-18 21:40:06,192
2011-01-19 11:58:46,235
2011-01-20 12:40:52,381
2011-01-21 12:25:01,518
2011-01-24 17:28:47,1115
2011-01-25 15:45:53,234
2011-01-25 22:25:52,215
2011-01-26 21:03:42,304
2011-01-27 15:43:59,192
2011-01-28 15:13:28,201
2011-01-31 19:27:47,1130
2011-02-01 17:15:16,1161
2011-02-02 17:57:59,552
2011-02-03 16:34:55,547
2011-02-04 18:07:39,398
2011-02-07 01:55:15,667
2011-02-07 17:18:00,426
2011-02-08 16:13:13,289
2011-02-09 15:17:07,598
2011-02-09 16:51:21,194
2011-02-10 17:22:00,722
2011-02-10 21:58:28,739
2011-02-11 14:31:52,340
2011-02-14 16:46:57,378
2011-02-15 16:10:55,306
2011-02-16 17:32:34,287
2011-02-17 15:26:19,732
2011-02-18 16:27:17,277
2011-02-19 23:49:17,495
2011-02-20 07:54:24,0
2011-02-21 00:27:46,417
2011-02-23 14:48:38,0
2011-02-23 15:15:07,316
2011-02-24 17:15:25,912
2011-02-25 19:02:20,626
2011-02-28 18:27:34,603
2011-03-01 16:40:13,329
2011-03-03 17:50:41,278
2011-03-04 16:08:30,176
2011-03-07 16:42:05,249
2011-03-08 17:22:27,146
2011-03-09 17:53:13,518
2011-03-10 15:53:49,230
2011-03-11 18:48:33,430
2011-03-14 16:40:55,231
2011-03-15 16:03:19,162
2011-03-16 14:20:04,254
2011-03-17 14:51:07,499
2011-03-18 14:36:56,211
2011-03-21 16:12:00,300
2011-03-22 15:56:31,836
2011-03-23 17:25:15,222
2011-03-24 15:49:02,162
2011-03-25 18:10:25,234
2011-03-27 01:41:07,1796
2011-03-28 17:07:31,313
2011-03-29 15:43:16,802
2011-03-29 22:10:15,245
2011-03-30 17:01:51,591
2011-03-31 20:33:35,265
2011-04-01 19:54:56,252
2011-04-02 23:41:23,806
2011-04-04 17:16:11,681
2011-04-05 17:45:57,236
2011-04-06 20:11:26,0
2011-04-06 22:37:54,383
2011-04-07 21:29:05,378
2011-04-08 16:27:35,545
2011-04-11 17:04:28,571
2011-04-12 16:14:31,478
2011-04-13 16:24:46,409
2011-04-14 17:13:26,416
2011-04-15 19:25:23,230
2011-04-18 21:48:22,1322
2011-04-19 20:03:47,549
2011-04-20 18:34:18,472
2011-04-21 14:22:04,380
2011-04-22 15:12:25,950
2011-04-25 21:03:20,580
2011-04-26 19:11:14,0
2011-04-27 17:26:21,374
2011-04-28 15:58:40,265
2011-04-29 17:08:39,541
2011-05-02 15:45:52,397
2011-05-03 18:08:31,277
2011-05-04 16:13:01,507
2011-05-05 16:35:09,384
2011-05-06 15:24:47,427
2011-05-08 15:20:20,3120
2011-05-09 17:52:43,480
2011-05-10 16:10:05,358
2011-05-11 15:43:43,799
2011-05-12 18:38:44,275
2011-05-13 17:07:45,473
2011-05-16 16:51:53,495
2011-05-17 19:12:09,254
2011-05-18 16:55:18,492
2011-05-19 16:31:16,432
2011-05-19 22:14:06,248
2011-05-20 19:05:15,454
2011-05-23 21:26:26,0
2011-05-24 15:39:47,300
2011-05-25 17:07:26,1715
2011-05-26 16:01:34,559
2011-05-27 16:22:18,389
2011-05-31 18:51:50,207
2011-06-01 18:57:05,353
2011-06-02 23:29:27,235
2011-06-03 18:11:28,309
2011-06-06 17:42:31,174
2011-06-07 16:36:01,268
2011-06-08 14:54:30,148
2011-06-09 20:22:37,1171
2011-06-10 18:23:05,586
2011-06-13 18:38:45,154
2011-06-14 18:45:58,373
2011-06-15 20:39:11,622
2011-06-16 18:10:33,461
2011-06-17 19:13:09,195
2011-06-20 21:26:45,680
2011-06-21 21:31:21,126
2011-06-22 17:25:34,337
2011-06-23 17:15:59,248
2011-06-24 20:19:03,823
2011-06-27 19:57:37,464
2011-06-28 18:30:21,255
2011-06-28 23:08:48,1826
2011-06-29 18:13:33,489
2011-06-30 17:38:41,1241
2011-07-01 15:34:35,431
2011-07-04 15:10:12,1196
2011-07-05 19:07:16,535
2011-07-06 17:12:27,552
2011-07-07 19:07:04,433
2011-07-08 13:48:42,0
2011-07-08 15:34:34,586
2011-07-09 02:54:49,2617
2011-07-10 16:46:35,934
2011-07-11 16:49:10,444
2011-07-12 20:19:38,4681
2011-07-13 16:30:25,1070
2011-07-14 14:47:45,0
2011-07-14 20:51:40,521
2011-07-15 20:13:56,554
2011-07-18 21:40:34,427
2011-07-19 18:47:02,239
2011-07-20 14:27:34,0
2011-07-20 14:57:13,0
2011-07-20 21:44:17,460
2011-07-21 19:46:20,1228
2011-07-22 17:45:02,384
2011-07-22 18:00:26,0
2011-07-25 19:00:16,662
2011-07-26 15:56:16,325
2011-07-27 21:35:14,323
2011-07-28 18:20:11,1269
2011-07-29 15:45:40,572
2011-08-01 17:49:46,2181
2011-08-02 18:07:12,1000
2011-08-03 17:31:20,1114
2011-08-04 16:04:48,989
2011-08-05 16:27:24,1526
2011-08-08 16:32:25,894
2011-08-09 17:06:43,855
2011-08-10 16:23:33,739
2011-08-11 16:21:02,327
2011-08-11 20:23:34,0
2011-08-11 20:25:21,0
2011-08-11 20:25:47,0
2011-08-12 15:58:07,1044
2011-08-15 16:01:25,311
2011-08-15 17:22:05,0
2011-08-16 16:53:46,2217
2011-08-17 16:02:06,1456
2011-08-18 15:49:42,556
2011-08-18 18:11:01,0
2011-08-19 15:48:15,571
2011-08-20 15:30:09,327
2011-08-22 14:50:02,0
2011-08-22 21:40:04,855
2011-08-23 15:59:35,1648
2011-08-24 13:38:30,0
2011-08-24 16:01:48,574
2011-08-25 16:21:17,5222
2011-08-25 17:07:31,0
2011-08-26 16:02:48,734
2011-08-29 16:12:50,283
2011-08-29 18:05:15,0
2011-08-30 15:31:51,769
2011-08-31 15:31:02,2013
2011-09-01 16:33:19,2923
2011-09-02 15:27:27,688
2011-09-05 13:25:13,1483
2011-09-06 15:45:23,0
2011-09-06 17:07:13,328
2011-09-07 20:18:15,686
2011-09-08 21:08:13,896
2011-09-09 14:32:17,0
2011-09-09 15:20:07,0
2011-09-09 16:00:52,300
2011-09-12 21:01:32,2468
2011-09-13 19:35:33,419
2011-09-13 22:06:39,345
2011-09-14 16:58:01,981
2011-09-15 16:39:49,1537
2011-09-15 21:26:29,0
2011-09-16 20:51:39,405
2011-09-17 17:16:16,417
2011-09-19 19:29:41,467
2011-09-20 16:56:19,671
2011-09-21 18:25:15,1101
2011-09-21 21:17:50,419
2011-09-22 18:54:32,1507
2011-09-24 16:10:25,299
2011-09-26 21:32:39,2176
2011-09-27 16:15:22,3004
2011-09-28 21:13:42,679
2011-09-29 21:18:17,1580
2011-09-30 20:33:32,1336
2011-10-03 19:05:49,622
2011-10-04 15:32:27,3857
2011-10-05 16:58:22,860
2011-10-06 19:12:39,1831
2011-10-07 15:01:19,713
2011-10-07 19:10:18,430
2011-10-10 15:39:51,1305
2011-10-11 21:04:45,442
2011-10-12 20:40:03,453
2011-10-13 21:23:26,884
2011-10-14 19:26:30,948
2011-10-17 21:55:12,1940
2011-10-18 19:16:15,319
2011-10-19 18:46:48,635
2011-10-20 21:41:48,857
2011-10-21 17:21:28,321
2011-10-21 22:13:50,2828
2011-10-24 13:33:44,16322
2011-10-24 21:50:54,442
2011-10-25 21:00:33,474
2011-10-26 14:46:45,422
2011-10-26 21:41:17,940
2011-10-27 19:24:27,1035
2011-10-28 15:13:20,379
2011-10-28 21:51:31,1896
2011-10-31 14:30:43,422
2011-10-31 21:14:42,4338
2011-11-01 22:23:46,1863
2011-11-02 22:50:35,1355
2011-11-03 18:57:26,613
2011-11-03 22:45:01,1438
2011-11-04 15:22:08,1690
2011-11-04 19:57:28,1503
2011-11-07 19:33:28,434
2011-11-08 15:16:12,1765
2011-11-09 18:23:55,3856
2011-11-10 22:21:48,1255
2011-11-11 18:56:56,1471
2011-11-11 22:26:56,248
2011-11-13 17:56:10,803
2011-11-14 15:26:17,1716
2011-11-15 16:52:58,213
2011-11-15 21:52:53,2397
2011-11-16 22:42:03,706
2011-11-17 21:55:54,1283
2011-11-18 21:38:58,1239
2011-11-21 15:18:01,2667
2011-11-22 22:35:26,718
2011-11-23 19:42:56,797
2011-11-24 15:00:02,1882
2011-11-25 15:33:19,323
2011-11-28 17:32:52,267
2011-11-28 22:24:49,2859
2011-11-29 22:51:04,459
2011-11-30 20:48:05,1183
2011-12-01 20:51:57,1825
2011-12-02 15:00:03,1188
2011-12-02 22:30:03,2291
2011-12-05 15:30:02,1690
2011-12-05 22:00:03,1217
2011-12-06 15:00:09,1578
2011-12-06 22:25:11,792
2011-12-07 22:43:25,675
2011-12-08 22:00:10,3023
2011-12-09 15:32:47,0
2011-12-09 21:11:48,426
2011-12-09 22:00:01,465
2011-12-12 16:20:58,1130
2011-12-12 21:31:47,0
2011-12-12 22:50:06,1431
2011-12-13 15:02:23,901
2011-12-13 22:58:53,1887
2011-12-14 22:00:01,562
2011-12-15 15:00:01,471
2011-12-15 22:30:10,1482
2011-12-17 04:40:33,1845
2011-12-19 19:03:34,3977
2011-12-19 23:00:11,211
2011-12-20 15:36:01,235
2011-12-20 21:54:04,527
2011-12-21 15:40:02,686
2011-12-21 22:30:04,2470
2011-12-22 20:00:17,2457
2011-12-22 20:00:49,2386
2011-12-23 20:32:16,1784
2011-12-25 13:00:03,1947
2011-12-27 21:40:53,1881
2011-12-28 15:00:08,2225
2011-12-28 22:50:45,800
2011-12-29 18:30:15,1516
2011-12-30 21:30:03,8309
2012-01-01 05:00:03,3929
2012-01-02 20:33:52,986
2012-01-03 16:00:01,802
2012-01-03 23:13:39,1056
2012-01-04 16:03:55,515
2012-01-04 22:22:04,1915
2012-01-05 15:30:14,1411
2012-01-05 22:38:34,497
2012-01-06 23:44:51,1141
2012-01-08 15:58:47,1169
2012-01-09 01:24:59,1073
2012-01-09 13:20:01,663
2012-01-09 15:36:04,1372
2012-01-09 17:06:57,3020
2012-01-09 18:30:13,656
2012-01-10 01:13:14,793
2012-01-10 14:31:16,807
2012-01-10 16:00:01,379
2012-01-10 19:00:16,341
2012-01-10 21:07:41,736
2012-01-11 15:19:42,2940
2012-01-11 22:57:11,529
2012-01-12 22:25:00,679
2012-01-13 14:51:28,348
2012-01-13 22:51:18,361
2012-01-16 16:34:43,663
2012-01-17 21:09:41,865
2012-01-18 23:39:12,601
2012-01-19 16:27:15,601
2012-01-19 22:57:56,2488
2012-01-20 16:32:19,966
2012-01-20 22:30:00,0
2012-01-20 22:38:35,835
2012-01-23 16:30:06,6343
2012-01-23 22:44:33,277
2012-01-24 18:00:02,784
2012-01-25 22:13:39,466
2012-01-26 17:00:04,2941
2012-01-27 15:37:25,9010
2012-01-30 23:10:52,486
2012-01-31 16:42:21,1710
2012-02-01 20:01:54,5413
2012-02-02 15:53:52,5162
2012-02-02 21:10:42,2338
2012-02-03 21:54:53,1015
2012-02-06 01:20:38,2944
2012-02-06 14:36:26,730
2012-02-06 16:48:46,713
2012-02-07 15:32:07,926
2012-02-07 19:54:36,494
2012-02-08 14:48:47,666
2012-02-08 22:16:09,919
2012-02-09 14:42:01,1105
2012-02-09 16:27:58,470
2012-02-09 22:06:31,2003
2012-02-10 14:57:42,566
2012-02-10 22:30:03,1020
2012-02-13 15:31:24,4212
2012-02-13 22:25:25,190
2012-02-14 15:31:02,2147
2012-02-15 16:47:05,1252
2012-02-15 22:02:11,4492
2012-02-15 22:02:11,2787
2012-02-16 17:55:34,885
2012-02-17 19:37:16,471
2012-02-17 19:37:16,2787
2012-02-18 18:00:02,541
2012-02-20 17:00:01,478
2012-02-21 22:30:11,15290
2012-02-21 22:30:11,15584
2012-02-22 22:51:58,471
2012-02-23 22:32:32,2470
2012-02-23 22:32:32,2787
2012-02-24 14:19:43,591
2012-02-24 22:22:57,3470
2012-02-27 22:45:37,1016
2012-02-28 23:00:02,4637
2012-02-28 23:00:02,4742
2012-02-29 18:30:01,421
2012-03-01 19:07:19,1305
2012-03-01 19:07:19,1360
2012-03-01 21:27:56,482
2012-03-02 16:17:01,2440
2012-03-02 22:00:02,5371
2012-03-02 22:00:02,5534
2012-03-05 22:30:02,473
2012-03-06 21:54:05,1613
2012-03-07 22:35:12,590
2012-03-07 22:35:13,630
2012-03-08 16:00:01,315
2012-03-08 22:36:06,904
2012-03-09 17:13:57,1296
2012-03-09 22:00:43,474
2012-03-10 20:03:44,1612
2012-03-11 18:33:25,1938
2012-03-12 16:22:58,3767
2012-03-12 16:22:58,4014
2012-03-12 21:49:57,517
2012-03-13 19:00:01,1424
2012-03-14 15:30:02,329
2012-03-14 21:33:43,1146
2012-03-15 21:49:30,522
2012-03-16 19:45:58,613
2012-03-17 16:00:14,7710
2012-03-17 16:00:15,7977
2012-03-19 17:58:43,905
2012-03-19 21:30:01,262
2012-03-20 21:00:08,13009
2012-03-20 21:00:09,13122
2012-03-21 18:19:17,1096
2012-03-21 21:44:54,466
2012-03-22 13:44:15,734
2012-03-22 21:28:07,462
2012-03-23 16:00:01,492
2012-03-23 23:08:49,599
2012-03-23 23:08:49,2803
2012-03-24 19:11:19,3624
2012-03-26 13:45:07,529
2012-03-26 13:45:07,546
2012-03-26 15:04:59,299
2012-03-26 21:17:33,23
2012-03-26 21:21:48,1273
2012-03-27 16:59:58,376
2012-03-27 21:29:57,491
2012-03-28 22:16:11,640
2012-03-29 16:11:47,487
2012-03-29 21:29:57,469
2012-03-29 21:29:58,690
2012-03-29 22:03:17,0
2012-03-30 13:45:17,705
2012-03-30 20:31:18,0
2012-03-30 21:04:21,184
2012-04-01 20:59:55,658
2012-04-02 15:59:23,1473
2012-04-02 20:42:32,144
2012-04-02 20:42:32,2803
2012-04-02 22:15:37,2115
2012-04-03 18:46:37,457
2012-04-04 12:58:14,379
2012-04-04 16:51:13,117
2012-04-04 16:51:14,970
2012-04-05 00:11:11,5778
2012-04-05 00:11:11,5794
2012-04-05 00:13:19,5778
2012-04-05 00:13:48,5794
2012-04-05 00:16:02,5778
2012-04-05 17:36:56,3938
2012-04-05 17:36:57,3932
2012-04-05 21:29:56,642
2012-04-05 21:29:57,2803
2012-04-06 14:38:28,523
2012-04-09 15:59:48,487
2012-04-09 21:20:01,2579
2012-04-09 21:20:01,2585
2012-04-09 21:29:55,1252
2012-04-10 16:14:45,619
2012-04-10 22:17:31,391
2012-04-11 15:27:01,787
2012-04-11 15:27:02,787
2012-04-11 21:39:11,842
2012-04-12 16:56:06,1138
2012-04-12 21:31:56,2890
2012-04-12 21:31:56,2938
2012-04-13 18:40:40,482
2012-04-13 21:28:24,725
2012-04-16 16:34:19,599
2012-04-16 21:42:44,3386
2012-04-16 21:42:45,3456
2012-04-17 21:45:58,577
2012-04-18 21:37:29,834
2012-04-19 15:30:47,1119
2012-04-19 15:30:47,1122
2012-04-19 21:52:04,882
2012-04-19 21:52:04,897
2012-04-20 22:09:10,246
2012-04-23 16:07:40,9034
2012-04-23 16:07:40,9231
2012-04-24 16:08:35,661
2012-04-24 23:16:19,2396
2012-04-24 23:16:19,2395
2012-04-25 16:16:09,476
2012-04-25 21:27:51,512
2012-04-25 21:27:51,513
2012-04-26 19:51:56,35
2012-04-26 20:01:12,36
2012-04-26 20:03:54,32
2012-04-26 20:12:52,219
2012-04-26 21:52:24,1512
2012-04-26 21:52:24,1536
2012-04-27 17:12:21,949
2012-04-30 15:12:05,600
2012-04-30 19:37:59,550
2012-04-30 19:38:00,558
2012-05-01 20:05:30,1340
2012-05-02 21:29:47,4999
2012-05-02 21:29:47,2803
2012-05-03 21:13:20,6334
2012-05-04 19:04:26,516
2012-05-04 20:59:45,3076
2012-05-04 20:59:46,3118
2012-05-07 20:49:02,225
2012-05-07 23:29:44,2172
2012-05-07 23:29:45,2184
2012-05-08 18:01:08,396
2012-05-08 21:01:19,575
2012-05-09 17:09:07,889
2012-05-10 20:20:42,210
2012-05-10 23:29:44,2208
2012-05-10 23:29:44,2803
2012-05-11 15:34:57,344
2012-05-14 19:19:07,586
2012-05-14 19:19:07,597
2012-05-14 21:30:07,698
2012-05-15 16:30:04,2070
2012-05-15 21:30:01,1345
2012-05-16 16:28:44,632
2012-05-16 21:05:34,1834
2012-05-16 21:05:34,1870
2012-05-17 17:02:18,899
2012-05-17 21:25:39,1643
2012-05-17 21:25:39,1667
2012-05-18 21:31:03,385
2012-05-21 17:30:05,422
2012-05-22 14:23:51,274
2012-05-22 17:45:01,672
2012-05-22 20:52:53,1197
2012-05-22 20:52:53,1198
2012-05-23 14:29:15,307
2012-05-23 21:37:43,1317
2012-05-23 21:37:43,1316
2012-05-24 14:21:27,563
2012-05-24 21:25:36,634
2012-05-24 21:25:36,640
2012-05-25 14:44:19,409
2012-05-25 19:13:14,510
2012-05-25 19:13:14,511
2012-05-26 14:58:35,651
2012-05-27 18:16:07,1036
2012-05-27 18:16:08,1041
2012-05-28 14:00:03,20148
2012-05-28 14:00:03,20193
2012-05-29 19:09:20,627
2012-05-29 21:47:00,227
2012-05-30 21:26:22,3677
2012-05-30 21:26:22,3724
2012-05-31 21:28:59,645
2012-06-01 21:11:05,1904
2012-06-01 21:11:06,1906
2012-06-04 16:52:12,24546
2012-06-04 16:52:12,24855
2012-06-05 16:30:01,1276
2012-06-05 22:21:38,27846
2012-06-05 22:21:38,34439
2012-06-06 16:30:02,406
2012-06-06 22:12:14,550
2012-06-07 17:52:57,96
2012-06-07 22:10:22,2464
2012-06-07 22:10:22,2500
2012-06-08 18:13:18,580
2012-06-08 18:13:18,586
2012-06-08 21:38:42,347
2012-06-11 21:57:03,131
2012-06-12 21:26:10,201
2012-06-13 16:14:26,173
2012-06-13 21:27:29,61
2012-06-14 17:24:15,76
2012-06-14 21:42:30,398
2012-06-14 21:42:30,2803
2012-06-14 23:30:04,2170
2012-06-15 15:12:52,293
2012-06-15 21:15:01,183
2012-06-16 14:12:04,5394
2012-06-16 14:12:04,5417
2012-06-18 18:10:50,18269
2012-06-18 18:10:50,2803
2012-06-18 22:02:57,268
2012-06-19 16:00:02,313
2012-06-20 15:49:48,591
2012-06-20 21:47:27,34327
2012-06-21 21:22:42,5546
2012-06-21 23:30:00,261
2012-06-22 21:05:27,205
2012-06-25 21:32:54,9612
2012-06-26 21:33:27,287
2012-06-27 21:51:48,12929
2012-06-28 14:45:32,165
2012-06-28 21:39:02,4814
2012-06-29 16:49:54,118
2012-06-29 21:45:42,241
2012-06-30 20:00:02,185
2012-07-02 18:27:26,104
2012-07-02 21:40:49,280
2012-07-03 16:00:04,1496
2012-07-03 21:00:02,959
2012-07-04 15:00:08,3570
2012-07-05 16:00:05,2124
2012-07-05 21:00:05,5047
2012-07-05 23:00:01,2229
2012-07-06 14:47:13,776
2012-07-06 21:00:02,80
2012-07-07 14:00:02,277
2012-07-07 18:30:03,510
2012-07-07 23:07:03,14
2012-07-09 22:19:31,297
2012-07-10 20:02:01,749
2012-07-11 19:49:39,111
2012-07-11 20:42:22,42
2012-07-12 16:10:43,5618
2012-07-12 19:15:02,561
2012-07-13 20:02:30,1917
2012-07-14 17:27:46,8696
2012-07-16 14:14:40,2975
2012-07-16 21:39:39,1265
2012-07-17 16:43:35,361
2012-07-18 16:32:27,1573
2012-07-18 20:46:54,146
2012-07-18 23:00:01,639
2012-07-20 15:00:45,1512
2012-07-20 19:16:27,525
2012-07-21 12:50:33,3261
2012-07-23 14:18:12,10270
2012-07-23 21:10:03,443
2012-07-24 23:04:33,34327
2012-07-25 19:11:50,1
2012-07-25 21:43:30,15064
2012-07-26 16:58:40,146
2012-07-26 21:00:02,8205
2012-07-27 17:35:56,1
2012-07-27 19:30:04,3870
2012-07-28 19:00:01,1
2012-07-30 16:04:48,386
2012-07-30 21:41:52,198
2012-07-31 22:01:11,718
2012-08-01 15:21:44,6977
2012-08-01 20:16:12,169
2012-08-02 14:20:01,3
2012-08-02 17:00:02,3
2012-08-02 22:36:02,24
2012-08-07 14:10:00,1
2012-08-07 14:36:59,4259
2012-08-07 19:04:55,196
2012-08-07 21:13:02,257
2012-08-08 16:00:03,57
2012-08-08 18:26:41,4825
2012-08-08 21:44:02,237
2012-08-09 15:48:01,2
2012-08-09 21:16:06,20400
2012-08-10 14:30:00,0
2012-08-10 18:51:07,11119
2012-08-11 15:21:01,2
2012-08-12 14:27:02,3
2012-08-13 15:50:56,21072
2012-08-14 13:31:26,3392
2012-08-14 22:17:04,5858
2012-08-15 14:11:01,4
2012-08-15 15:10:00,2
2012-08-15 17:02:41,323
2012-08-16 13:41:41,5195
2012-08-16 19:37:18,196
2012-08-17 14:48:18,4398
2012-08-17 17:47:47,13940
2012-08-18 15:02:01,3
2012-08-18 15:23:31,11873
2012-08-18 18:01:11,585
2012-08-19 14:42:01,0
2012-08-20 20:15:41,6439
2012-08-21 18:30:01,435
2012-08-21 21:39:54,34327
2012-08-21 23:00:11,7955
2012-08-22 14:40:00,8
2012-08-23 15:37:04,1855
2012-08-23 22:37:18,2230
2012-08-24 14:20:02,1
2012-08-24 15:48:12,2619
2012-08-24 16:48:57,0
2012-08-24 19:13:03,2646
2012-08-25 14:30:00,3
2012-08-27 13:43:24,0
2012-08-27 15:24:01,0
2012-08-27 20:11:03,2684
2012-08-28 14:01:01,2
2012-08-28 14:10:00,2
2012-08-28 15:49:04,4820
2012-08-28 17:51:40,34327
2012-08-28 19:09:53,0
2012-08-28 20:39:02,631
2012-08-29 21:12:03,2474
2012-08-30 15:48:03,1208
2012-08-30 15:50:47,0
2012-08-30 20:07:03,1613
2012-08-30 22:39:03,13058
2012-08-31 15:11:01,0
2012-08-31 16:00:07,11081
2012-09-01 14:20:00,1
2012-09-02 19:00:01,255
2012-09-04 00:35:02,7720
2012-09-04 14:35:02,0
2012-09-04 18:31:00,2205
2012-09-04 22:19:04,768
2012-09-05 14:49:20,409
2012-09-05 19:22:06,15519
2012-09-05 23:33:51,256
2012-09-06 14:08:30,0
2012-09-06 21:10:23,4604
2012-09-07 14:10:27,0
2012-09-07 15:49:03,1384
2012-09-07 18:45:13,165
2012-09-07 23:06:57,1089
2012-09-08 21:36:49,1415
2012-09-09 18:20:17,1193
2012-09-10 13:39:16,0
2012-09-10 15:22:18,1615
2012-09-10 18:22:34,11430
2012-09-11 13:45:58,0
2012-09-11 18:53:47,34376
2012-09-11 22:19:01,296
2012-09-12 22:10:01,2696
2012-09-13 17:50:48,309
2012-09-14 21:21:43,1926
2012-09-17 13:41:53,0
2012-09-17 15:27:38,4049
2012-09-17 22:18:04,2268
2012-09-18 17:49:23,15
2012-09-18 17:49:56,39
2012-09-18 17:50:24,4
2012-09-18 20:18:05,8200
2012-09-18 23:10:01,1467
2012-09-19 13:34:45,0
2012-09-19 14:04:05,7861
2012-09-19 18:20:00,251
2012-09-19 22:10:01,6735
2012-09-19 23:58:19,1931
2012-09-20 13:45:14,0
2012-09-20 14:29:11,2300
2012-09-20 20:09:46,289
2012-09-20 23:10:01,562
2012-09-21 18:00:01,2711
2012-09-21 22:10:01,183
2012-09-22 16:21:36,247
2012-09-24 12:06:06,0
2012-09-24 15:52:49,3352
2012-09-24 18:46:14,31688
2012-09-24 22:12:18,334
2012-09-25 13:56:09,0
2012-09-25 14:42:03,2116
2012-09-25 18:37:06,2585
2012-09-25 22:47:00,34438
2012-09-26 14:35:32,0
2012-09-26 15:52:20,11138
2012-09-26 18:45:28,201
2012-09-27 15:07:05,2241
2012-09-28 17:25:56,0
2012-09-29 02:17:58,2711
2012-09-29 19:02:06,3495
2012-10-01 14:51:03,0
2012-10-01 23:48:25,1051
2012-10-02 18:03:32,0
2012-10-02 20:53:27,148
2012-10-02 23:02:04,8554
2012-10-03 17:52:47,9807
2012-10-03 22:08:20,1352
2012-10-04 15:47:24,391
2012-10-04 15:50:33,0
2012-10-04 18:55:28,2457
2012-10-04 23:59:06,1942
2012-10-05 18:19:12,620
2012-10-05 20:01:01,7570
2012-10-08 14:31:11,18080
2012-10-08 20:13:20,7676
2012-10-09 18:02:27,3989
2012-10-09 23:10:11,34438
2012-10-10 17:02:38,10419
2012-10-11 20:20:41,3138
2012-10-11 20:40:11,0
2012-10-12 22:10:28,0
2012-10-15 15:43:39,0
2012-10-15 16:10:49,1350
2012-10-16 17:08:04,5462
2012-10-16 17:10:08,0
2012-10-17 15:33:02,9940
2012-10-18 18:04:01,10518
2012-10-18 20:08:43,8238
2012-10-19 15:43:14,1750
2012-10-19 19:55:58,11399
2012-10-20 14:58:27,7805
2012-10-22 18:06:29,12516
2012-10-23 19:49:09,5278
2012-10-25 15:01:11,6043
2012-10-25 23:22:04,2438
2012-10-26 16:10:00,7473
2012-10-28 16:50:26,1906
2012-10-29 18:48:34,14420
2012-10-30 18:37:30,2078
2012-10-30 21:54:37,7715
2012-10-31 15:06:02,3212
2012-10-31 19:41:57,12592
2012-11-01 13:24:12,1149
2012-11-01 18:18:50,18714
2012-11-01 22:03:12,15391
2012-11-02 20:23:04,6327
2012-11-05 16:48:24,8094
2012-11-06 00:01:33,1025
2012-11-06 15:58:27,1608
2012-11-06 20:46:32,5162
2012-11-07 19:34:49,1063
2012-11-07 23:17:46,6531
2012-11-08 16:16:23,13781
2012-11-09 18:58:00,11009
2012-11-13 00:31:16,2055
2012-11-13 22:39:42,5709
2012-11-14 18:07:36,14918
2012-11-14 21:10:03,0
2012-11-16 00:41:44,8971
2012-11-16 19:19:31,4195
2012-11-19 14:12:10,6551
2012-11-19 16:31:13,21
2012-11-20 20:46:44,1267
2012-11-21 01:20:01,5738
2012-11-21 16:13:17,5412
2012-11-21 18:16:03,6950
2012-11-22 15:20:00,1162
2012-11-23 12:57:37,2312
2012-11-26 20:05:03,1130
2012-11-27 18:32:24,4875
2012-11-29 21:26:03,13515
2012-11-29 22:39:52,3793
2012-11-30 19:47:55,6886
2012-12-03 20:41:37,10305
2012-12-04 00:30:00,1693
2012-12-05 16:32:06,2070
2012-12-07 15:20:37,2970
2012-12-07 22:14:43,1772
2012-12-10 18:18:04,15866
2012-12-11 14:03:02,1424
2012-12-11 19:19:09,5768
2012-12-12 19:10:00,8508
2012-12-13 18:47:15,15251
2012-12-17 16:44:01,9822
2012-12-18 16:48:18,714
2012-12-19 00:18:03,2521
2012-12-19 18:19:04,1566
2012-12-19 21:19:05,17146
2012-12-20 14:54:26,165
2012-12-20 20:04:04,5352
2012-12-21 13:09:08,851
2012-12-21 18:50:03,8030
2012-12-22 22:19:10,2952
2012-12-24 17:05:03,5830
2012-12-25 16:32:27,8648
2012-12-26 16:47:46,21648
2012-12-27 19:32:07,6467
2012-12-28 16:48:05,31184
2012-12-31 16:14:10,6505
2013-01-02 14:54:57,2319
2013-01-02 15:05:38,16866
2013-01-03 00:18:07,17258
2013-01-03 21:14:40,2424
2013-01-04 14:43:06,3079
2013-01-07 15:57:02,45204
2013-01-08 16:51:46,4868
2013-01-08 20:20:01,17156
2013-01-10 00:04:18,34388
2013-01-10 18:11:04,4251
2013-01-10 18:21:04,2857
2013-01-11 16:08:20,5642
2013-01-11 20:22:04,76
2013-01-11 22:43:02,22
2013-01-14 18:38:57,222
2013-01-15 19:32:45,3358
2013-01-17 19:58:23,4021
2013-01-18 00:14:05,9445
2013-01-18 15:08:07,21838
2013-01-18 17:01:10,5100
2013-01-19 17:27:47,373
2013-01-19 20:20:01,783
2013-01-22 19:20:06,15511
2013-01-23 16:22:49,17940
2013-01-25 00:40:13,232
2013-01-25 16:22:05,29293
2013-01-29 02:03:39,1631
2013-01-30 15:07:31,1065
2013-01-31 16:37:42,306
2013-02-01 00:39:04,21588
2013-02-01 16:18:04,9306
2013-02-04 19:52:01,242
2013-02-05 16:46:07,1540
2013-02-05 22:23:42,5954
2013-02-06 19:50:28,12595
2013-02-07 19:58:29,4793
2013-02-12 15:05:29,2949
2013-02-12 19:06:02,3647
2013-02-13 19:00:42,10077
2013-02-14 20:00:36,29400
2013-02-15 17:15:45,20128
2013-02-16 14:16:52,1512
2013-02-18 19:13:06,34143
2013-02-18 21:11:09,2322
2013-02-19 23:25:58,21830
2013-02-20 17:00:30,12720
2013-02-21 14:43:01,39565
2013-02-22 16:53:36,837
2013-02-25 16:40:43,10022
2013-02-26 16:18:43,21540
2013-02-27 00:40:00,3565
2013-02-27 18:18:02,11377
2013-03-01 00:18:01,103
2013-03-01 20:30:01,14626
2013-03-04 18:20:44,29491
2013-03-05 18:09:03,4570
2013-03-07 01:26:02,37962
2013-03-07 18:22:01,7146
2013-03-07 22:37:16,9500
2013-03-08 15:52:22,17811
2013-03-11 18:55:18,5927
2013-03-12 17:18:03,4286
2013-03-12 20:20:00,489
2013-03-13 00:27:02,1938
2013-03-13 14:30:33,4143
2013-03-14 18:44:26,12722
2013-03-14 23:22:01,1523
2013-03-15 17:05:04,11426
2013-03-19 00:17:10,780
2013-03-19 15:35:17,1699
2013-03-21 18:03:53,268
2013-03-22 13:23:45,9183
2013-03-22 13:53:10,807
2013-03-26 00:16:02,2732
2013-03-26 15:42:02,6185
2013-03-27 14:04:42,7418
2013-03-27 18:10:00,803
2013-03-28 13:37:50,6220
2013-03-28 16:26:57,10200
2013-03-29 13:30:39,7274
2013-03-30 15:08:25,875
2013-03-31 14:23:48,4822
2013-04-03 18:30:01,6522
2013-04-04 00:24:38,4346
2013-04-04 15:04:58,5847
2013-04-04 19:22:02,4164
2013-04-05 13:26:03,12437
2013-04-08 16:58:03,9949
2013-04-09 14:41:02,2269
2013-04-09 19:34:33,882
2013-04-10 00:15:02,49110
2013-04-10 17:31:24,2409
2013-04-11 17:04:04,17023
2013-04-12 18:34:01,28822
2013-04-17 17:21:38,13484
2013-04-18 18:26:21,13154
2013-04-19 19:00:02,5715
2013-04-22 14:08:06,3506
2013-04-23 00:11:03,8323
2013-04-23 13:22:02,3236
2013-04-24 15:18:05,243
2013-04-25 18:45:04,21033
2013-04-26 20:26:06,19667
2013-04-29 18:35:08,12365
2013-04-30 00:14:06,32611
2013-04-30 17:08:02,22430
2013-05-01 20:25:02,3264
2013-05-02 18:08:01,17710
2013-05-03 20:32:01,8874
2013-05-06 17:28:27,7977
2013-05-07 13:54:44,16082
2013-05-08 18:10:12,8558
2013-05-09 14:49:19,2974
2013-05-09 20:50:38,5093
2013-05-10 18:17:12,10241
2013-05-13 17:08:02,13535
2013-05-14 00:10:01,8207
2013-05-14 18:19:57,1456
2013-05-16 14:18:08,5244
2013-05-16 22:30:07,1208
2013-05-17 15:45:01,11756
2013-05-17 18:30:01,1630
2013-05-20 18:10:01,6212
2013-05-22 15:30:04,5296
2013-05-23 13:22:08,22410
2013-05-24 20:31:02,1476
2013-05-27 23:14:09,1610
2013-05-29 17:09:24,7893
2013-05-31 00:32:24,3562
2013-05-31 15:53:45,388
2013-06-03 14:26:10,0
2013-06-05 00:10:04,10386
2013-06-05 17:08:03,7870
2013-06-06 18:12:01,17207
2013-06-07 17:40:31,2595
2013-06-10 17:47:06,833
2013-06-10 23:44:04,33477
2013-06-12 15:41:35,10154
2013-06-13 17:59:42,18013
2013-06-14 17:18:07,1186
2013-06-17 18:47:06,13989
2013-06-18 18:00:36,641
2013-06-19 21:27:53,1032
2013-06-20 16:00:01,2082
2013-06-21 15:33:09,982
2013-06-21 20:12:02,2553
2013-06-24 20:18:56,7871
2013-06-25 19:30:03,10440
2013-06-26 15:12:38,7579
2013-06-27 20:48:31,33189
2013-06-28 15:49:04,1015
2013-06-28 21:06:25,549
2013-07-01 13:41:31,2168
2013-07-02 03:23:58,7579
2013-07-02 17:10:00,1310
2013-07-03 14:02:05,260
2013-07-04 04:16:53,2982
2013-07-04 14:28:02,31185
2013-07-05 05:49:13,7579
2013-07-05 17:18:02,275
2013-07-08 18:05:28,3481
2013-07-08 22:18:03,24365
2013-07-10 00:15:10,5769
2013-07-10 17:51:08,286
2013-07-11 17:00:22,1340
2013-07-13 17:38:31,1770
2013-07-16 18:56:17,23095
2013-07-17 00:10:00,255
2013-07-17 17:21:00,901
2013-07-18 15:29:01,33564
2013-07-23 16:58:12,15451
2013-07-24 21:36:55,868
2013-07-26 00:33:23,3266
2013-07-26 18:26:18,3320
2013-07-29 17:24:28,2318
2013-07-30 00:18:42,6817
2013-07-31 17:38:32,664
2013-08-01 18:04:02,9361
2013-08-02 15:49:03,9101
2013-08-05 15:52:29,9862
2013-08-06 19:30:03,20514
2013-08-08 01:42:29,10634
2013-08-08 14:56:22,7656
2013-08-09 15:48:22,17456
2013-08-12 18:26:28,11251
2013-08-13 22:04:46,247
2013-08-15 22:27:05,16976
2013-08-16 18:29:54,19406
2013-08-18 00:01:25,5887
2013-08-19 22:14:19,15299
2013-08-21 14:01:02,10013
2013-08-21 14:03:08,648
2013-08-21 14:03:08,1069
2013-08-21 14:03:08,562
2013-08-22 17:30:03,10665
2013-08-23 17:00:03,5244
2013-08-27 23:34:41,2292
2013-08-28 14:28:39,8220
2013-08-29 14:08:06,7178
2013-08-29 17:19:49,9947
2013-08-30 12:34:26,1775
2013-09-02 13:22:04,15860
2013-09-03 17:37:27,10550
2013-09-04 22:01:15,3348
2013-09-05 19:03:16,8455
2013-09-06 15:40:52,16732
2013-09-10 13:38:49,8720
2013-09-12 17:22:57,3343
2013-09-13 14:38:49,6914
2013-09-16 14:00:03,18434
2013-09-17 13:52:44,1574
2013-09-17 18:00:04,7004
2013-09-18 23:00:49,4264
2013-09-19 14:56:28,4773
2013-09-20 20:30:09,4486
2013-09-24 23:22:00,2103
2013-09-26 19:32:20,8003
2013-09-27 14:51:21,8910
2013-09-30 22:18:29,3780
2013-10-01 13:44:05,9565
2013-10-02 13:34:40,2494
2013-10-03 17:57:56,4080
2013-10-04 19:26:09,269
2013-10-05 13:58:56,1177
2013-10-05 17:03:59,723
2013-10-07 14:02:21,165
2013-10-07 18:15:38,7594
2013-10-08 00:34:08,445
2013-10-08 00:34:08,446
2013-10-10 13:46:35,1426
2013-10-10 17:23:31,20725
2013-10-11 14:30:01,9939
2013-10-14 15:55:14,4560
2013-10-15 21:59:10,323
2013-10-16 15:05:53,1150
2013-10-16 23:56:39,2562
2013-10-17 18:23:52,6810
2013-10-18 14:34:03,7664
2013-10-21 18:28:12,11448
2013-10-23 13:17:00,10710
2013-10-24 17:15:05,15736
2013-10-25 13:55:22,5670
2013-10-28 00:45:54,683
2013-10-29 20:02:51,2802
2013-10-30 00:00:01,418
2013-10-30 15:57:17,1443
2013-10-31 11:53:51,6264
2013-11-01 20:34:48,351
2013-11-02 17:00:01,573
2013-11-04 15:37:37,15695
2013-11-04 19:44:58,252
2013-11-05 00:00:06,6446
2013-11-05 13:39:03,476
2013-11-05 20:30:02,1222
2013-11-06 00:00:01,781
2013-11-06 01:45:16,2280
2013-11-06 02:08:37,3493
2013-11-06 18:42:24,2510
2013-11-07 19:01:25,6826
2013-11-08 22:35:07,602
2013-11-12 18:39:34,3637
2013-11-12 19:01:18,1182
2013-11-13 16:31:19,10549
2013-11-14 14:58:52,7618
2013-11-15 20:23:02,11443
2013-11-16 16:00:02,937
2013-11-18 16:00:48,563
2013-11-18 16:28:26,257
2013-11-19 17:06:05,701
2013-11-19 22:53:30,8768
2013-11-20 17:09:18,1199
2013-11-21 17:01:03,339
2013-11-22 00:30:03,8793
2013-11-22 15:00:02,11629
2013-11-22 18:44:11,588
2013-11-24 19:10:52,11439
2013-11-25 18:45:09,11025
2013-11-26 16:30:02,11484
2013-11-27 18:00:02,6413
2013-11-27 22:15:03,2564
2013-11-28 15:34:29,2402
2013-11-29 15:30:02,7598
2013-11-29 17:08:19,3073
2013-12-02 16:22:36,7315
2013-12-02 20:30:03,2362
2013-12-03 19:00:03,1195
2013-12-04 16:00:04,5959
2013-12-05 18:30:04,17099
2013-12-06 19:00:03,8971
2013-12-09 21:12:02,6717
2013-12-10 17:00:06,7180
2013-12-11 19:00:12,1558
2013-12-13 00:00:02,13129
2013-12-13 16:30:04,2039
2013-12-16 19:00:03,10376
2013-12-17 21:00:05,10649
2013-12-18 17:00:04,2818
2013-12-19 19:00:11,9888
2013-12-20 18:00:14,979
2013-12-23 15:00:04,4146
2013-12-24 15:30:06,10453
2013-12-25 13:01:14,2629
2013-12-26 16:30:11,11940
2013-12-27 15:30:03,7334
2013-12-30 14:36:22,5943
2013-12-31 16:00:04,7228
2014-01-01 15:15:02,12836
2014-01-02 14:34:03,3637
2014-01-02 17:30:10,3328
2014-01-03 15:30:03,2709
2014-01-06 15:00:02,12033
2014-01-07 16:30:03,13614
2014-01-08 18:00:05,4104
2014-01-09 15:30:02,10626
2014-01-10 16:09:36,2447
2014-01-10 21:21:07,4546
2014-01-12 15:33:48,375
2014-01-13 13:02:15,1376
2014-01-13 16:49:24,3302
2014-01-14 15:52:28,6992
2014-01-15 16:00:01,1081
2014-01-16 15:00:00,6869
2014-01-17 16:00:07,1808
2014-01-17 19:26:36,7220
2014-01-20 16:00:00,7064
2014-01-21 16:00:04,6841
2014-01-22 16:00:03,7848
2014-01-22 20:33:52,7446
2014-01-23 16:04:29,3682
2014-01-24 16:00:00,6193
2014-01-27 22:32:01,8175
2014-01-28 18:16:02,13166
2014-01-28 20:45:00,1804
2014-01-29 16:33:01,20854
2014-01-30 16:03:04,13231
2014-01-31 17:55:09,2797
2014-01-31 18:32:01,1290
2014-01-31 19:57:37,2998
2014-02-02 19:18:14,2311
2014-02-05 21:00:00,307
2014-02-06 17:20:21,442
2014-02-06 22:11:01,4031
2014-02-07 21:33:48,4932
2014-02-10 16:32:55,7290
2014-02-11 16:32:02,5742
2014-02-11 18:44:53,458
2014-02-12 16:04:01,6218
2014-02-12 17:45:00,6643
2014-02-13 16:02:06,2372
2014-02-14 13:58:55,3286
2014-02-14 18:07:01,10287
2014-02-15 14:07:12,7444
2014-02-17 16:33:01,10269
2014-02-17 19:45:01,2217
2014-02-18 16:11:01,7093
2014-02-18 19:25:00,113
2014-02-19 17:25:57,309
2014-02-20 15:27:02,2307
2014-02-21 16:22:01,10100
2014-02-24 17:36:53,2668
2014-02-24 18:33:02,10232
2014-02-24 22:33:03,2679
2014-02-25 15:11:01,2609
2014-02-25 19:37:02,6583
2014-02-26 16:15:01,3884
2014-02-26 23:45:03,1796
2014-02-27 16:01:02,7522
2014-02-28 16:31:01,8758
2014-03-04 21:44:01,8653
2014-03-05 16:22:01,7386
2014-03-05 22:00:02,1245
2014-03-06 16:17:01,3444
2014-03-07 16:01:00,112
2014-03-07 19:38:36,191
2014-03-10 14:32:01,2114
2014-03-11 16:32:01,12660
2014-03-12 14:41:51,1233
2014-03-13 15:25:01,1511
2014-03-14 15:33:01,2030
2014-03-17 15:11:01,8922
2014-03-18 15:21:02,17545
2014-03-19 16:15:02,3662
2014-03-20 15:10:01,884
2014-03-20 18:01:04,2053
2014-03-20 22:45:03,190
2014-03-21 02:46:51,11151
2014-03-21 16:21:05,16349
2014-03-21 20:01:04,2339
2014-03-21 23:00:06,9530
2014-03-22 16:11:42,21596
2014-03-22 19:32:46,8666
2014-03-22 22:02:04,8608
2014-03-23 01:30:06,8164
2014-03-24 20:45:23,891
2014-03-25 16:01:01,5838
2014-03-25 18:45:03,2366
2014-03-25 19:25:38,9834
2014-03-26 18:50:01,2469
2014-03-26 21:24:57,9834
2014-03-27 01:00:01,91
2014-03-27 16:15:02,8081
2014-03-27 19:15:03,5871
2014-03-27 20:45:45,9834
2014-03-28 15:30:03,6207
2014-03-28 17:29:51,273
2014-03-28 20:26:35,9834
2014-03-31 20:37:00,9695
2014-04-01 15:38:40,351
2014-04-01 18:15:01,11178
2014-04-01 20:59:59,408
2014-04-02 15:30:02,1907
2014-04-02 18:15:02,3985
2014-04-03 21:34:26,3988
2014-04-04 16:00:04,8399
2014-04-04 20:17:04,4479
2014-04-07 20:45:03,14025
2014-04-08 18:20:02,6847
2014-04-09 16:15:01,2348
2014-04-10 20:37:01,9449
2014-04-10 22:44:02,3721
2014-04-11 18:25:45,6605
2014-04-14 15:04:55,2422
2014-04-14 17:56:54,285
2014-04-15 13:19:56,2018
2014-04-15 19:34:02,4878
2014-04-16 13:31:14,1965
2014-04-16 21:10:00,4799
2014-04-17 12:30:01,4752
2014-04-17 13:12:25,757
2014-04-17 15:00:01,253
2014-04-17 15:30:01,207
2014-04-17 15:51:25,13008
2014-04-17 16:00:01,3569
2014-04-17 21:27:51,11365
2014-04-17 21:30:52,701
2014-04-17 21:41:33,1019
2014-04-18 19:11:02,7190
2014-04-23 16:41:02,14675
2014-04-23 18:32:01,4435
2014-04-23 21:27:13,2581
2014-04-24 16:05:47,150
2014-04-24 16:05:47,126
2014-04-24 19:41:01,12125
2014-04-25 18:00:48,708
2014-04-25 21:27:12,4680
2014-04-26 12:57:00,6394
2014-04-26 15:10:21,6205
2014-04-26 16:10:01,2351
2014-04-26 18:05:15,790
2014-04-26 19:53:55,871
2014-04-26 20:15:00,976
2014-04-27 00:18:35,748
2014-04-27 01:22:41,858
2014-04-27 12:02:01,6749
2014-04-27 12:30:08,13011
2014-04-28 14:17:29,5646
2014-04-28 20:46:01,18585
2014-04-29 17:17:01,16338
2014-04-29 18:57:31,1177
2014-04-30 14:05:25,804
2014-04-30 17:36:03,14264
2014-05-01 18:29:02,13349
2014-05-01 20:22:01,2871
2014-05-02 13:15:00,766
2014-05-02 15:46:22,347
2014-05-02 18:26:03,6480
2014-05-02 20:56:36,8608
2014-05-04 12:24:58,613
2014-05-05 14:49:53,1649
2014-05-05 21:42:02,1644
2014-05-06 19:17:00,7521
2014-05-07 13:38:14,476
2014-05-07 18:41:00,15312
2014-05-07 21:19:02,5098
2014-05-08 17:13:01,11998
2014-05-09 20:06:11,8300
2014-05-11 12:00:01,2783
2014-05-12 19:29:07,14843
2014-05-12 20:40:01,1682
2014-05-12 22:35:01,714
2014-05-13 15:41:01,6736
2014-05-13 17:45:00,656
2014-05-13 19:46:02,3733
2014-05-14 12:00:00,3816
2014-05-14 17:23:00,11008
2014-05-14 19:10:00,612
2014-05-15 16:51:01,1905
2014-05-15 19:10:01,389
2014-05-15 20:39:01,1476
2014-05-16 20:22:23,7868
2014-05-18 12:00:00,2754
2014-05-19 19:51:04,10794
2014-05-20 13:30:01,2797
2014-05-20 13:45:42,4327
2014-05-20 14:04:39,12056
2014-05-20 15:12:01,2839
2014-05-20 19:16:03,14762
2014-05-20 20:42:16,173
2014-05-20 22:42:00,192
2014-05-21 12:00:00,1563
2014-05-21 15:37:02,3876
2014-05-21 20:30:01,1101
2014-05-22 15:00:01,870
2014-05-22 19:37:44,16980
2014-05-22 20:46:00,5785
2014-05-22 22:31:57,3889
2014-05-23 15:23:09,16986
2014-05-23 16:21:36,7028
2014-05-23 20:04:56,4419
2014-05-25 12:00:01,791
2014-05-25 13:33:26,16986
2014-05-26 15:06:50,8754
2014-05-27 17:09:02,2700
2014-05-27 19:25:59,12810
2014-05-28 17:51:58,2665
2014-05-29 16:21:56,5579
2014-05-30 14:00:01,4143
2014-05-30 15:20:56,3649
2014-05-30 19:54:14,8527
2014-05-31 12:00:02,2623
2014-06-02 19:03:50,10631
2014-06-03 15:02:59,7823
2014-06-04 14:42:01,14739
2014-06-04 18:36:01,2992
2014-06-04 21:00:00,644
2014-06-05 16:21:59,13339
2014-06-06 15:06:55,12224
2014-06-06 19:51:40,904
2014-06-06 20:40:51,5165
2014-06-08 12:00:00,2835
2014-06-09 18:13:50,8922
2014-06-10 15:06:10,962
2014-06-10 19:47:49,2197
2014-06-11 01:25:30,993
2014-06-11 16:52:56,1061
2014-06-11 22:33:46,2987
2014-06-12 17:01:49,4736
2014-06-13 17:51:43,13632
2014-06-13 20:21:44,6434
2014-06-13 20:47:19,6564
2014-06-14 12:00:00,3565
2014-06-15 16:32:41,16789
2014-06-16 01:40:44,358
2014-06-16 17:12:01,10290
2014-06-16 20:00:00,723
2014-06-17 19:32:01,3463
2014-06-18 12:00:01,645
2014-06-18 17:06:04,4661
2014-06-19 18:30:00,6985
2014-06-19 22:35:01,3684
2014-06-20 15:15:01,893
2014-06-20 19:20:22,4168
2014-06-20 21:13:02,3022
2014-06-22 12:00:02,3306
2014-06-22 21:48:01,4524
2014-06-23 19:32:01,12972
2014-06-24 18:53:41,8614
2014-06-25 18:14:03,6705
2014-06-26 15:21:30,6792
2014-06-26 22:40:00,364
2014-06-27 17:45:01,340
2014-06-27 20:36:01,7194
2014-06-29 12:00:01,4042
2014-06-30 16:12:01,7881
2014-07-01 15:09:01,3260
2014-07-01 18:53:01,5928
2014-07-01 20:54:02,8669
2014-07-01 21:01:02,5394
2014-07-02 18:11:01,6601
2014-07-03 15:07:02,2348
2014-07-03 19:02:01,12836
2014-07-04 15:21:01,7439
2014-07-05 15:01:55,5812
2014-07-07 13:51:33,8669
2014-07-07 17:08:02,13776
2014-07-08 17:11:01,3521
2014-07-09 17:02:10,9394
2014-07-09 20:23:16,8541
2014-07-10 16:31:01,5157
2014-07-10 19:47:14,363
2014-07-11 15:12:32,1256
2014-07-11 18:30:01,8745
2014-07-11 21:56:45,2170
2014-07-12 01:40:00,1965
2014-07-12 15:10:01,13730
2014-07-12 16:25:01,498
2014-07-12 17:20:00,332
2014-07-12 21:12:03,19406
2014-07-13 00:47:02,13978
2014-07-13 01:35:01,419
2014-07-13 14:25:00,3624
2014-07-13 18:31:03,6516
2014-07-14 15:46:01,10644
2014-07-14 19:42:09,8521
2014-07-15 00:30:00,227
2014-07-15 17:04:01,11298
2014-07-15 19:05:00,1900
2014-07-16 00:25:00,981
2014-07-16 16:47:01,5654
2014-07-16 20:05:00,1153
2014-07-16 20:50:22,7276
2014-07-17 17:14:01,9723
2014-07-17 21:22:54,7219
2014-07-18 17:22:06,5709
2014-07-18 19:34:42,7219
2014-07-18 20:10:03,404
2014-07-18 22:00:00,174
2014-07-18 23:32:36,3650
2014-07-19 17:02:45,1453
2014-07-20 01:35:57,6330
2014-07-20 02:05:02,745
2014-07-20 02:18:34,1666
2014-07-20 16:00:45,825
2014-07-21 15:31:32,3622
2014-07-21 17:08:01,5355
2014-07-21 20:19:02,4596
2014-07-22 18:11:01,6737
2014-07-22 20:55:01,653
2014-07-23 16:10:01,577
2014-07-23 16:58:36,1892
2014-07-23 19:13:01,9177
2014-07-24 20:04:01,9864
2014-07-25 16:45:00,746
2014-07-25 22:32:02,5556
2014-07-26 17:05:01,507
2014-07-26 21:51:00,1637
2014-07-27 18:05:01,849
2014-07-28 15:04:02,9398
2014-07-28 18:11:02,13861
2014-07-28 20:05:01,478
2014-07-29 17:10:01,423
2014-07-29 20:15:01,5431
2014-07-30 14:52:03,4112
2014-07-30 16:44:01,2868
2014-07-31 16:32:01,5612
2014-07-31 20:34:06,9020
2014-08-01 14:43:01,2511
2014-08-01 17:42:11,1605
2014-08-02 18:11:03,952
2014-08-04 15:12:01,2588
2014-08-05 01:00:01,490
2014-08-05 15:37:51,7827
2014-08-05 18:12:05,16204
2014-08-06 00:10:00,480
2014-08-06 17:12:05,8669
2014-08-06 22:12:04,4175
2014-08-07 04:08:01,450
2014-08-07 18:29:01,8101
2014-08-08 01:00:01,437
2014-08-08 16:35:11,3129
2014-08-08 20:00:52,7171
2014-08-09 00:55:47,319
2014-08-11 18:11:02,794
2014-08-12 00:48:05,328
2014-08-12 17:11:04,5412
2014-08-13 14:00:02,2767
2014-08-13 17:06:55,17829
2014-08-13 17:14:00,17826
2014-08-13 21:16:01,2118
2014-08-14 13:49:49,8020
2014-08-14 17:15:27,548
2014-08-14 20:03:58,17826
2014-08-14 23:11:01,3413
2014-08-15 15:36:03,6502
2014-08-15 19:40:01,395
2014-08-15 21:10:00,3927
2014-08-15 22:10:01,274
2014-08-15 23:23:05,4760
2014-08-16 01:28:31,4449
2014-08-16 02:32:13,332
2014-08-16 13:55:07,6921
2014-08-16 18:44:27,2893
2014-08-16 19:45:01,7973
2014-08-16 22:40:02,4225
2014-08-17 18:25:00,7323
2014-08-18 17:42:11,571
2014-08-18 21:11:01,18904
2014-08-19 01:05:00,354
2014-08-19 16:58:52,3407
2014-08-19 18:16:01,7737
2014-08-19 19:52:20,1008
2014-08-20 17:22:01,8249
2014-08-21 18:27:01,2023
2014-08-21 23:11:02,1948
2014-08-22 14:05:04,7850
2014-08-22 19:29:24,6251
2014-08-23 19:15:04,8926
2014-08-25 17:22:02,4192
2014-08-26 18:43:05,6584
2014-08-27 14:55:24,4934
2014-08-28 13:32:40,5092
2014-08-29 14:09:22,5036
2014-08-29 14:54:22,8950
2014-08-29 15:46:15,12940
2014-08-29 21:00:01,6990
2014-08-30 16:00:03,3337
2014-08-30 23:00:01,2764
2014-09-01 01:00:02,2727
2014-09-01 13:00:09,18169
2014-09-02 15:00:13,12460
2014-09-03 17:00:02,7499
2014-09-04 18:00:09,6338
2014-09-05 21:00:07,9873
2014-09-06 15:00:02,2312
2014-09-07 16:00:22,13300
2014-09-08 19:13:55,6642
2014-09-09 22:00:58,2012
2014-09-11 14:00:18,10400
2014-09-12 14:15:02,13380
2014-09-13 14:17:02,14066
2014-09-14 16:00:06,20273
2014-09-15 15:16:11,6113
2014-09-16 14:00:04,7131
2014-09-17 14:30:03,11794
2014-09-18 14:17:03,14787
2014-09-19 15:00:03,6394
2014-09-19 23:15:04,6155
2014-09-22 15:10:02,792
2014-09-22 15:29:02,14494
2014-09-23 14:00:02,13279
2014-09-24 15:00:06,13907
2014-09-25 14:19:02,1975
2014-09-26 14:22:02,10405
2014-09-27 14:00:10,12131
2014-09-28 14:25:03,11888
2014-09-29 14:28:03,7443
2014-09-30 14:30:01,7326
2014-10-01 14:38:04,6901
2014-10-02 14:00:08,15866
2014-10-03 13:57:55,4338
2014-10-03 14:03:01,871
2014-10-03 23:25:15,4865
2014-10-04 14:00:02,2693
2014-10-05 14:00:04,8956
2014-10-06 14:01:48,413
2014-10-07 14:00:03,866
2014-10-08 14:00:02,5300
2014-10-09 14:00:04,13525
2014-10-10 14:00:04,9377
2014-10-11 14:00:01,5017
2014-10-12 14:00:02,1026
2014-10-13 14:00:04,14054
2014-10-14 15:00:02,4610
2014-10-15 15:00:08,2419
2014-10-16 15:00:03,10566
2014-10-17 15:00:02,11115
2014-10-18 15:00:04,3926
2014-10-19 15:00:06,9713
2014-10-20 15:30:02,6976
2014-10-21 13:48:46,1689
2014-10-21 18:50:06,423
2014-10-22 15:30:03,12000
2014-10-23 14:00:06,595
2014-10-23 20:15:05,1549
2014-10-24 14:00:01,1369
2014-10-27 18:33:59,2744
2014-10-28 19:30:03,11426
2014-10-29 15:16:21,3672
2014-10-30 14:17:28,429
2014-10-30 19:47:13,12877
2014-10-31 14:00:04,14664
2014-11-01 14:28:52,3973
2014-11-01 18:32:40,2880
2014-11-01 20:44:31,977
2014-11-01 22:01:27,2547
2014-11-01 22:43:10,3217
2014-11-02 00:07:57,2449
2014-11-02 01:48:05,2673
2014-11-02 03:05:32,1017
2014-11-02 15:00:05,6363
2014-11-03 16:45:01,871
2014-11-05 15:30:01,13904
2014-11-06 14:47:53,347
2014-11-07 20:16:48,4918
2014-11-07 20:18:03,464
2014-11-10 20:37:03,3623
2014-11-11 14:30:04,2489
2014-11-12 18:59:04,5616
2014-11-12 21:40:44,2669
2014-11-13 16:00:44,473
2014-11-13 19:30:01,2964
2014-11-14 15:11:45,3983
2014-11-14 15:20:13,2380
2014-11-15 16:00:02,3423
2014-11-17 18:44:06,5888
2014-11-18 16:35:35,9044
2014-11-19 17:53:57,5106
2014-11-20 16:05:21,619
2014-11-21 15:00:50,4045
2014-11-22 15:00:05,9805
2014-11-23 23:23:47,314
2014-11-24 03:09:11,10225
2014-11-24 14:33:32,9526
2014-11-25 15:20:03,4652
2014-11-26 14:03:08,652
2014-11-27 15:00:03,3408
2014-11-28 14:00:01,11261
2014-11-29 15:00:03,4896
2014-12-01 13:00:02,814
2014-12-02 17:00:11,8122
2014-12-03 14:53:12,3460
2014-12-03 15:00:01,8905
2014-12-04 15:00:03,4634
2014-12-05 15:00:08,8598
2014-12-06 15:00:02,7004
2014-12-08 15:17:13,8373
2014-12-09 15:30:02,7584
2014-12-10 15:30:03,13520
2014-12-11 15:30:02,1249
2014-12-12 14:49:41,6603
2014-12-13 15:30:01,5430
2014-12-15 15:48:40,5987
2014-12-16 15:37:43,1532
2014-12-17 14:45:59,7703
2014-12-18 14:53:19,1474
2014-12-18 22:18:29,4186
2014-12-19 14:57:46,6003
2014-12-20 15:00:05,4449
2014-12-22 15:00:03,3504
2014-12-23 15:00:09,10283
2014-12-24 15:00:01,9320
2014-12-25 15:00:08,6118
2014-12-26 15:00:05,13657
2014-12-29 15:00:02,9042
2014-12-30 15:00:03,6152
2014-12-31 15:00:01,6978
2015-01-01 15:00:03,7373
2015-01-02 15:00:02,15618
2015-01-02 16:11:27,3767
2015-01-03 15:00:03,4833
2015-01-05 18:04:45,13078
2015-01-06 15:04:43,11631
2015-01-07 14:58:01,13079
2015-01-07 16:00:01,111
2015-01-08 20:04:43,23976
2015-01-09 16:00:01,18037
2015-01-10 15:00:07,11633
2015-01-12 15:00:07,15434
2015-01-13 15:00:01,1629
2015-01-14 15:00:41,8443
2015-01-14 21:00:52,3480
2015-01-16 16:33:13,3121
2015-01-16 18:49:59,3330
2015-01-16 21:26:59,8052
2015-01-17 15:00:02,13950
2015-01-18 02:03:50,3044
2015-01-18 15:22:37,4254
2015-01-18 18:00:02,8336
2015-01-19 15:44:56,1219
2015-01-20 15:22:33,3804
2015-01-21 15:32:12,6781
2015-01-22 15:50:03,4168
2015-01-23 15:00:01,8539
2015-01-26 14:54:56,7503
2015-01-27 15:35:39,7445
2015-01-27 18:59:30,8774
2015-01-28 15:51:03,5619
2015-01-29 14:35:19,896
2015-01-29 23:58:15,5030
2015-01-30 15:10:53,5850
2015-01-31 15:19:47,5683
2015-02-01 14:36:57,1247
2015-02-01 20:30:01,6025
2015-02-02 01:27:57,1940
2015-02-02 02:05:05,2069
2015-02-02 02:09:57,4975
2015-02-02 02:27:13,4777
2015-02-02 02:31:23,8273
2015-02-02 02:58:25,6417
2015-02-02 03:13:38,17142
2015-02-02 17:11:31,1351
2015-02-03 16:52:40,10547
2015-02-04 18:32:31,4822
2015-02-05 15:31:41,2147
2015-02-07 23:35:21,24378
2015-02-07 23:36:20,7571
2015-02-08 18:37:26,838
2015-02-09 15:12:24,18332
2015-02-10 15:33:11,1783
2015-02-11 14:49:25,7020
2015-02-12 15:03:49,5727
2015-02-13 15:45:18,7524
2015-02-14 15:26:14,6671
2015-02-16 18:12:24,7283
2015-02-17 14:58:35,8763
2015-02-17 15:27:30,6421
2015-02-18 14:25:46,580
2015-02-18 15:59:12,8913
2015-02-19 19:45:19,728
2015-02-20 16:01:26,10942
2015-02-21 17:59:39,11332
2015-02-23 14:40:58,5162
2015-02-25 14:49:07,6009
2015-02-25 22:28:26,1850
2015-02-26 15:05:55,12319
2015-02-26 20:11:03,494
2015-02-27 15:02:18,8746
2015-03-02 15:56:39,14559
2015-03-03 15:37:40,7642
2015-03-04 15:01:15,2841
2015-03-05 14:15:09,2879
2015-03-06 20:04:54,492
2015-03-06 21:59:28,674
2015-03-07 23:29:41,14223
2015-03-09 15:20:27,13676
2015-03-10 15:49:48,12627
2015-03-11 16:02:53,3952
2015-03-12 14:46:12,2953
2015-03-13 14:32:22,1888
2015-03-13 18:38:13,13106
2015-03-13 19:51:12,23999
2015-03-15 13:59:25,12084
2015-03-16 14:47:01,9008
2015-03-17 16:58:03,16349
2015-03-18 20:19:37,5520
2015-03-19 18:25:00,1710
2015-03-20 13:58:57,813
2015-03-20 19:25:34,10258
2015-03-20 20:16:35,325
2015-03-21 15:00:03,15264
2015-03-21 20:00:13,283
2015-03-23 15:09:35,8563
2015-03-23 17:58:16,12896
2015-03-24 17:16:51,9363
2015-03-26 14:30:04,1607
2015-03-26 15:15:46,775
2015-03-27 15:00:03,5302
2015-03-27 16:30:04,9216
2015-03-27 17:16:30,614
2015-03-27 21:33:05,9339
2015-03-28 16:43:09,2379
2015-03-28 20:42:26,2877
2015-03-28 23:23:01,12271
2015-03-29 16:31:29,6577
2015-03-29 21:00:03,8126
2015-03-30 18:44:21,7276
2015-03-31 14:21:55,2838
2015-03-31 19:58:01,10937
2015-04-01 15:01:42,480
2015-04-01 21:04:15,14429
2015-04-02 17:51:15,12624
2015-04-02 21:11:47,1352
2015-04-03 06:00:01,6666
2015-04-03 14:00:03,4673
2015-04-03 17:25:22,947
2015-04-04 15:00:02,8588
2015-04-05 15:00:08,7184
2015-04-06 15:42:41,5998
2015-04-06 21:03:42,5063
2015-04-07 14:47:02,12439
2015-04-07 17:57:53,3742
2015-04-08 14:50:03,6913
2015-04-09 17:59:33,6899
2015-04-10 13:57:11,441
2015-04-10 17:42:52,14586
2015-04-10 19:54:15,2891
2015-04-11 14:00:05,2844
2015-04-12 17:00:02,10455
2015-04-13 14:49:27,7057
2015-04-14 14:35:01,8395
2015-04-15 17:00:05,4664
2015-04-16 13:25:59,7974
2015-04-16 15:19:57,1065
2015-04-16 19:21:59,4936
2015-04-16 19:36:30,22000
2015-04-17 18:03:04,5546
2015-04-17 20:49:32,3522
2015-04-18 14:00:05,5086
2015-04-19 14:30:03,6725
2015-04-20 14:13:01,7527
2015-04-21 14:52:14,979
2015-04-21 20:26:34,427
2015-04-22 15:24:31,5323
2015-04-22 19:39:34,4331
2015-04-23 14:42:31,4405
2015-04-23 20:04:29,7947
2015-04-24 14:21:06,3421
2015-04-25 14:30:02,1465
2015-04-26 14:30:06,4540
2015-04-26 18:30:04,2874
2015-04-27 14:43:33,2564
2015-04-28 14:00:05,2974
2015-04-29 15:06:12,12401
2015-04-30 14:25:58,3360
2015-04-30 17:22:02,5414
2015-04-30 20:45:05,4771
2015-04-30 21:00:39,8460
2015-05-01 14:04:51,5627
2015-05-01 20:47:01,3457
2015-05-02 14:30:06,2427
2015-05-02 18:00:04,5254
2015-05-03 14:30:02,1180
2015-05-03 19:00:04,3756
2015-05-04 14:22:04,2108
2015-05-04 17:30:06,4479
2015-05-04 20:31:34,3706
2015-05-04 21:14:44,369
2015-05-05 15:23:36,3768
2015-05-05 22:13:11,5444
2015-05-06 15:23:04,7045
2015-05-06 19:00:09,4096
2015-05-07 17:25:04,9651
2015-05-07 21:00:09,7568
2015-05-08 13:48:35,4324
2015-05-08 20:30:41,2285
2015-05-09 14:00:07,778
2015-05-09 14:00:08,1927
2015-05-09 18:00:05,3726
2015-05-09 21:30:03,2222
2015-05-10 14:00:05,2013
2015-05-10 14:00:05,2388
2015-05-10 18:00:07,2809
2015-05-10 19:00:06,4613
2015-05-11 14:30:03,7185
2015-05-11 17:49:07,227
2015-05-11 21:08:22,4202
2015-05-12 13:55:53,5187
2015-05-13 19:15:01,5921
2015-05-13 22:00:04,3234
2015-05-14 14:28:22,7804
2015-05-14 19:00:05,6466
2015-05-15 14:17:03,3495
2015-05-15 17:32:22,1587
2015-05-15 20:59:35,1105
2015-05-16 14:00:09,3756
2015-05-16 18:00:04,14767
2015-05-17 14:00:08,2704
2015-05-18 14:00:07,1971
2015-05-18 18:00:03,7427
2015-05-18 21:42:56,1061
2015-05-19 14:04:39,4153
2015-05-20 14:15:40,4581
2015-05-21 14:00:05,2011
2015-05-21 18:00:04,4797
2015-05-22 14:16:31,6098
2015-05-23 14:00:11,3040
2015-05-23 20:00:03,9320
2015-05-24 14:30:05,8246
2015-05-25 14:00:15,2357
2015-05-25 20:00:03,6093
2015-05-26 00:30:02,4720
2015-05-26 15:00:07,2646
2015-05-26 18:00:04,11262
2015-05-27 14:27:05,8479
2015-05-28 13:41:12,418
2015-05-28 17:12:04,4887
2015-05-28 19:44:15,4321
2015-05-29 14:30:03,8113
2015-05-29 16:30:03,4959
2015-05-30 13:59:29,10186
2015-05-30 17:59:54,4486
2015-05-30 20:03:02,1652
2015-05-31 14:30:06,7562
2015-06-01 18:30:20,4322
2015-06-01 21:03:10,8975
2015-06-02 23:00:07,6862
2015-06-03 15:03:40,7354
2015-06-04 13:34:34,1911
2015-06-04 16:56:10,266
2015-06-04 20:00:04,9984
2015-06-05 00:00:07,7921
2015-06-05 14:00:09,4577
2015-06-05 21:01:07,1405
2015-06-06 15:00:08,6650
2015-06-08 03:00:07,7591
2015-06-08 15:12:11,2354
2015-06-08 21:03:03,6064
2015-06-09 00:00:02,584
2015-06-09 14:30:09,5301
2015-06-09 17:12:11,1590
2015-06-09 19:00:35,10012
2015-06-09 21:00:05,6154
2015-06-09 22:21:44,647
2015-06-10 15:39:07,4337
2015-06-11 14:30:02,414
2015-06-11 19:21:49,9240
2015-06-12 14:32:04,5637
2015-06-13 15:00:08,4345
2015-06-13 20:00:03,7599
2015-06-14 14:00:09,3143
2015-06-15 15:15:03,4536
2015-06-15 20:00:07,5698
2015-06-16 15:11:33,3613
2015-06-16 19:00:04,12107
2015-06-17 13:40:59,14644
2015-06-17 18:29:04,4981
2015-06-18 14:00:06,2213
2015-06-18 17:00:05,3224
2015-06-19 15:00:11,6718
2015-06-20 00:00:04,8058
2015-06-20 15:30:03,7073
2015-06-21 14:30:03,10325
2015-06-21 20:00:03,5074
2015-06-22 16:03:46,3541
2015-06-22 20:30:04,3319
2015-06-23 14:30:02,2292
2015-06-23 19:00:03,6000
2015-06-24 17:37:03,5204
2015-06-25 14:30:01,1287
2015-06-25 19:00:04,5598
2015-06-25 22:09:03,423
2015-06-26 15:00:04,7060
2015-06-27 14:30:08,2966
2015-06-27 19:00:03,4371
2015-06-27 23:00:03,7253
2015-06-28 14:30:03,2128
2015-06-29 15:25:40,2704
2015-06-29 20:30:04,4459
2015-06-30 15:06:02,743
2015-06-30 18:00:05,7901
2015-07-01 15:33:03,10081
2015-07-01 17:23:27,20966
2015-07-01 17:24:51,3317
2015-07-02 01:20:50,271
2015-07-02 15:00:07,5975
2015-07-02 20:00:05,5838
2015-07-03 15:00:06,9702
2015-07-04 15:00:06,13358
2015-07-05 00:00:10,3189
2015-07-05 15:00:06,3979
2015-07-06 17:09:37,2365
2015-07-06 21:00:04,10015
2015-07-07 15:44:32,6270
2015-07-07 18:30:04,1654
2015-07-07 23:00:06,7391
2015-07-08 15:12:03,5858
2015-07-08 19:59:59,2188
2015-07-09 18:30:03,7349
2015-07-10 02:12:53,542
2015-07-10 12:34:31,4067
2015-07-10 14:43:09,8495
2015-07-10 17:20:09,2821
2015-07-10 22:00:05,6277
2015-07-11 00:49:01,470
2015-07-11 13:16:28,4286
2015-07-11 16:19:24,4691
2015-07-11 18:36:24,4205
2015-07-11 21:52:47,2356
2015-07-12 13:02:01,587
2015-07-12 15:21:27,3038
2015-07-12 19:30:16,1516
2015-07-13 15:00:07,4791
2015-07-13 20:00:08,2567
2015-07-14 13:49:17,5052
2015-07-14 16:14:34,3379
2015-07-15 01:00:12,7713
2015-07-15 15:09:04,4163
2015-07-15 16:12:06,925
2015-07-15 19:06:35,1509
2015-07-16 14:21:13,7927
2015-07-16 19:00:04,7199
2015-07-17 00:00:15,719
2015-07-17 14:27:53,9077
2015-07-17 18:54:03,3375
2015-07-17 20:00:07,5351
2015-07-18 14:30:03,4392
2015-07-19 17:00:05,7458
2015-07-20 15:00:09,5758
2015-07-20 18:30:04,4773
2015-07-21 15:34:04,1755
2015-07-21 18:30:02,1653
2015-07-21 21:30:02,3263
2015-07-22 15:02:13,966
2015-07-22 19:35:27,4608
2015-07-23 19:00:02,4461
2015-07-23 23:00:01,1908
2015-07-24 15:26:31,739
2015-07-24 16:05:25,1447
2015-07-24 18:30:02,3029
2015-07-24 21:06:34,703
2015-07-25 00:00:02,3287
2015-07-25 17:00:02,6767
2015-07-26 15:30:03,5287
2015-07-27 14:03:03,1061
2015-07-27 16:30:03,6969
2015-07-27 19:00:54,1607
2015-07-27 21:00:02,5198
2015-07-28 16:21:04,2888
2015-07-28 22:00:03,6087
2015-07-29 15:46:05,2232
2015-07-29 18:10:02,3280
2015-07-30 14:36:33,1671
2015-07-30 21:09:54,395
2015-07-30 22:00:02,3862
2015-07-31 15:30:02,6495
2015-07-31 18:20:04,1716
2015-07-31 21:00:02,8478
2015-07-31 21:30:50,4447
2015-08-01 15:00:08,5369
2015-08-02 17:00:12,3740
2015-08-03 15:18:28,4992
2015-08-03 19:00:09,5534
2015-08-04 02:03:56,7140
2015-08-04 15:00:10,1062
2015-08-04 19:00:05,4649
2015-08-05 13:47:30,996
2015-08-05 18:00:04,6756
2015-08-05 21:31:17,3741
2015-08-06 20:15:07,389
2015-08-06 21:00:05,5772
2015-08-07 03:17:05,1230
2015-08-07 13:59:02,6747
2015-08-07 17:06:02,7626
2015-08-07 19:27:58,2119
2015-08-07 21:41:25,4182
2015-08-08 01:41:24,977
2015-08-08 13:23:05,5434
2015-08-08 15:44:27,7541
2015-08-08 20:40:32,8882
2015-08-09 20:58:00,2300
2015-08-09 20:59:20,4674
2015-08-10 14:30:15,4109
2015-08-10 17:01:00,1642
2015-08-10 20:44:58,6636
2015-08-11 15:02:31,5293
2015-08-11 17:03:21,281
2015-08-11 19:00:05,405
2015-08-11 20:00:06,6574
2015-08-12 14:14:00,2722
2015-08-12 16:00:04,4004
2015-08-12 20:04:31,1259
2015-08-12 20:11:02,3110
2015-08-12 21:44:05,756
2015-08-13 00:23:28,2402
2015-08-13 01:00:03,4189
2015-08-13 02:40:57,2261
2015-08-13 16:23:02,1577
2015-08-13 20:27:02,306
2015-08-13 22:07:32,2620
2015-08-14 00:13:11,2870
2015-08-14 02:05:27,1937
2015-08-14 15:00:04,1344
2015-08-14 17:10:27,149
2015-08-14 22:12:57,2056
2015-08-15 01:40:37,2455
2015-08-15 13:00:02,1679
2015-08-15 14:10:56,3159
2015-08-15 17:00:02,1423
2015-08-15 19:49:55,4122
2015-08-15 22:11:34,2234
2015-08-16 00:00:00,5546
2015-08-17 18:44:02,13138
2015-08-18 15:00:06,2566
2015-08-18 19:00:02,1758
2015-08-18 23:00:05,6073
2015-08-19 16:00:05,4240
2015-08-20 15:00:10,12634
2015-08-20 20:00:09,1645
2015-08-21 14:30:02,6342
2015-08-22 12:00:04,3924
2015-08-22 15:13:40,10776
2015-08-23 14:30:01,3576
2015-08-24 17:00:04,4135
2015-08-24 19:43:04,3526
2015-08-24 22:00:03,2748
2015-08-25 15:30:01,4970
2015-08-25 19:00:06,3562
2015-08-26 14:30:02,6028
2015-08-27 15:57:02,1616
2015-08-27 20:00:02,8401
2015-08-28 13:37:54,4852
2015-08-28 21:00:06,2296
2015-08-29 15:30:05,3784
2015-08-29 19:00:01,3423
2015-08-30 16:00:03,5431
2015-08-31 15:52:07,11893
2015-09-01 15:00:03,1999
2015-09-01 18:23:32,7200
2015-09-01 20:00:00,3215
2015-09-02 03:01:46,1238
2015-09-02 15:00:05,7066
2015-09-02 19:00:00,4982
2015-09-03 18:05:01,9151
2015-09-03 18:44:55,2696
2015-09-03 22:00:03,16051
2015-09-04 12:56:36,4711
2015-09-04 16:28:07,12085
2015-09-05 00:00:03,8046
2015-09-05 15:00:03,2161
2015-09-06 17:00:02,3779
2015-09-07 15:00:03,4328
2015-09-07 19:00:02,8461
2015-09-08 17:00:03,2244
2015-09-08 20:00:04,3047
2015-09-09 15:28:02,4593
2015-09-10 15:00:10,3868
2015-09-10 18:30:02,7577
2015-09-10 21:30:01,4592
2015-09-11 15:30:02,7182
2015-09-11 19:30:02,4364
2015-09-12 15:30:02,2912
2015-09-12 19:00:02,3743
2015-09-13 14:30:02,2271
2015-09-14 21:00:02,7961
2015-09-15 00:00:03,9215
2015-09-15 15:30:03,791
2015-09-15 20:00:02,3352
2015-09-15 22:02:00,3150
2015-09-16 16:00:06,4189
2015-09-17 15:36:02,4737
2015-09-17 20:30:02,391
2015-09-18 13:30:07,8472
2015-09-18 15:30:39,4283
2015-09-18 21:30:02,3662
2015-09-19 14:08:30,4278
2015-09-19 18:00:01,824
2015-09-19 22:00:03,4509
2015-09-20 16:00:03,7040
2015-09-21 17:30:07,3597
2015-09-21 20:00:07,4310
2015-09-22 14:30:06,4831
2015-09-22 18:00:03,19067
2015-09-22 22:15:08,213
2015-09-23 15:00:04,3482
2015-09-24 14:30:03,3253
2015-09-24 18:00:38,31027
2015-09-24 23:30:05,2857
2015-09-25 21:30:05,2511
2015-09-25 22:30:00,3515
2015-09-26 14:30:06,5592
2015-09-26 20:00:06,2509
2015-09-28 15:30:06,4344
2015-09-29 00:00:02,3605
2015-09-29 15:30:02,719
2015-09-29 19:00:06,1537
2015-09-30 15:30:03,5604
2015-09-30 19:30:02,4273
2015-10-01 14:37:00,3169
2015-10-01 20:00:01,21805
2015-10-02 15:00:06,21719
2015-10-02 18:04:29,2405
2015-10-02 23:30:05,1285
2015-10-03 16:00:07,1937
2015-10-03 19:30:02,7044
2015-10-04 15:30:06,3358
2015-10-05 15:30:06,3650
2015-10-05 21:00:05,3139
2015-10-06 15:00:03,571
2015-10-06 21:00:05,2313
2015-10-07 14:22:15,715
2015-10-07 15:30:01,32687
2015-10-07 20:00:02,15442
2015-10-08 00:00:02,18518
2015-10-08 15:30:06,5824
2015-10-09 14:30:08,4411
2015-10-09 18:30:05,5096
2015-10-10 16:00:03,2632
2015-10-10 19:00:05,2855
2015-10-11 16:00:05,7283
2015-10-12 15:00:08,3410
2015-10-12 19:00:06,3497
2015-10-13 04:00:02,925
2015-10-13 15:30:02,2839
2015-10-13 17:30:02,16368
2015-10-13 20:00:04,1762
2015-10-14 16:00:03,5339
2015-10-14 20:00:05,2550
2015-10-15 15:30:01,3636
2015-10-15 19:00:01,47876
2015-10-16 14:30:10,4225
2015-10-16 18:00:03,5256
2015-10-16 21:00:07,2621
2015-10-17 16:00:06,2969
2015-10-17 19:00:02,2878
2015-10-18 15:30:06,2945
2015-10-18 19:00:01,5130
2015-10-19 17:14:02,299
2015-10-19 20:00:02,12057
2015-10-19 22:06:23,17029
2015-10-20 15:00:05,2589
2015-10-20 20:00:02,6618
2015-10-21 16:00:06,6364
2015-10-21 18:20:02,8635
2015-10-21 22:00:02,3002
2015-10-22 15:45:02,28474
2015-10-22 20:00:02,1496
2015-10-23 15:30:03,7966
2015-10-23 18:30:02,27997
2015-10-24 14:34:05,3072
2015-10-24 21:00:06,7363
2015-10-25 19:00:02,5126
2015-10-25 20:00:01,2690
2015-10-26 15:30:02,41879
2015-10-26 20:00:03,10814
2015-10-27 15:00:03,3044
2015-10-27 17:16:19,2394
2015-10-27 21:00:03,8168
2015-10-28 15:30:08,3599
2015-10-28 19:00:04,9098
2015-10-29 16:00:03,29691
2015-10-29 19:00:02,5569
2015-10-30 15:00:02,5534
2015-10-30 19:30:04,12316
2015-10-31 14:04:57,1993
2015-10-31 15:30:02,11377
2015-10-31 21:00:02,12716
2015-11-01 15:10:25,1290
2015-11-01 16:30:03,5638
2015-11-01 21:00:03,3101
2015-11-02 00:00:01,7423
2015-11-02 14:00:03,4326
2015-11-02 20:33:32,6517
2015-11-02 22:00:04,7580
2015-11-03 00:00:04,3285
2015-11-03 16:00:00,37273
2015-11-03 17:00:00,8607
2015-11-04 00:21:01,1133
2015-11-04 00:46:28,1421
2015-11-04 16:30:02,6183
2015-11-04 19:00:04,1893
2015-11-04 22:00:03,8132
2015-11-05 00:36:13,513
2015-11-05 14:20:04,17813
2015-11-05 16:30:01,7472
2015-11-05 20:00:02,4265
2015-11-06 16:30:01,20536
2015-11-06 23:00:05,5718
2015-11-07 16:30:01,2085
2015-11-07 21:00:03,7325
2015-11-08 16:30:01,6194
2015-11-08 21:30:01,41591
2015-11-09 16:30:03,7980
2015-11-09 21:00:03,9272
2015-11-09 23:24:17,3941
2015-11-10 16:00:02,6457
2015-11-10 19:30:02,7314
2015-11-11 16:30:02,1380
2015-11-12 01:00:04,5185
2015-11-12 14:30:02,15762
2015-11-12 19:30:02,11137
2015-11-13 16:00:05,4561
2015-11-13 22:00:02,6829
2015-11-15 16:30:01,3955
2015-11-15 20:30:01,10125
2015-11-16 18:21:34,29427
2015-11-17 16:32:03,5095
2015-11-17 21:00:06,4769
2015-11-18 16:30:02,2878
2015-11-18 20:00:00,2195
2015-11-19 20:26:00,2615
2015-11-20 00:00:03,11097
2015-11-20 16:00:07,7654
2015-11-20 20:30:14,7040
2015-11-21 15:30:02,4639
2015-11-21 20:00:03,3958
2015-11-22 15:30:02,7025
2015-11-23 01:45:53,431
2015-11-23 02:53:57,547
2015-11-23 18:47:15,1490
2015-11-23 22:00:03,6943
2015-11-24 15:29:01,3196
2015-11-24 20:30:06,33386
2015-11-24 22:00:03,85
2015-11-25 16:30:02,10820
2015-11-26 16:00:03,1688
2015-11-26 22:00:02,8976
2015-11-27 13:00:00,1969
2015-11-27 15:00:03,2937
2015-11-27 21:00:02,9108
2015-11-28 16:00:04,3743
2015-11-28 19:00:08,2515
2015-11-28 21:00:02,2183
2015-11-29 01:00:05,8393
2015-11-30 20:00:08,9254
2015-11-30 22:00:02,69
2015-12-01 01:30:03,58610
2015-12-01 17:30:14,1625
2015-12-01 19:30:01,11889
2015-12-01 22:00:11,7057
2015-12-02 16:30:02,9322
2015-12-02 23:00:04,26353
2015-12-03 16:00:05,2880
2015-12-03 21:26:23,3126
2015-12-04 14:53:49,2312
2015-12-04 16:30:01,2495
2015-12-04 22:00:04,3236
2015-12-05 16:30:03,4891
2015-12-05 21:00:03,62647
2015-12-06 16:30:01,6751
2015-12-06 23:00:03,1957
2015-12-07 15:00:06,1362
2015-12-07 16:12:14,436
2015-12-07 17:00:07,3018
2015-12-07 19:30:50,44089
2015-12-08 01:00:58,3161
2015-12-08 16:33:03,2351
2015-12-08 21:00:08,6117
2015-12-09 17:00:04,3335
2015-12-09 22:00:03,11703
2015-12-10 00:01:30,114
2015-12-10 15:30:04,6190
2015-12-10 20:00:01,1806
2015-12-11 17:00:03,3773
2015-12-11 18:55:05,2685
2015-12-11 22:00:04,3944
2015-12-12 16:30:04,5926
2015-12-12 18:43:55,19687
2015-12-13 00:00:06,14882
2015-12-13 02:23:37,49077
2015-12-13 16:40:03,9273
2015-12-13 23:00:03,12828
2015-12-14 22:33:30,695
2015-12-15 06:02:07,22734
2015-12-15 18:22:34,7705
2015-12-16 06:32:01,9857
2015-12-16 16:30:03,12833
2015-12-16 19:46:41,3196
2015-12-16 21:00:24,5747
2015-12-17 16:07:33,7722
2015-12-17 21:33:00,36612
2015-12-18 17:00:04,209743
2015-12-18 20:30:03,7497
2015-12-19 16:00:05,15765
2015-12-19 23:00:02,2674
2015-12-20 16:30:02,9057
2015-12-20 23:00:03,11222
2015-12-21 15:30:02,10087
2015-12-21 22:00:02,8305
2015-12-22 16:00:02,1837
2015-12-22 20:30:02,3371
2015-12-23 16:30:04,11484
2015-12-23 21:00:03,5459
2015-12-24 16:30:12,6494
2015-12-25 00:00:00,2184
2015-12-25 16:00:03,2868
2015-12-25 23:00:02,1527
2015-12-26 15:30:02,13677
2015-12-27 00:00:02,9254
2015-12-27 15:30:02,14522
2015-12-27 23:00:03,19022
2015-12-28 15:30:03,10648
2015-12-28 22:00:04,15510
2015-12-29 16:00:03,1370
2015-12-30 00:00:02,13065
2015-12-30 16:30:03,5810
2015-12-30 23:00:03,11772
2015-12-31 16:30:02,3113
2016-01-01 15:00:04,3734
2016-01-01 21:00:02,2016
2016-01-02 16:00:01,14762
2016-01-02 21:00:03,11115
2016-01-03 15:30:03,11451
2016-01-03 22:00:01,7464
2016-01-04 14:56:14,3975
2016-01-04 15:30:03,15675
2016-01-04 19:30:04,6558
2016-01-05 16:00:06,2909
2016-01-05 20:42:30,2375
2016-01-05 21:00:03,14347
2016-01-06 16:30:02,11840
2016-01-06 19:00:00,13137
2016-01-06 22:00:07,5951
2016-01-08 00:00:00,16736
2016-01-08 16:30:03,3213
2016-01-08 21:00:00,4270
2016-01-08 23:02:19,288
2016-01-09 01:00:03,18033
2016-01-09 16:00:07,12265
2016-01-09 22:00:04,18265
2016-01-10 16:30:01,15990
2016-01-10 21:00:03,11142
2016-01-11 16:30:03,6596
2016-01-11 19:00:00,437
2016-01-12 00:00:00,1217
2016-01-12 04:00:06,58276
2016-01-12 16:00:09,6292
2016-01-12 23:00:02,749
2016-01-13 16:31:02,2550
2016-01-13 22:34:04,20781
2016-01-14 13:58:57,3307
2016-01-15 14:18:42,3493
2016-01-15 16:05:02,7808
2016-01-16 01:03:02,14421
2016-01-16 15:02:02,18493
2016-01-17 00:00:05,1051
2016-01-17 15:11:03,5474
2016-01-17 21:14:02,7961
2016-01-18 16:13:01,4278
2016-01-18 22:20:01,11650
2016-01-19 16:23:02,7680
2016-01-19 17:28:02,3773
2016-01-20 16:37:02,9143
2016-01-20 23:49:03,13723
2016-01-21 15:28:02,1677
2016-01-21 18:47:02,2394
2016-01-22 15:49:04,2695
2016-01-22 17:52:01,12007
2016-01-22 23:13:01,6490
2016-01-23 02:02:01,6855
2016-01-23 14:04:01,1645
2016-01-23 19:02:01,3832
2016-01-24 17:12:01,10115
2016-01-24 17:38:01,6760
2016-01-24 21:57:01,11485
2016-01-25 14:28:03,15226
2016-01-25 22:53:01,17272
2016-01-26 14:40:01,6780
2016-01-27 01:55:01,4888
2016-01-27 16:43:02,15693
2016-01-27 21:19:33,2503
2016-01-27 22:23:01,4762
2016-01-28 18:08:02,11674
2016-01-28 22:05:00,8315
2016-01-29 00:46:01,5316
2016-01-29 14:10:02,22290
2016-01-30 15:17:01,10089
2016-01-31 02:00:01,7482
2016-01-31 14:00:01,3366
2016-01-31 23:38:01,9885
2016-02-01 15:32:01,6500
2016-02-01 23:35:01,10793
2016-02-02 14:45:03,12643
2016-02-02 16:57:00,547
2016-02-02 21:03:01,4935
2016-02-03 01:32:04,6010
