2007-11-14 22:54:05,0
2010-06-10 19:03:18,619
2010-06-11 16:49:18,387
2010-06-13 17:17:37,472
2010-06-15 15:01:15,1827
2010-06-17 21:08:35,617
2010-06-18 20:06:05,1948
2010-06-21 21:06:23,462
2010-06-22 22:10:06,415
2010-06-23 18:27:57,463
2010-06-29 21:39:34,189
2010-06-30 16:19:37,718
2010-07-01 20:37:08,438
2010-07-02 16:47:30,653
2010-07-06 17:20:36,2083
2010-07-06 23:08:08,391
2010-07-08 14:58:08,2083
2010-07-09 16:39:18,529
2010-07-12 20:14:47,846
2010-07-13 17:27:05,359
2010-07-14 19:32:27,2107
2010-07-15 19:47:35,335
2010-07-16 17:25:24,493
2010-07-19 16:34:40,278
2010-07-20 13:56:04,1982
2010-07-21 16:11:52,988
2010-07-22 19:43:23,736
2010-07-26 17:08:31,1049
2010-07-27 21:22:18,525
2010-07-28 14:11:42,452
2010-07-28 20:08:02,911
2010-07-29 19:39:15,704
2010-08-02 22:21:45,361
2010-08-03 21:52:26,1643
2010-08-04 21:29:44,601
2010-08-06 15:37:58,608
2010-08-06 19:30:27,339
2010-08-08 21:02:59,1421
2010-08-09 16:46:47,1070
2010-08-11 21:15:05,1576
2010-08-12 22:04:28,883
2010-08-13 14:56:58,542
2010-08-16 16:21:21,815
2010-08-17 15:40:51,925
2010-08-18 20:26:59,2016
2010-08-19 13:27:10,1495
2010-08-20 15:44:17,718
2010-08-23 20:40:27,924
2010-08-25 15:55:19,1008
2010-08-26 15:40:15,1726
2010-08-27 20:05:28,2251
2010-08-31 20:01:16,367
2010-09-01 19:51:00,344
2010-09-02 21:30:27,1135
2010-09-03 15:38:56,735
2010-09-07 17:02:55,917
2010-09-08 16:05:14,682
2010-09-09 16:14:46,857
2010-09-10 15:38:07,522
2010-09-13 16:45:52,1019
2010-09-13 22:21:49,634
2010-09-14 14:07:44,904
2010-09-15 15:47:58,976
2010-09-16 20:24:31,821
2010-09-17 15:55:17,638
2010-09-21 18:43:18,1031
2010-09-22 17:51:23,1228
2010-09-23 21:14:38,252
2010-09-23 22:02:21,623
2010-09-24 15:44:24,677
2010-09-26 20:02:44,1194
2010-09-27 15:53:56,685
2010-09-28 15:34:17,980
2010-09-29 15:27:31,559
2010-09-29 19:24:29,1068
2010-09-30 15:48:00,821
2010-10-01 16:09:34,455
2010-10-04 19:07:49,1155
2010-10-05 16:16:05,724
2010-10-06 15:55:55,1131
2010-10-07 16:14:55,592
2010-10-08 15:34:57,612
2010-10-12 16:35:35,1419
2010-10-13 01:29:02,595
2010-10-13 14:55:19,285
2010-10-13 22:55:58,305
2010-10-14 00:55:23,257
2010-10-14 16:15:35,807
2010-10-15 15:53:15,553
2010-10-18 15:38:44,1568
2010-10-19 17:35:23,1725
2010-10-20 16:02:45,1811
2010-10-21 16:22:26,1183
2010-10-22 15:49:34,450
2010-10-25 15:34:24,1304
2010-10-27 15:45:06,1536
2010-10-27 21:25:04,1281
2010-10-29 15:46:01,770
2010-10-29 19:13:39,346
2010-11-01 21:16:17,482
2010-11-02 20:03:57,2974
2010-11-03 16:57:44,2974
2010-11-04 16:28:42,774
2010-11-05 16:46:04,512
2010-11-08 19:04:30,915
2010-11-09 17:46:32,762
2010-11-10 16:44:46,1805
2010-11-10 21:00:53,634
2010-11-11 17:12:22,884
2010-11-12 16:59:07,585
2010-11-15 17:19:03,452
2010-11-16 15:02:02,1586
2010-11-17 16:49:35,950
2010-11-17 17:50:38,598
2010-11-18 15:12:41,1102
2010-11-19 15:41:42,381
2010-11-23 18:38:41,1056
2010-11-24 16:43:02,1520
2010-11-29 17:11:37,1077
2010-11-30 16:43:16,975
2010-12-02 15:04:45,1197
2010-12-03 17:34:12,1222
2010-12-06 18:20:46,1167
2010-12-07 17:42:27,1688
2010-12-08 15:36:52,2081
2010-12-09 20:19:12,734
2010-12-10 17:35:31,1121
2010-12-13 14:54:37,1441
2010-12-14 18:48:32,2249
2010-12-15 18:13:13,1415
2010-12-16 16:19:15,1239
2010-12-17 17:17:44,762
2010-12-20 16:57:37,1143
2010-12-21 15:03:39,1494
2010-12-22 15:19:23,754
2010-12-23 15:58:12,832
2010-12-24 15:37:50,2365
2010-12-27 16:41:43,3425
2010-12-28 16:13:40,2031
2010-12-29 16:07:41,1284
2010-12-30 16:38:29,618
2010-12-31 17:36:41,2647
2011-01-03 17:20:08,1572
2011-01-04 16:48:48,1107
2011-01-05 17:13:00,2678
2011-01-06 17:14:41,956
2011-01-07 17:52:10,868
2011-01-10 17:17:14,1082
2011-01-10 21:27:02,410
2011-01-11 16:29:13,2087
2011-01-12 17:30:54,426
2011-01-13 16:16:36,1332
2011-01-14 17:03:10,1772
2011-01-14 22:02:54,774
2011-01-17 20:41:38,1492
2011-01-18 21:48:37,443
2011-01-19 17:13:29,2776
2011-01-20 19:20:50,1007
2011-01-21 16:16:33,622
2011-01-24 17:29:46,1383
2011-01-25 22:50:42,1333
2011-01-26 19:15:49,520
2011-01-27 20:07:36,708
2011-01-28 20:14:49,841
2011-01-28 21:33:22,362
2011-01-29 18:22:17,516
2011-01-30 04:23:06,420
2011-01-31 04:24:36,363
2011-01-31 20:15:35,425
2011-02-01 19:05:14,1039
2011-02-02 16:27:26,564
2011-02-03 17:41:35,494
2011-02-04 18:06:09,692
2011-02-07 17:47:44,616
2011-02-08 17:34:15,801
2011-02-09 17:22:46,2099
2011-02-10 00:02:20,413
2011-02-10 17:40:35,1598
2011-02-11 16:34:05,1126
2011-02-14 17:07:58,1473
2011-02-15 17:30:12,2257
2011-02-16 16:35:56,1810
2011-02-17 17:10:02,1721
2011-02-18 15:34:05,518
2011-02-22 17:19:17,225
2011-02-23 18:07:31,1183
2011-02-24 16:48:04,324
2011-02-24 20:33:39,2751
2011-02-25 19:18:46,697
2011-02-28 20:34:10,910
2011-03-01 23:03:17,980
2011-03-02 19:30:42,1126
2011-03-03 22:48:47,1023
2011-03-04 21:34:33,1645
2011-03-08 17:00:09,693
2011-03-09 17:30:17,2338
2011-03-10 17:24:28,832
2011-03-11 17:12:43,3083
2011-03-14 17:39:52,658
2011-03-15 17:22:45,1683
2011-03-16 16:54:14,1456
2011-03-17 17:08:43,1603
2011-03-18 16:32:17,558
2011-03-21 17:44:07,1050
2011-03-22 16:32:06,1654
2011-03-23 18:55:45,688
2011-03-23 20:32:55,383
2011-03-24 16:24:41,998
2011-03-25 16:59:29,1582
2011-03-28 17:20:08,1213
2011-03-29 17:12:08,648
2011-03-30 20:20:08,1261
2011-03-31 20:40:21,378
2011-04-01 18:29:32,2535
2011-04-03 03:17:27,1694
2011-04-04 18:03:25,1213
2011-04-05 17:31:12,636
2011-04-06 16:38:12,1788
2011-04-07 17:27:29,666
2011-04-08 16:41:39,2807
2011-04-11 16:43:00,1115
2011-04-12 16:01:11,1081
2011-04-13 18:22:33,2171
2011-04-14 16:13:02,876
2011-04-15 16:41:20,770
2011-04-18 05:31:06,694
2011-04-18 19:38:36,4030
2011-04-19 16:02:21,4030
2011-04-20 13:59:46,539
2011-04-20 16:37:24,4356
2011-04-21 17:16:05,1283
2011-04-22 16:32:54,658
2011-04-25 17:29:16,1667
2011-04-26 16:38:43,879
2011-04-27 16:35:48,741
2011-04-28 16:56:05,2169
2011-04-29 17:29:20,554
2011-05-02 16:21:16,1195
2011-05-03 16:26:34,1271
2011-05-04 16:15:22,759
2011-05-04 21:50:29,353
2011-05-05 16:37:09,936
2011-05-06 16:42:35,4198
2011-05-08 14:58:33,1324
2011-05-09 16:24:59,883
2011-05-10 16:26:38,1118
2011-05-11 17:05:40,1294
2011-05-12 17:37:06,518
2011-05-13 16:34:04,742
2011-05-16 17:24:58,842
2011-05-17 16:18:02,794
2011-05-18 16:57:41,780
2011-05-19 16:53:51,938
2011-05-20 18:43:05,346
2011-05-23 16:59:22,1736
2011-05-24 16:19:42,1464
2011-05-25 17:02:44,1877
2011-05-26 17:02:12,389
2011-05-27 16:21:21,0
2011-05-30 15:53:50,3445
2011-05-31 17:13:22,899
2011-06-01 17:03:53,606
2011-06-02 21:37:30,591
2011-06-03 21:30:13,908
2011-06-06 16:35:26,365
2011-06-07 17:05:40,789
2011-06-08 16:25:39,724
2011-06-09 17:01:08,849
2011-06-10 16:48:54,2539
2011-06-13 16:19:29,584
2011-06-14 16:36:16,598
2011-06-15 16:43:20,438
2011-06-16 16:43:48,643
2011-06-17 16:30:39,508
2011-06-19 14:50:34,574
2011-06-20 16:30:13,715
2011-06-21 16:49:55,975
2011-06-22 22:01:26,1263
2011-06-24 20:00:00,362
2011-06-24 22:01:32,1248
2011-06-25 17:00:00,276
2011-06-27 16:29:10,1733
2011-06-28 16:39:48,1337
2011-06-29 16:34:20,1004
2011-06-30 17:31:01,572
2011-07-01 16:10:50,957
2011-07-04 15:00:34,1113
2011-07-05 17:00:16,187
2011-07-06 21:31:56,1549
2011-07-07 17:01:56,409
2011-07-08 16:40:49,5479
2011-07-11 20:07:35,1733
2011-07-11 21:09:06,428
2011-07-12 16:26:19,1076
2011-07-13 18:34:51,350
2011-07-14 16:23:56,226
2011-07-15 17:23:20,0
2011-07-18 21:36:03,1547
2011-07-20 13:51:45,710
2011-07-20 16:39:23,703
2011-07-21 16:33:21,1883
2011-07-21 21:48:24,259
2011-07-22 16:19:45,494
2011-07-25 16:31:37,2400
2011-07-26 16:33:39,348
2011-07-27 21:30:24,1423
2011-07-28 16:31:13,1174
2011-07-29 19:09:45,1004
2011-08-01 16:38:03,838
2011-08-02 16:33:50,748
2011-08-03 16:33:58,1079
2011-08-04 17:27:34,983
2011-08-05 16:37:49,2069
2011-08-08 17:31:07,717
2011-08-09 21:31:22,1043
2011-08-10 16:00:10,0
2011-08-11 21:33:03,488
2011-08-12 17:41:56,738
2011-08-15 17:32:25,3513
2011-08-16 16:52:14,651
2011-08-17 16:36:30,4364
2011-08-18 16:08:11,1059
2011-08-19 18:56:44,0
2011-08-22 17:09:22,4572
2011-08-23 16:34:41,2641
2011-08-24 16:42:36,1363
2011-08-25 16:42:15,1325
2011-08-26 16:51:13,0
2011-08-29 17:18:14,851
2011-08-30 16:35:07,781
2011-08-31 16:41:01,1295
2011-09-01 16:44:37,1150
2011-09-01 19:22:29,4674
2011-09-02 15:56:43,3836
2011-09-02 17:19:46,378
2011-09-03 18:37:48,1368
2011-09-04 00:27:12,3559
2011-09-04 22:10:43,12916
2011-09-05 16:14:25,3686
2011-09-06 16:46:52,1138
2011-09-07 17:05:31,754
2011-09-08 17:20:13,2938
2011-09-09 16:00:05,993
2011-09-09 21:03:39,785
2011-09-12 18:57:35,2020
2011-09-13 16:25:32,1040
2011-09-14 16:00:11,854
2011-09-15 16:36:36,8803
2011-09-16 15:34:01,595
2011-09-16 20:55:51,519
2011-09-19 16:30:51,3104
2011-09-20 16:37:01,1157
2011-09-21 16:30:03,873
2011-09-22 16:31:00,2442
2011-09-23 16:10:16,515
2011-09-26 20:33:15,849
2011-09-27 21:33:55,654
2011-09-28 20:40:05,733
2011-09-29 18:48:02,367
2011-09-29 20:04:28,3351
2011-09-30 21:31:10,887
2011-10-03 18:31:16,1687
2011-10-04 20:52:37,547
2011-10-05 20:01:45,1036
2011-10-06 17:06:45,381
2011-10-06 18:29:08,816
2011-10-06 21:21:25,752
2011-10-07 19:50:37,624
2011-10-07 20:50:54,1762
2011-10-08 19:57:47,1736
2011-10-10 17:59:12,2616
2011-10-11 15:56:47,3104
2011-10-11 21:24:27,690
2011-10-12 16:44:05,418
2011-10-12 21:00:56,856
2011-10-13 21:32:15,523
2011-10-14 16:07:55,997
2011-10-14 18:05:15,4306
2011-10-14 20:19:10,532
2011-10-17 15:54:26,1864
2011-10-18 21:00:44,1802
2011-10-19 20:50:13,753
2011-10-20 20:48:46,1019
2011-10-21 19:54:05,521
2011-10-21 21:01:06,1429
2011-10-24 16:23:14,2543
2011-10-24 20:15:06,1441
2011-10-25 16:30:41,1554
2011-10-26 18:38:30,449
2011-10-26 20:39:02,634
2011-10-27 15:27:36,904
2011-10-27 20:09:35,1668
2011-10-28 13:46:36,2251
2011-10-28 20:27:52,2113
2011-10-31 14:36:52,2031
2011-10-31 20:23:34,1098
2011-11-01 17:41:13,687
2011-11-01 21:34:19,963
2011-11-02 19:02:02,929
2011-11-03 17:36:29,1383
2011-11-03 20:25:57,3497
2011-11-04 17:44:50,519
2011-11-04 20:24:32,2574
2011-11-05 17:47:28,484
2011-11-05 18:17:44,1632
2011-11-07 18:31:35,1284
2011-11-07 21:24:36,386
2011-11-07 22:24:09,2125
2011-11-08 00:26:53,405
2011-11-08 21:47:37,350
2011-11-09 17:39:47,2321
2011-11-09 21:24:16,918
2011-11-10 21:48:31,1772
2011-11-11 16:57:01,1089
2011-11-11 22:11:36,1666
2011-11-12 21:34:32,1430
2011-11-14 20:03:32,545
2011-11-14 22:34:53,1406
2011-11-15 21:04:05,446
2011-11-15 22:49:13,538
2011-11-16 17:33:41,1270
2011-11-16 21:35:02,787
2011-11-17 17:24:54,1528
2011-11-18 16:16:16,1151
2011-11-18 19:07:30,617
2011-11-21 16:52:14,608
2011-11-21 21:07:01,581
2011-11-22 16:38:01,0
2011-11-22 20:55:03,1293
2011-11-23 15:04:04,1876
2011-11-24 15:30:01,1744
2011-11-25 15:30:01,435
2011-11-25 19:37:02,923
2011-11-28 21:30:08,1829
2011-11-28 23:30:12,799
2011-11-29 15:57:22,0
2011-11-29 20:58:24,555
2011-11-30 20:51:20,1059
2011-12-01 17:47:01,1660
2011-12-02 18:20:02,682
2011-12-02 21:32:02,1258
2011-12-02 22:07:01,753
2011-12-05 19:30:03,1590
2011-12-05 21:00:01,735
2011-12-06 16:30:02,2528
2011-12-06 21:00:03,1365
2011-12-07 21:30:02,1128
2011-12-08 16:00:01,835
2011-12-08 21:00:02,2528
2011-12-09 21:30:03,2044
2011-12-12 16:30:03,995
2011-12-12 21:00:01,351
2011-12-13 16:00:05,2419
2011-12-13 21:00:01,1046
2011-12-14 16:30:01,941
2011-12-15 16:00:02,556
2011-12-15 20:59:20,568
2011-12-16 16:30:03,790
2011-12-16 21:30:03,6190
2011-12-19 16:30:16,1641
2011-12-19 21:00:16,1614
2011-12-20 16:00:04,1728
2011-12-20 21:00:08,1565
2011-12-21 16:30:01,981
2011-12-21 21:30:02,2668
2011-12-22 16:06:49,818
2011-12-22 21:00:01,737
2011-12-23 16:30:12,1978
2011-12-23 21:30:06,3444
2011-12-26 16:00:03,1899
2011-12-26 21:00:05,799
2011-12-27 16:30:01,465
2011-12-28 16:00:15,742
2011-12-29 16:30:03,1326
2011-12-29 21:30:01,817
2011-12-30 16:00:17,1416
2011-12-30 21:00:03,1525
2012-01-02 17:33:13,1587
2012-01-02 21:31:27,1844
2012-01-02 23:37:01,684
2012-01-03 16:37:01,497
2012-01-03 22:00:03,1362
2012-01-04 16:00:01,1679
2012-01-04 21:23:33,537
2012-01-05 16:30:03,608
2012-01-06 16:00:11,1866
2012-01-06 21:00:23,1659
2012-01-09 15:46:09,441
2012-01-09 21:00:01,608
2012-01-10 16:30:01,799
2012-01-10 17:22:32,1171
2012-01-11 21:00:03,1770
2012-01-12 16:30:01,746
2012-01-12 21:30:02,550
2012-01-13 16:24:36,504
2012-01-13 20:30:05,2463
2012-01-16 16:00:09,2318
2012-01-16 21:00:03,1224
2012-01-17 19:53:01,658
2012-01-18 16:30:01,1107
2012-01-19 16:17:24,3408
2012-01-19 20:55:16,589
2012-01-19 22:00:01,688
2012-01-20 15:19:23,930
2012-01-20 20:57:03,366
2012-01-23 15:55:22,749
2012-01-23 20:55:31,1688
2012-01-24 16:00:15,1637
2012-01-24 21:30:01,751
2012-01-25 16:00:03,1879
2012-01-25 17:02:11,1311
2012-01-25 21:55:41,930
2012-01-26 16:00:03,541
2012-01-27 04:30:23,807
2012-01-27 05:19:40,812
2012-01-27 18:30:24,518
2012-01-27 18:30:24,544
2012-01-27 19:34:44,713
2012-01-27 19:34:44,716
2012-01-27 22:42:41,910
2012-01-27 22:42:42,61
2012-01-27 22:42:42,89
2012-01-27 22:42:42,9
2012-01-27 22:42:43,8
2012-01-27 22:42:43,7
2012-01-27 22:42:43,6
2012-01-27 22:42:43,15
2012-01-27 22:42:43,151
2012-01-28 20:10:41,476
2012-01-28 22:56:35,405
2012-01-30 05:09:19,970
2012-01-30 16:00:01,878
2012-01-31 16:00:12,1492
2012-01-31 16:00:12,1634
2012-01-31 20:27:03,2725
2012-01-31 20:27:04,2848
2012-02-01 01:00:02,849
2012-02-01 14:50:50,370
2012-02-01 21:00:01,845
2012-02-02 01:00:02,666
2012-02-02 16:00:01,778
2012-02-02 19:09:56,3290
2012-02-02 19:09:56,3448
2012-02-03 01:00:01,742
2012-02-03 16:05:11,0
2012-02-03 16:26:57,0
2012-02-03 16:30:02,2052
2012-02-03 16:30:02,2092
2012-02-03 20:12:45,1549
2012-02-03 20:12:45,1626
2012-02-03 21:30:02,897
2012-02-03 21:30:02,911
2012-02-06 01:20:11,2628
2012-02-06 14:29:13,850
2012-02-06 16:46:26,922
2012-02-06 22:21:49,270
2012-02-07 15:29:13,1005
2012-02-07 17:57:04,913
2012-02-08 22:06:57,1391
2012-02-09 16:00:01,622
2012-02-09 21:04:52,1820
2012-02-09 21:04:52,1152
2012-02-10 14:40:32,992
2012-02-10 21:00:06,2257
2012-02-13 16:00:01,445
2012-02-13 21:00:06,1850
2012-02-13 21:00:07,1152
2012-02-14 16:30:02,1254
2012-02-14 21:30:01,516
2012-02-15 16:00:02,371
2012-02-15 21:00:02,1876
2012-02-15 21:00:03,1940
2012-02-16 16:30:02,376
2012-02-16 21:30:02,1755
2012-02-16 21:30:04,1840
2012-02-17 16:00:01,840
2012-02-17 21:00:01,868
2012-02-18 18:30:15,1972
2012-02-18 18:30:15,2069
2012-02-20 16:00:03,19862
2012-02-20 16:00:04,1152
2012-02-21 01:00:01,475
2012-02-21 15:00:19,2578
2012-02-21 21:00:01,525
2012-02-22 01:00:01,1492
2012-02-22 15:00:01,96
2012-02-22 15:13:05,483
2012-02-22 21:00:01,481
2012-02-23 15:13:12,2066
2012-02-23 21:30:01,484
2012-02-24 16:00:04,3214
2012-02-24 16:00:05,3295
2012-02-24 21:00:01,426
2012-02-27 16:00:03,3786
2012-02-27 16:00:04,3846
2012-02-27 22:30:02,836
2012-02-28 16:30:01,854
2012-02-28 21:30:04,975
2012-02-29 16:00:11,1746
2012-02-29 16:00:11,1783
2012-02-29 21:00:02,500
2012-03-01 16:30:02,2509
2012-03-01 21:30:01,690
2012-03-02 16:00:13,2600
2012-03-02 21:00:04,3400
2012-03-02 21:00:04,3670
2012-03-05 16:00:02,1633
2012-03-05 22:16:26,1098
2012-03-06 16:30:03,3775
2012-03-06 16:30:04,1152
2012-03-06 21:30:01,1179
2012-03-07 16:00:04,2000
2012-03-07 22:34:43,421
2012-03-08 21:30:01,472
2012-03-09 16:00:06,5685
2012-03-09 16:00:07,1152
2012-03-09 21:00:04,3482
2012-03-10 17:00:03,2734
2012-03-10 17:00:04,2832
2012-03-12 15:26:26,0
2012-03-12 16:30:12,1450
2012-03-12 16:30:12,1474
2012-03-13 15:00:09,533
2012-03-13 20:00:02,507
2012-03-13 20:16:32,0
2012-03-14 15:30:02,3201
2012-03-14 20:55:03,969
2012-03-15 18:30:01,2698
2012-03-16 13:36:34,0
2012-03-16 15:30:05,2549
2012-03-16 15:30:05,1160
2012-03-16 20:30:03,2850
2012-03-19 13:41:49,0
2012-03-19 15:32:07,954
2012-03-19 15:32:07,1160
2012-03-19 20:30:01,1049
2012-03-20 15:00:13,2116
2012-03-20 21:13:19,381
2012-03-20 21:32:45,777
2012-03-21 15:30:05,2084
2012-03-21 15:30:05,1160
2012-03-21 20:29:51,0
2012-03-21 20:30:08,523
2012-03-22 15:00:08,1503
2012-03-22 20:00:02,704
2012-03-23 13:34:38,0
2012-03-23 15:30:04,2319
2012-03-23 15:30:05,1160
2012-03-23 19:07:02,0
2012-03-23 20:00:02,1936
2012-03-26 13:29:31,0
2012-03-26 15:00:01,1023
2012-03-26 15:00:02,1160
2012-03-26 20:18:38,923
2012-03-26 20:43:39,1691
2012-03-26 20:43:39,1740
2012-03-27 14:02:39,0
2012-03-27 15:29:58,1269
2012-03-27 21:13:40,2815
2012-03-27 21:13:40,2824
2012-03-28 15:00:00,244
2012-03-28 15:00:01,303
2012-03-28 17:28:37,0
2012-03-28 19:59:57,421
2012-03-29 15:29:57,63
2012-03-29 15:29:58,76
2012-03-29 20:59:56,734
2012-03-30 13:45:16,762
2012-03-30 14:43:34,0
2012-03-30 19:59:58,366
2012-03-30 19:59:58,420
2012-04-01 00:06:11,829
2012-04-02 15:00:15,244
2012-04-02 15:00:15,296
2012-04-02 19:59:53,1958
2012-04-03 15:29:53,1014
2012-04-03 15:29:54,1160
2012-04-04 15:29:54,117
2012-04-04 15:43:24,0
2012-04-04 20:40:45,3850
2012-04-04 20:40:46,3863
2012-04-05 14:29:55,445
2012-04-05 14:29:55,511
2012-04-05 20:39:08,1736
2012-04-05 20:39:09,1749
2012-04-06 22:00:01,345
2012-04-06 22:00:02,404
2012-04-07 00:55:46,2782
2012-04-07 00:55:46,2784
2012-04-09 13:40:07,0
2012-04-09 14:59:49,860
2012-04-09 19:59:50,560
2012-04-09 19:59:50,619
2012-04-10 15:29:47,610
2012-04-10 18:24:22,0
2012-04-10 21:20:47,3158
2012-04-10 21:20:48,3170
2012-04-11 18:29:47,577
2012-04-11 18:29:47,1160
2012-04-11 18:52:45,0
2012-04-11 21:29:47,282
2012-04-12 18:59:00,0
2012-04-12 19:10:11,2483
2012-04-12 19:10:11,1160
2012-04-13 00:29:45,1564
2012-04-13 15:26:42,3850
2012-04-13 21:27:11,726
2012-04-13 21:27:11,746
2012-04-16 15:56:48,4211
2012-04-16 15:56:48,4335
2012-04-16 18:56:00,0
2012-04-17 20:47:48,12783
2012-04-17 20:47:49,1160
2012-04-18 14:26:32,0
2012-04-18 15:40:25,3139
2012-04-19 18:56:48,395
2012-04-19 19:05:02,0
2012-04-19 23:59:56,1545
2012-04-20 15:09:51,4359
2012-04-20 15:09:51,4535
2012-04-20 20:29:55,1237
2012-04-23 13:49:56,269
2012-04-23 14:31:06,0
2012-04-23 18:39:14,0
2012-04-24 01:14:27,3942
2012-04-24 01:14:27,3964
2012-04-24 17:58:32,852
2012-04-24 20:56:58,267
2012-04-25 15:03:43,830
2012-04-25 21:16:35,289
2012-04-26 15:06:08,0
2012-04-26 19:26:27,2514
2012-04-26 23:41:43,13667
2012-04-26 23:41:43,1160
2012-04-27 20:04:32,2037
2012-04-27 20:25:15,0
2012-04-30 14:59:49,2428
2012-04-30 14:59:49,2471
2012-04-30 15:02:36,0
2012-05-01 15:54:38,0
2012-05-01 19:09:39,672
2012-05-01 19:09:39,685
2012-05-02 16:57:31,0
2012-05-02 17:40:26,1754
2012-05-02 17:40:26,1764
2012-05-02 21:35:29,1942
2012-05-02 21:35:30,1970
2012-05-03 18:15:12,0
2012-05-03 18:59:45,1843
2012-05-04 16:31:09,2967
2012-05-04 16:31:09,1160
2012-05-04 20:29:46,4021
2012-05-07 16:06:32,2294
2012-05-07 20:29:44,10833
2012-05-07 20:29:44,10948
2012-05-07 21:32:10,0
2012-05-08 17:28:48,2025
2012-05-08 20:30:15,1957
2012-05-09 14:59:42,4494
2012-05-09 14:59:43,4532
2012-05-10 14:59:40,1971
2012-05-10 20:46:15,1290
2012-05-10 20:46:15,1160
2012-05-11 15:29:40,5973
2012-05-13 00:00:02,1793
2012-05-13 00:00:03,1791
2012-05-14 15:35:50,1880
2012-05-14 15:35:50,1879
2012-05-15 19:00:04,4015
2012-05-15 19:00:05,4063
2012-05-15 20:56:38,0
2012-05-16 15:30:03,2565
2012-05-17 19:34:38,4351
2012-05-17 19:34:38,1160
2012-05-17 20:03:14,0
2012-05-17 23:00:06,13031
2012-05-18 15:22:20,3839
2012-05-18 15:22:20,3846
2012-05-18 21:00:01,3980
2012-05-20 00:00:07,2582
2012-05-20 00:00:07,2586
2012-05-21 13:30:36,0
2012-05-21 15:00:41,2634
2012-05-21 15:00:41,2706
2012-05-21 21:00:04,1568
2012-05-22 15:15:06,0
2012-05-22 19:00:03,11180
2012-05-22 19:00:18,11291
2012-05-23 15:00:01,644
2012-05-23 17:37:41,0
2012-05-23 20:00:03,2796
2012-05-24 18:02:18,0
2012-05-24 20:30:01,4363
2012-05-25 15:05:44,4159
2012-05-25 15:05:44,4159
2012-05-25 20:00:01,7546
2012-05-28 16:00:03,16210
2012-05-28 16:00:04,16208
2012-05-29 20:30:01,2198
2012-05-30 15:00:06,2605
2012-05-30 15:00:06,2675
2012-05-30 20:00:01,3352
2012-05-31 21:00:03,17156
2012-05-31 21:00:03,17270
2012-06-01 17:36:33,3314
2012-06-01 17:36:34,3312
2012-06-01 19:12:50,0
2012-06-01 22:30:03,3960
2012-06-04 13:38:24,0
2012-06-04 14:17:29,13976
2012-06-04 16:12:18,3923
2012-06-04 16:12:18,3921
2012-06-04 20:00:04,13882
2012-06-05 18:30:02,1272
2012-06-06 15:00:02,4200
2012-06-06 15:57:51,0
2012-06-07 20:00:02,7933
2012-06-07 20:00:03,8031
2012-06-08 15:25:45,6570
2012-06-08 15:25:45,6564
2012-06-08 21:00:03,4796
2012-06-11 18:00:03,13856
2012-06-11 18:00:03,13944
2012-06-12 20:00:03,959
2012-06-13 15:30:01,1578
2012-06-13 21:35:01,1319
2012-06-14 19:30:04,8223
2012-06-14 19:30:04,8280
2012-06-15 15:11:33,11240
2012-06-15 15:11:34,11221
2012-06-15 16:11:46,0
2012-06-15 20:30:02,2825
2012-06-18 15:00:06,11693
2012-06-18 15:00:06,11840
2012-06-18 20:06:04,880
2012-06-19 17:28:36,0
2012-06-19 20:09:36,1436
2012-06-20 15:30:01,1002
2012-06-20 20:30:01,2189
2012-06-21 20:00:08,7348
2012-06-22 13:40:57,0
2012-06-22 15:23:23,9442
2012-06-22 19:00:02,7760
2012-06-25 14:05:05,0
2012-06-25 19:30:05,25408
2012-06-26 16:08:29,0
2012-06-26 19:44:43,2078
2012-06-27 15:30:04,8576
2012-06-27 20:40:04,1287
2012-06-28 15:00:01,1400
2012-06-29 15:30:03,529
2012-06-29 16:04:47,0
2012-06-29 19:06:33,8389
2012-07-02 15:00:01,1418
2012-07-03 14:23:06,19801
2012-07-04 19:00:03,14035
2012-07-05 20:00:04,17394
2012-07-06 14:37:00,5716
2012-07-06 16:59:43,0
2012-07-06 20:30:03,2199
2012-07-09 13:21:37,7138
2012-07-10 14:14:34,11997
2012-07-11 14:38:02,35330
2012-07-12 15:27:04,18036
2012-07-13 03:10:43,9778
2012-07-16 20:00:02,15128
2012-07-17 18:08:11,2069
2012-07-18 17:56:42,4523
2012-07-18 21:00:01,2551
2012-07-19 20:30:02,3069
2012-07-20 16:39:05,9641
2012-07-20 19:49:53,0
2012-07-23 18:30:02,43226
2012-07-23 19:43:52,0
2012-07-24 20:00:03,8395
2012-07-25 20:30:01,1115
2012-07-26 14:36:27,2973
2012-07-26 20:00:01,779
2012-07-27 14:00:01,0
2012-07-27 15:19:54,6683
2012-07-27 20:00:06,4055
2012-07-30 18:30:04,10835
2012-07-31 13:54:36,0
2012-07-31 19:10:51,2847
2012-08-01 16:30:01,691
2012-08-02 19:02:57,4893
2012-08-03 13:23:54,0
2012-08-03 16:03:59,5818
2012-08-03 20:00:02,1030
2012-08-06 18:30:03,4068
2012-08-07 20:00:12,6071
2012-08-08 20:00:05,554
2012-08-08 20:28:45,0
2012-08-09 20:00:07,6468
2012-08-10 13:26:13,0
2012-08-10 15:02:09,3231
2012-08-10 21:00:01,832
2012-08-13 20:00:06,22992
2012-08-13 20:20:31,0
2012-08-14 21:34:21,1413
2012-08-15 16:45:35,0
2012-08-15 20:30:02,968
2012-08-16 20:00:02,27846
2012-08-17 15:55:00,4687
2012-08-17 20:00:01,939
2012-08-18 16:10:01,323
2012-08-20 14:37:24,0
2012-08-20 19:30:02,26454
2012-08-21 20:00:02,14496
2012-08-22 15:30:05,3660
2012-08-23 18:09:12,0
2012-08-23 20:00:07,16384
2012-08-24 17:33:30,4646
2012-08-24 20:30:01,819
2012-08-27 19:30:02,11376
2012-08-27 21:28:16,0
2012-08-28 20:30:03,2207
2012-08-29 15:00:04,6234
2012-08-29 16:52:57,0
2012-08-29 21:15:02,760
2012-08-30 20:30:03,4581
2012-08-31 14:17:19,0
2012-08-31 15:02:32,6407
2012-08-31 20:02:02,1111
2012-09-02 19:07:02,418
2012-09-03 15:00:02,20259
2012-09-04 14:30:06,0
2012-09-04 20:00:03,12225
2012-09-05 15:15:54,672
2012-09-05 20:00:01,1863
2012-09-06 13:24:45,0
2012-09-06 20:30:03,7302
2012-09-07 13:35:17,0
2012-09-07 15:17:30,4289
2012-09-07 20:00:01,927
2012-09-10 13:29:28,0
2012-09-10 19:34:37,4696
2012-09-11 19:29:43,12689
2012-09-12 14:56:00,10021
2012-09-12 19:39:03,0
2012-09-12 21:18:21,1233
2012-09-13 18:14:28,612
2012-09-13 21:00:07,5602
2012-09-14 15:07:26,2986
2012-09-14 16:47:51,0
2012-09-14 20:00:01,1097
2012-09-17 13:30:54,0
2012-09-17 19:30:02,23888
2012-09-18 14:55:11,0
2012-09-18 15:00:03,490
2012-09-18 20:00:04,13054
2012-09-20 14:05:35,0
2012-09-20 14:59:16,9842
2012-09-20 20:00:07,6170
2012-09-21 16:01:43,6666
2012-09-21 20:00:00,569
2012-09-24 19:30:01,3561
2012-09-25 21:18:19,1122
2012-09-26 20:30:03,12244
2012-09-27 16:00:02,510
2012-09-27 21:45:33,355
2012-09-28 15:19:14,4974
2012-09-28 20:00:09,961
2012-10-01 15:59:38,0
2012-10-01 20:00:02,19992
2012-10-02 20:00:03,7589
2012-10-03 15:30:01,574
2012-10-03 20:30:05,546
2012-10-04 20:12:35,276
2012-10-05 15:19:17,123
2012-10-05 15:26:26,0
2012-10-05 20:00:04,987
2012-10-08 13:47:23,0
2012-10-08 20:00:07,11661
2012-10-09 13:55:15,0
2012-10-09 20:30:02,14033
2012-10-10 15:00:02,1061
2012-10-10 20:30:03,740
2012-10-11 13:27:27,0
2012-10-11 20:00:03,4596
2012-10-12 15:23:51,0
2012-10-12 16:37:27,6645
2012-10-12 20:00:02,666
2012-10-15 20:00:01,13343
2012-10-16 13:53:58,0
2012-10-16 20:00:06,7728
2012-10-17 14:01:32,0
2012-10-17 15:00:03,12425
2012-10-17 20:30:03,599
2012-10-18 19:22:32,0
2012-10-18 20:00:02,6830
2012-10-19 14:59:55,7309
2012-10-19 20:20:01,659
2012-10-23 15:00:02,11787
2012-10-23 21:55:04,500
2012-10-24 15:30:01,20191
2012-10-24 20:00:04,622
2012-10-25 20:30:01,8075
2012-10-26 15:29:40,7616
2012-10-26 20:33:09,863
2012-10-29 14:59:34,21183
2012-10-29 20:11:01,501
2012-10-30 16:00:02,589
2012-10-30 23:29:02,551
2012-10-31 15:09:59,9508
2012-10-31 20:17:32,4397
2012-11-01 19:59:46,10118
2012-11-02 15:32:50,11017
2012-11-02 19:57:01,620
2012-11-05 21:00:01,9844
2012-11-06 21:30:01,11606
2012-11-07 16:30:00,885
2012-11-08 21:00:01,12296
2012-11-09 16:07:47,5371
2012-11-09 21:00:06,148
2012-11-12 17:00:00,6389
2012-11-13 21:30:01,9803
2012-11-14 22:00:00,404
2012-11-15 21:00:02,8495
2012-11-19 21:00:03,5710
2012-11-20 00:30:16,347
2012-11-20 20:30:03,12019
2012-11-21 15:45:24,3765
2012-11-22 00:30:03,261
2012-11-22 15:45:01,4645
2012-11-23 20:30:01,10151
2012-11-26 15:45:01,32283
2012-11-26 20:30:03,248
2012-11-27 20:30:01,13676
2012-11-28 15:19:02,10296
2012-11-29 20:30:04,9050
2012-11-30 15:35:45,3335
2012-11-30 20:30:04,208
2012-12-03 21:12:50,11940
2012-12-04 20:30:01,2977
2012-12-05 20:30:03,691
2012-12-06 00:30:01,1718
2012-12-06 20:30:02,11858
2012-12-07 16:44:41,5398
2012-12-07 21:00:01,7104
2012-12-10 20:30:03,9107
2012-12-11 20:30:02,10509
2012-12-12 20:30:01,4549
2012-12-13 15:45:02,10621
2012-12-14 17:18:23,7700
2012-12-14 20:42:09,589
2012-12-17 20:30:01,111
2012-12-18 00:30:03,384
2012-12-18 20:30:02,6253
2012-12-19 20:30:02,8299
2012-12-20 15:45:02,9154
2012-12-20 20:30:03,306
2012-12-20 21:17:01,36139
2012-12-21 16:20:03,7033
2012-12-21 20:30:03,8990
2012-12-24 20:30:07,7122
2012-12-25 20:30:05,19443
2012-12-26 15:44:45,11522
2012-12-26 20:22:43,2812
2012-12-27 15:45:07,10225
2012-12-27 17:08:03,53
2012-12-27 20:30:08,7739
2012-12-28 15:46:29,5347
2012-12-28 20:30:12,12060
2013-01-01 00:30:04,10942
2013-01-01 20:30:06,15385
2013-01-02 21:21:46,9333
2013-01-03 20:30:06,11830
2013-01-04 16:14:57,10697
2013-01-07 17:30:06,14762
2013-01-08 00:30:08,23782
2013-01-08 20:30:04,14696
2013-01-10 00:30:05,9958
2013-01-10 20:30:05,3806
2013-01-11 20:10:05,7800
2013-01-13 00:30:06,2074
2013-01-14 00:30:05,2463
2013-01-14 12:00:00,1465
2013-01-15 20:02:25,7502
2013-01-16 00:30:06,10819
2013-01-16 20:30:07,3543
2013-01-17 20:21:55,8165
2013-01-18 19:36:04,6114
2013-01-18 19:53:32,3885
2013-01-19 16:00:03,630
2013-01-21 20:57:41,3129
2013-01-22 15:45:10,6977
2013-01-23 20:30:02,6557
2013-01-25 00:30:01,9722
2013-01-25 17:00:02,7939
2013-01-28 20:30:08,13631
2013-01-29 20:54:15,2623
2013-01-30 15:31:51,3519
2013-01-31 20:30:06,15052
2013-02-01 17:04:39,783
2013-02-01 20:45:22,6688
2013-02-04 01:28:03,3994
2013-02-04 15:47:16,2961
2013-02-04 20:42:10,2915
2013-02-05 15:45:05,3387
2013-02-05 20:30:02,12668
2013-02-06 02:15:05,57
2013-02-07 02:00:01,1328
2013-02-08 20:30:10,3878
2013-02-09 00:30:01,805
2013-02-11 20:30:00,744
2013-02-12 20:30:03,5652
2013-02-13 20:30:00,11221
2013-02-14 15:45:01,11922
2013-02-14 20:30:01,1442
2013-02-15 15:47:34,4809
2013-02-15 20:30:02,5292
2013-02-18 20:30:03,10691
2013-02-19 20:30:02,6009
2013-02-20 20:30:05,7127
2013-02-21 20:30:01,4084
2013-02-22 16:41:19,8286
2013-02-22 21:30:04,12218
2013-02-25 20:31:27,8169
2013-02-26 16:24:46,1169
2013-02-27 15:45:03,15642
2013-02-27 20:38:21,1031
2013-02-28 00:30:01,2213
2013-02-28 15:45:04,5177
2013-02-28 20:30:00,306
2013-03-01 17:06:08,7475
2013-03-01 20:30:05,7279
2013-03-04 15:51:06,1884
2013-03-05 15:55:30,410
2013-03-05 20:30:00,2225
2013-03-06 20:30:01,4021
2013-03-07 20:30:01,7460
2013-03-08 15:51:31,4734
2013-03-08 20:33:37,8142
2013-03-11 19:30:01,7097
2013-03-12 23:30:02,1708
2013-03-13 19:30:01,1678
2013-03-14 16:30:07,6598
2013-03-14 19:36:02,5364
2013-03-14 23:30:00,47
2013-03-15 14:33:47,7088
2013-03-15 19:30:36,7255
2013-03-18 19:30:03,6826
2013-03-18 23:30:06,4704
2013-03-19 19:30:07,4094
2013-03-19 23:30:02,6173
2013-03-20 14:45:02,4870
2013-03-21 14:34:47,17494
2013-03-21 15:55:29,17494
2013-03-21 19:30:02,7929
2013-03-21 23:30:10,6801
2013-03-22 14:45:01,5933
2013-03-22 19:30:04,7867
2013-03-25 19:30:02,8676
2013-03-26 19:30:01,6865
2013-03-27 17:40:02,6211
2013-03-28 20:31:36,8388
2013-03-29 16:30:02,3335
2013-03-29 19:30:05,8715
2013-03-31 14:30:01,2374
2013-04-01 19:30:02,2415
2013-04-02 19:47:23,6715
2013-04-03 21:02:33,10114
2013-04-04 14:45:03,3142
2013-04-04 19:26:23,6050
2013-04-05 14:45:00,4432
2013-04-05 19:30:06,5870
2013-04-08 19:30:02,6125
2013-04-09 19:30:01,237
2013-04-10 14:40:01,1142
2013-04-10 19:30:09,9915
2013-04-11 19:30:08,9208
2013-04-11 23:30:01,7202
2013-04-12 14:41:36,5547
2013-04-12 19:30:06,3606
2013-04-15 19:30:02,10737
2013-04-17 19:30:05,10058
2013-04-17 23:30:03,3573
2013-04-18 19:30:05,5787
2013-04-19 16:58:34,6864
2013-04-23 14:45:01,12329
2013-04-23 19:38:37,733
2013-04-24 14:40:00,16233
2013-04-24 23:30:01,1774
2013-04-25 19:30:01,9417
2013-04-29 19:33:59,4003
2013-04-30 19:30:07,1577
2013-05-01 20:00:02,12352
2013-05-02 20:10:00,6367
2013-05-03 14:13:32,5793
2013-05-03 20:00:06,9372
2013-05-06 20:00:01,25851
2013-05-07 20:00:05,11018
2013-05-08 21:00:01,8278
2013-05-09 20:00:03,4364
2013-05-10 14:54:37,8180
2013-05-10 20:00:06,4627
2013-05-12 21:00:00,2911
2013-05-13 20:30:01,6111
2013-05-14 20:00:02,1967
2013-05-15 21:00:03,14126
2013-05-15 23:30:02,3296
2013-05-16 20:00:02,4407
2013-05-17 13:15:16,3151
2013-05-17 14:55:02,10767
2013-05-20 20:00:03,11637
2013-05-21 20:00:01,7312
2013-05-22 13:25:23,247
2013-05-22 20:35:41,1712
2013-05-23 20:21:08,13158
2013-05-24 14:58:46,5429
2013-05-24 20:00:05,3395
2013-05-27 20:00:05,6387
2013-05-28 20:00:02,7238
2013-05-29 20:00:11,1429
2013-05-30 20:00:02,3169
2013-05-31 15:19:43,8272
2013-05-31 20:00:06,4086
2013-06-03 20:00:00,8607
2013-06-04 18:54:22,421
2013-06-05 15:20:47,3883
2013-06-05 20:00:05,3478
2013-06-06 20:00:01,3774
2013-06-07 16:03:05,7356
2013-06-07 20:00:07,6914
2013-06-10 20:00:08,9757
2013-06-10 23:30:03,7008
2013-06-11 21:00:05,4263
2013-06-12 23:30:00,5881
2013-06-13 20:00:01,6076
2013-06-14 15:47:56,9099
2013-06-18 15:00:01,4147
2013-06-18 18:47:21,461
2013-06-18 23:30:00,6898
2013-06-19 12:20:18,547
2013-06-19 20:00:01,22277
2013-06-20 20:00:02,2405
2013-06-21 15:06:38,8142
2013-06-25 01:00:00,18709
2013-06-26 01:00:04,10400
2013-06-26 20:51:01,751
2013-06-27 20:00:02,8126
2013-06-28 14:44:47,5026
2013-06-28 20:10:06,8193
2013-07-01 23:00:02,10234
2013-07-02 20:00:02,10568
2013-07-03 20:00:01,2787
2013-07-04 00:00:00,731
2013-07-04 23:00:03,8070
2013-07-05 14:55:32,10314
2013-07-08 20:00:04,8114
2013-07-09 23:30:03,5492
2013-07-10 20:00:03,13630
2013-07-11 20:00:04,7775
2013-07-12 14:47:15,6272
2013-07-15 17:00:01,544
2013-07-16 21:24:03,5867
2013-07-17 17:00:07,2815
2013-07-18 15:30:02,2857
2013-07-19 14:40:27,11441
2013-07-22 19:00:09,15709
2013-07-23 15:30:05,8305
2013-07-24 16:00:07,10819
2013-07-25 20:00:04,3950
2013-07-26 14:52:49,4262
2013-07-29 16:30:03,8094
2013-07-30 20:00:03,6503
2013-07-31 16:00:04,12571
2013-08-01 19:00:04,4731
2013-08-02 14:49:05,5808
2013-08-05 16:00:02,3496
2013-08-06 17:00:02,7547
2013-08-07 19:00:02,10549
2013-08-08 16:30:00,701
2013-08-09 14:43:13,8852
2013-08-12 16:00:08,3456
2013-08-13 19:00:12,7718
2013-08-15 01:00:03,11870
2013-08-15 21:00:01,1229
2013-08-16 14:39:15,6269
2013-08-16 20:30:02,1329
2013-08-19 16:30:02,25532
2013-08-21 01:00:08,16997
2013-08-21 23:00:04,4852
2013-08-22 20:00:00,1061
2013-08-23 15:02:37,7646
2013-08-28 20:00:04,3306
2013-08-29 16:30:00,496
2013-08-30 14:34:23,7064
2013-09-02 16:00:03,11839
2013-09-03 17:00:00,552
2013-09-03 20:00:01,1364
2013-09-04 16:00:17,12308
2013-09-05 01:00:04,3117
2013-09-05 17:00:02,773
2013-09-05 21:14:26,6699
2013-09-06 15:08:16,7189
2013-09-06 20:00:00,504
2013-09-10 01:00:04,9524
2013-09-10 20:00:01,659
2013-09-11 17:00:04,2879
2013-09-12 18:00:02,486
2013-09-13 14:40:25,7098
2013-09-13 20:00:00,577
2013-09-16 16:00:02,11986
2013-09-18 01:00:02,5486
2013-09-18 20:00:02,2659
2013-09-19 16:00:02,6385
2013-09-19 20:30:00,403
2013-09-20 14:38:32,8827
2013-09-23 20:00:07,9427
2013-09-24 16:00:01,2026
2013-09-24 20:27:31,151
2013-09-26 01:00:03,8182
2013-09-26 16:00:49,10631
2013-09-26 20:00:00,499
2013-09-27 14:31:02,5609
2013-09-27 20:00:00,970
2013-09-30 18:00:04,7995
2013-09-30 20:30:06,6619
2013-10-01 15:58:46,7031
2013-10-02 16:30:40,4395
2013-10-02 20:30:10,3588
2013-10-03 20:00:00,414
2013-10-04 15:27:17,6002
2013-10-07 20:00:01,195
2013-10-08 16:00:06,6377
2013-10-09 20:00:02,8365
2013-10-10 20:00:01,502
2013-10-11 14:28:28,5727
2013-10-11 20:00:05,18922
2013-10-14 20:00:02,8454
2013-10-15 01:00:06,1256
2013-10-15 16:00:05,677
2013-10-16 16:30:02,1964
2013-10-17 20:00:03,4221
2013-10-18 14:38:56,4441
2013-10-18 20:30:03,14869
2013-10-21 19:38:57,4840
2013-10-22 10:00:01,3055
2013-10-23 01:00:05,7157
2013-10-23 16:00:03,6298
2013-10-24 16:00:01,4959
2013-10-25 15:35:26,7086
2013-10-25 20:17:08,1063
2013-10-28 16:00:02,11934
2013-10-29 20:00:01,7613
2013-10-30 16:00:01,726
2013-10-31 15:05:00,5538
2013-11-01 14:38:26,7239
2013-11-01 20:00:02,953
2013-11-04 18:42:39,8605
2013-11-05 17:00:01,792
2013-11-06 20:25:48,11788
2013-11-07 21:00:01,7780
2013-11-08 17:42:39,3669
2013-11-08 18:48:44,4903
2013-11-08 21:58:46,7642
2013-11-09 15:00:01,339
2013-11-11 21:00:01,775
2013-11-12 17:00:02,14194
2013-11-13 02:00:01,1061
2013-11-13 21:00:02,3751
2013-11-14 17:03:47,5936
2013-11-14 21:00:01,358
2013-11-15 16:01:13,4910
2013-11-15 21:00:01,4188
2013-11-16 00:00:05,966
2013-11-16 15:00:02,361
2013-11-18 17:00:01,15359
2013-11-19 21:30:02,4723
2013-11-20 02:00:02,3990
2013-11-20 17:00:03,9146
2013-11-21 21:00:04,935
2013-11-22 15:43:56,4959
2013-11-22 21:00:01,7425
2013-11-25 02:00:01,12228
2013-11-25 21:00:08,357
2013-11-26 02:00:02,2642
2013-11-26 20:57:10,12072
2013-11-27 00:30:00,13095
2013-11-27 16:55:45,8198
2013-11-28 17:00:06,7489
2013-11-28 19:05:00,12319
2013-11-29 15:40:07,4332
2013-12-02 21:00:02,5111
2013-12-03 02:00:02,2975
2013-12-03 17:03:55,610
2013-12-04 17:00:01,7177
2013-12-05 19:30:04,2699
2013-12-06 15:00:05,10416
2013-12-06 21:00:04,4465
2013-12-09 22:11:09,12496
2013-12-10 17:00:04,16448
2013-12-11 17:30:07,24483
2013-12-12 21:55:01,7088
2013-12-13 15:14:01,5576
2013-12-13 21:00:04,11281
2013-12-16 22:00:01,1099
2013-12-17 17:00:04,6095
2013-12-18 21:00:00,743
2013-12-19 17:00:01,36551
2013-12-20 15:43:32,7489
2013-12-20 21:00:01,1131
2013-12-22 17:00:01,34884
2013-12-23 17:00:04,13276
2013-12-23 21:00:00,6843
2013-12-24 02:00:01,678
2013-12-24 17:30:00,17697
2013-12-24 21:05:01,22707
2013-12-25 17:00:15,14794
2013-12-26 16:51:36,9989
2013-12-26 21:00:00,22573
2013-12-27 16:38:33,7955
2013-12-27 19:00:01,27701
2013-12-27 20:00:03,19207
2013-12-28 17:00:01,17155
2013-12-30 15:00:01,39003
2013-12-30 17:00:15,23632
2013-12-30 21:30:00,13236
2013-12-31 17:05:01,7235
2013-12-31 21:00:00,10744
2014-01-01 17:00:08,7791
2014-01-02 21:00:00,10554
2014-01-03 17:08:39,9461
2014-01-03 21:00:00,8672
2014-01-06 17:00:04,10149
2014-01-06 21:00:00,12338
2014-01-07 21:00:03,3448
2014-01-08 17:00:05,5404
2014-01-09 20:00:00,7275
2014-01-10 15:44:49,6578
2014-01-12 15:28:59,637
2014-01-13 14:04:15,1190
2014-01-13 17:15:50,5874
2014-01-13 21:00:02,3235
2014-01-14 17:00:01,22351
2014-01-15 17:00:05,18706
2014-01-15 21:00:01,3040
2014-01-16 18:54:54,10167
2014-01-17 15:48:52,8704
2014-01-20 21:00:05,1460
2014-01-21 21:00:00,674
2014-01-22 17:00:00,15523
2014-01-22 22:00:00,80
2014-01-23 22:00:00,3128
2014-01-24 15:40:14,6925
2014-01-24 17:30:01,10753
2014-01-24 21:55:00,4867
2014-01-26 17:00:00,16661
2014-01-27 21:00:01,12759
2014-01-28 21:54:56,7729
2014-01-30 00:00:01,10338
2014-01-30 17:00:00,14925
2014-01-31 16:01:21,7320
2014-02-02 23:47:36,5775
2014-02-03 01:04:49,1434
2014-02-03 01:09:15,3633
2014-02-03 17:00:33,545
2014-02-05 02:05:00,8155
2014-02-05 21:05:01,1670
2014-02-06 17:00:01,41241
2014-02-07 15:45:07,9535
2014-02-07 21:00:01,14284
2014-02-10 20:59:54,9643
2014-02-11 16:47:45,6103
2014-02-11 21:30:04,2522
2014-02-12 17:00:01,26847
2014-02-13 21:00:01,3263
2014-02-14 15:30:00,5350
2014-02-17 17:00:01,8029
2014-02-18 21:02:04,46900
2014-02-19 21:00:01,4019
2014-02-20 21:30:00,2768
2014-02-21 16:25:44,6899
2014-02-21 21:30:00,7478
2014-02-24 21:30:01,10867
2014-02-25 17:00:01,16367
2014-02-26 15:10:00,575
2014-02-27 21:00:01,8459
2014-02-28 16:13:21,6328
2014-02-28 21:30:01,16658
2014-03-03 17:00:01,434
2014-03-04 16:06:58,5520
2014-03-05 01:21:59,6722
2014-03-05 15:03:32,3126
2014-03-06 17:05:00,27715
2014-03-07 15:46:37,5693
2014-03-08 20:00:01,635
2014-03-11 01:00:00,14176
2014-03-11 16:00:01,17444
2014-03-12 20:30:02,6309
2014-03-13 20:30:02,3971
2014-03-14 14:34:37,3375
2014-03-14 20:00:01,1102
2014-03-17 16:00:02,5758
2014-03-18 20:03:02,5737
2014-03-20 01:03:01,11844
2014-03-20 16:03:01,3858
2014-03-21 14:44:40,5397
2014-03-24 16:03:02,16602
2014-03-25 20:42:02,11144
2014-03-27 01:03:02,4209
2014-03-27 16:08:08,6960
2014-03-28 14:44:37,4297
2014-03-28 23:00:00,7441
2014-03-31 18:30:01,5385
2014-03-31 20:30:00,407
2014-04-01 16:00:01,5988
2014-04-02 20:00:02,8722
2014-04-03 20:45:01,699
2014-04-04 14:44:44,4750
2014-04-07 16:30:01,8254
2014-04-08 20:00:03,4638
2014-04-09 16:30:02,10690
2014-04-11 01:00:04,7339
2014-04-11 14:47:40,5443
2014-04-14 15:53:55,710
2014-04-14 18:00:01,4793
2014-04-15 11:11:48,671
2014-04-15 16:00:01,1128
2014-04-15 20:00:01,4489
2014-04-15 23:00:02,828
2014-04-16 11:16:57,265
2014-04-16 11:30:00,391
2014-04-16 15:21:06,3736
2014-04-16 16:10:35,5746
2014-04-17 16:12:21,3904
2014-04-17 20:00:02,6788
2014-04-18 15:30:57,5627
2014-04-21 20:03:33,3776
2014-04-21 23:00:01,344
2014-04-22 16:03:02,8460
2014-04-22 20:27:18,9063
2014-04-23 16:30:00,71
2014-04-23 20:30:01,8131
2014-04-24 16:05:00,3564
2014-04-24 20:30:02,28695
2014-04-25 14:48:24,5002
2014-04-25 20:30:04,11246
2014-04-28 16:00:01,913
2014-04-30 01:29:04,2934
2014-04-30 17:00:00,10829
2014-04-30 20:00:01,4092
2014-05-01 20:00:00,11754
2014-05-02 14:43:54,4192
2014-05-05 20:40:01,18483
2014-05-06 16:30:01,10385
2014-05-07 20:32:00,6028
2014-05-08 16:48:01,8670
2014-05-09 15:11:18,5124
2014-05-09 20:30:05,14851
2014-05-14 01:10:01,5170
2014-05-14 20:02:01,6175
2014-05-15 16:05:00,11130
2014-05-15 20:00:00,610
2014-05-16 14:57:10,5251
2014-05-20 01:03:00,9854
2014-05-20 16:32:01,13524
2014-05-21 20:31:59,7944
2014-05-21 21:15:55,3319
2014-05-22 19:59:58,8460
2014-05-23 15:34:29,3173
2014-05-23 20:31:55,14459
2014-05-24 16:05:01,12404
2014-05-26 16:29:51,15723
2014-05-27 20:32:00,4791
2014-05-28 20:46:09,16026
2014-05-29 16:29:57,1086
2014-05-29 20:30:00,8916
2014-05-30 16:04:55,7737
2014-06-03 01:32:00,3168
2014-06-03 20:30:01,3163
2014-06-04 20:14:58,11621
2014-06-05 20:30:00,459
2014-06-06 16:31:55,6262
2014-06-09 16:24:30,424
2014-06-09 20:35:01,858
2014-06-11 00:53:50,9080
2014-06-11 16:45:00,3933
2014-06-12 16:02:45,6344
2014-06-13 20:03:17,4263
2014-06-16 19:33:01,5455
2014-06-16 23:00:01,545
2014-06-17 20:30:01,4589
2014-06-18 20:31:47,5917
2014-06-19 20:35:01,226
2014-06-20 16:02:01,3550
2014-06-23 20:50:02,175
2014-06-24 16:30:01,6948
2014-06-25 16:40:01,5808
2014-06-26 00:48:01,9792
2014-06-26 20:09:22,5424
2014-06-27 20:45:04,9039
2014-06-29 01:02:01,3385
2014-07-01 16:04:02,7917
2014-07-01 23:03:06,3765
2014-07-02 20:04:00,5513
2014-07-03 16:36:02,1471
2014-07-04 14:38:05,3036
2014-07-04 20:03:01,8788
2014-07-05 16:02:01,2761
2014-07-07 16:01:12,7625
2014-07-07 16:02:31,852
2014-07-08 20:32:02,4314
2014-07-09 20:56:52,4798
2014-07-10 20:32:04,1761
2014-07-11 15:09:55,4325
2014-07-12 16:04:02,2894
2014-07-14 01:03:01,5820
2014-07-14 20:33:02,587
2014-07-15 16:33:01,2727
2014-07-16 16:03:04,17690
2014-07-17 20:33:00,16561
2014-07-18 15:20:54,5551
2014-07-19 16:30:03,6309
2014-07-21 16:33:01,2692
2014-07-22 20:03:01,6727
2014-07-23 14:30:00,66
2014-07-24 01:04:00,6097
2014-07-24 20:10:01,174
2014-07-25 14:29:58,3225
2014-07-26 16:34:01,4461
2014-07-28 16:36:02,591
2014-07-29 17:09:02,7392
2014-07-30 20:35:00,443
2014-07-31 16:36:00,7541
2014-08-01 15:31:02,6955
2014-08-02 16:33:01,1834
2014-08-04 20:22:54,519
2014-08-05 20:35:01,8066
2014-08-07 01:33:04,2441
2014-08-07 20:33:01,6900
2014-08-08 15:01:02,3973
2014-08-09 16:02:01,5920
2014-08-11 20:34:01,9078
2014-08-12 20:45:01,3209
2014-08-13 16:36:01,1240
2014-08-14 16:35:01,154
2014-08-15 16:00:02,44
2014-08-15 19:59:58,5818
2014-08-18 20:06:01,9711
2014-08-19 19:31:03,4887
2014-08-20 20:37:01,7558
2014-08-21 16:25:00,5958
2014-08-22 18:02:19,3684
2014-08-23 16:02:01,2253
2014-08-25 16:03:01,5992
2014-08-26 15:46:39,6844
2014-08-27 16:15:00,4905
2014-08-27 20:32:00,5546
2014-08-28 16:05:01,207
2014-08-30 16:04:01,1612
2014-09-01 13:00:03,7263
2014-09-01 20:00:02,3285
2014-09-02 14:00:02,8452
2014-09-03 14:00:04,3572
2014-09-04 16:00:01,4824
2014-09-05 21:00:03,10525
2014-09-06 16:00:02,4044
2014-09-08 16:00:04,2489
2014-09-09 15:00:00,421
2014-09-09 17:00:01,594
2014-09-10 18:00:04,6726
2014-09-11 17:00:03,5529
2014-09-12 14:30:41,5386
2014-09-12 20:00:05,5379
2014-09-13 15:10:01,3387
2014-09-15 14:55:01,6190
2014-09-15 15:50:01,2172
2014-09-15 17:31:30,501
2014-09-16 16:00:03,1973
2014-09-16 18:15:01,286
2014-09-17 15:30:03,4632
2014-09-18 16:20:03,5808
2014-09-19 18:07:18,5670
2014-09-20 17:00:01,5521
2014-09-22 15:00:02,4049
2014-09-22 19:00:02,3300
2014-09-22 21:09:57,6378
2014-09-23 14:12:01,7955
2014-09-23 18:00:02,703
2014-09-24 15:30:02,11026
2014-09-25 17:30:04,5874
2014-09-26 15:30:01,4738
2014-09-26 17:58:53,5222
2014-09-27 14:00:04,3817
2014-09-29 13:00:04,4168
2014-09-29 18:00:01,5802
2014-10-01 02:00:02,508
2014-10-01 14:00:02,7204
2014-10-02 14:30:11,5288
2014-10-02 18:00:00,254
2014-10-02 19:00:07,340
2014-10-03 14:21:03,3752
2014-10-03 18:52:29,4492
2014-10-04 15:00:04,3392
2014-10-05 01:00:15,3669
2014-10-06 14:45:03,5957
2014-10-06 16:45:01,2168
2014-10-07 14:00:05,5729
2014-10-08 15:00:04,8327
2014-10-09 14:15:23,472
2014-10-09 15:00:08,8135
2014-10-10 13:50:06,3058
2014-10-10 20:01:48,4329
2014-10-11 16:00:01,2929
2014-10-11 16:50:01,3855
2014-10-13 16:45:04,4680
2014-10-13 18:19:12,3465
2014-10-14 16:45:04,4110
2014-10-14 17:52:24,515
2014-10-15 16:45:02,6673
2014-10-16 16:45:03,10691
2014-10-17 18:02:04,727
2014-10-17 19:34:26,6161
2014-10-18 16:00:04,3706
2014-10-20 14:45:06,8917
2014-10-20 18:00:03,5680
2014-10-21 14:45:04,4850
2014-10-21 17:36:59,617
2014-10-22 15:00:09,4597
2014-10-23 13:57:41,2949
2014-10-24 14:33:59,8266
2014-10-25 16:00:02,2191
2014-10-27 15:00:02,4585
2014-10-27 18:00:07,2225
2014-10-27 20:03:11,274
2014-10-28 13:59:19,5978
2014-10-28 17:56:26,542
2014-10-28 20:27:56,344
2014-10-29 14:04:30,6159
2014-10-30 15:00:05,5569
2014-10-31 13:22:03,5519
2014-10-31 19:42:08,2904
2014-11-01 12:41:21,6398
2014-11-01 12:47:29,1745
2014-11-01 14:00:00,1847
2014-11-03 16:00:01,6353
2014-11-03 19:01:30,4188
2014-11-03 20:10:01,3471
2014-11-04 16:00:01,8261
2014-11-04 19:01:27,530
2014-11-05 15:15:01,11446
2014-11-05 16:30:34,1031
2014-11-06 15:15:03,5712
2014-11-07 16:23:54,4840
2014-11-07 20:49:30,4651
2014-11-09 17:00:00,4330
2014-11-10 16:25:02,4820
2014-11-10 18:00:02,3096
2014-11-11 15:50:38,1609
2014-11-11 16:24:52,9313
2014-11-12 15:00:04,6345
2014-11-12 18:59:49,1558
2014-11-13 15:00:05,6112
2014-11-14 17:59:48,2885
2014-11-15 17:00:03,6899
2014-11-17 15:00:02,4946
2014-11-17 16:30:03,5886
2014-11-18 15:00:01,11531
2014-11-18 19:23:43,1691
2014-11-19 15:00:05,5211
2014-11-20 15:30:03,11068
2014-11-21 15:42:25,4009
2014-11-22 17:00:01,3017
2014-11-24 15:00:02,8053
2014-11-24 20:31:38,444
2014-11-25 15:00:01,3967
2014-11-25 18:23:00,1752
2014-11-26 15:00:02,6987
2014-11-27 13:21:11,3179
2014-11-27 17:50:10,1247
2014-11-28 17:00:00,997
2014-11-29 17:00:02,3492
2014-11-30 17:00:02,2194
2014-12-01 15:00:01,4990
2014-12-02 15:00:01,6581
2014-12-02 15:53:18,11597
2014-12-02 20:06:58,1289
2014-12-03 15:00:04,5203
2014-12-03 17:00:00,18532
2014-12-04 15:00:04,4192
2014-12-05 17:00:01,3013
2014-12-05 19:31:29,3804
2014-12-05 21:03:02,1296
2014-12-06 17:00:02,2222
2014-12-08 15:30:01,5453
2014-12-08 18:28:40,1743
2014-12-09 14:20:23,4298
2014-12-10 15:00:02,5865
2014-12-10 16:15:22,905
2014-12-10 16:30:38,2077
2014-12-10 18:52:55,2810
2014-12-11 16:00:04,5563
2014-12-12 15:00:02,3523
2014-12-12 18:13:45,5778
2014-12-13 16:27:08,470
2014-12-13 17:00:02,3680
2014-12-15 17:39:54,235
2014-12-15 18:04:32,5082
2014-12-16 15:00:02,5575
2014-12-16 16:27:54,5595
2014-12-16 18:55:59,2973
2014-12-17 15:00:02,8890
2014-12-18 15:00:05,5476
2014-12-19 15:00:02,9101
2014-12-19 19:25:28,3204
2014-12-22 15:00:01,7230
2014-12-22 18:52:30,888
2014-12-22 19:45:50,5895
2014-12-23 15:00:03,9653
2014-12-24 14:07:58,3724
2014-12-24 14:08:54,6872
2014-12-26 15:00:05,4989
2014-12-27 17:00:04,8084
2014-12-29 16:00:02,7774
2014-12-30 16:00:05,9643
2014-12-30 18:00:00,2172
2014-12-31 15:40:49,6695
2015-01-01 14:17:26,4143
2015-01-02 16:00:04,11753
2015-01-02 17:48:44,7625
2015-01-03 17:01:16,17592
2015-01-05 15:00:02,5617
2015-01-05 19:00:00,5130
2015-01-06 15:00:02,5209
2015-01-06 16:01:08,8046
2015-01-06 19:00:01,2883
2015-01-07 15:00:07,9321
2015-01-08 15:00:04,6255
2015-01-08 21:38:40,1029
2015-01-09 15:00:02,7517
2015-01-12 13:59:40,3148
2015-01-12 17:36:30,4443
2015-01-13 16:00:02,8540
2015-01-13 19:00:01,1704
2015-01-14 15:00:03,8214
2015-01-15 15:00:04,4817
2015-01-16 15:00:01,8723
2015-01-16 19:38:51,8437
2015-01-17 17:00:06,5740
2015-01-19 15:00:05,8193
2015-01-20 15:00:06,5379
2015-01-20 19:00:00,2009
2015-01-21 15:00:11,4397
2015-01-22 15:00:01,9065
2015-01-22 20:00:24,857
2015-01-22 22:00:00,2236
2015-01-23 02:00:21,6713
2015-01-23 17:06:47,9153
2015-01-23 19:03:55,5304
2015-01-23 20:12:47,1062
2015-01-24 03:30:30,457
2015-01-24 04:14:25,850
2015-01-24 17:00:07,5367
2015-01-25 02:56:22,498
2015-01-25 03:00:01,1807
2015-01-25 17:00:01,6480
2015-01-26 00:03:36,3490
2015-01-26 01:00:01,2486
2015-01-26 02:00:00,2470
2015-01-26 15:46:27,1301
2015-01-26 18:50:18,3393
2015-01-26 19:05:02,7984
2015-01-27 20:00:35,4361
2015-01-27 20:58:29,3280
2015-01-28 15:27:44,11420
2015-01-29 15:00:05,6654
2015-01-30 15:00:02,3532
2015-01-30 19:09:06,6062
2015-02-01 16:59:22,2782
2015-02-01 20:00:02,3254
2015-02-02 02:52:37,1047
2015-02-02 02:54:47,883
2015-02-02 14:07:49,5340
2015-02-02 18:06:11,3749
2015-02-02 23:20:06,564
2015-02-03 14:15:33,1067
2015-02-03 15:49:27,6741
2015-02-04 15:38:04,2158
2015-02-04 22:08:52,186
2015-02-05 14:10:11,5056
2015-02-06 14:29:06,9170
2015-02-06 18:35:57,4020
2015-02-09 15:00:09,5039
2015-02-10 15:00:02,5951
2015-02-11 15:00:06,7949
2015-02-11 18:47:21,384
2015-02-12 15:06:00,9640
2015-02-12 19:17:27,157
2015-02-13 15:08:43,3224
2015-02-13 19:19:02,10144
2015-02-13 20:30:00,5338
2015-02-13 21:27:17,166
2015-02-13 22:57:25,6025
2015-02-14 00:42:27,935
2015-02-14 16:59:50,9946
2015-02-16 14:59:45,10359
2015-02-16 18:00:00,8913
2015-02-17 14:59:41,4645
2015-02-17 18:00:01,1649
2015-02-17 18:56:42,260
2015-02-18 14:59:38,11651
2015-02-18 18:00:01,5215
2015-02-18 20:30:01,400
2015-02-19 14:59:38,8175
2015-02-20 14:59:32,4771
2015-02-20 15:30:00,142
2015-02-20 19:07:19,3819
2015-02-21 14:59:31,7133
2015-02-23 14:59:24,10044
2015-02-23 20:11:35,249
2015-02-24 14:59:21,5818
2015-02-24 18:07:11,12641
2015-02-25 14:59:22,8847
2015-02-25 17:05:58,3545
2015-02-26 14:59:17,6507
2015-02-27 13:54:27,9236
2015-02-27 20:55:58,40601
2015-02-28 16:59:08,5145
2015-03-02 15:00:02,7471
2015-03-03 15:00:07,1911
2015-03-03 15:47:55,172
2015-03-04 14:10:15,416
2015-03-04 15:00:02,1861
2015-03-04 18:24:42,145
2015-03-05 14:59:55,13394
2015-03-05 18:10:22,599
2015-03-05 20:49:14,1389
2015-03-06 14:59:51,4864
2015-03-06 18:30:28,5518
2015-03-07 14:59:52,7402
2015-03-09 13:59:41,10289
2015-03-10 13:59:39,5292
2015-03-10 17:38:34,249
2015-03-11 13:59:36,9705
2015-03-11 17:07:40,60
2015-03-12 13:59:35,9124
2015-03-12 17:10:42,77
2015-03-12 18:14:43,564
2015-03-12 20:02:23,732
2015-03-12 20:53:29,53
2015-03-13 13:59:31,4723
2015-03-13 17:41:23,8210
2015-03-13 18:26:48,85
2015-03-14 13:59:28,6047
2015-03-16 13:59:28,4544
2015-03-16 16:56:56,185
2015-03-17 13:09:07,1390
2015-03-17 13:59:24,4614
2015-03-17 17:15:31,3404
2015-03-17 18:54:35,62
2015-03-18 13:59:16,13252
2015-03-18 17:34:33,110
2015-03-18 21:41:39,2328
2015-03-19 13:59:15,9033
2015-03-19 17:11:06,3020
2015-03-19 18:25:18,98
2015-03-20 13:59:10,4017
2015-03-20 17:21:25,54
2015-03-20 19:06:40,4336
2015-03-21 15:59:06,8192
2015-03-22 15:38:00,325
2015-03-23 13:09:10,10609
2015-03-23 14:00:04,4043
2015-03-24 13:59:59,2986
2015-03-24 20:17:46,172
2015-03-25 13:59:54,6472
2015-03-26 13:59:53,1939
2015-03-26 17:39:54,2351
2015-03-26 20:02:20,829
2015-03-26 20:53:03,7562
2015-03-26 20:59:51,2619
2015-03-27 14:01:38,6521
2015-03-27 16:00:09,910
2015-03-27 17:59:56,4755
2015-03-28 15:59:46,3014
2015-03-28 18:00:02,964
2015-03-29 14:07:48,234
2015-03-29 19:00:04,663
2015-03-29 21:13:23,3827
2015-03-30 00:20:00,869
2015-03-30 02:17:54,292
2015-03-30 14:00:02,3645
2015-03-30 17:00:01,3408
2015-03-31 14:00:03,2408
2015-03-31 17:32:15,4117
2015-03-31 19:04:57,1337
2015-04-01 00:20:18,530
2015-04-01 14:00:04,11092
2015-04-01 17:00:02,5402
2015-04-01 21:00:02,2699
2015-04-02 17:13:02,2245
2015-04-02 19:16:33,3601
2015-04-02 21:00:02,2400
2015-04-02 22:00:05,4333
2015-04-03 14:00:02,2856
2015-04-03 16:00:04,6622
2015-04-03 18:07:26,4206
2015-04-03 20:01:03,8161
2015-04-04 14:00:03,4152
2015-04-04 16:00:05,2370
2015-04-04 18:00:04,7630
2015-04-04 20:00:06,3488
2015-04-05 15:00:03,7818
2015-04-05 19:00:04,4874
2015-04-06 14:00:03,3188
2015-04-07 14:00:03,3573
2015-04-08 14:01:53,8462
2015-04-08 18:46:09,1934
2015-04-09 16:00:02,2015
2015-04-09 18:50:27,1733
2015-04-09 21:00:03,6688
2015-04-10 14:00:02,2189
2015-04-10 17:15:59,4153
2015-04-10 22:09:17,2463
2015-04-11 16:00:01,2551
2015-04-13 14:00:03,9115
2015-04-14 14:00:02,2904
2015-04-14 15:33:09,1255
2015-04-15 14:00:02,4459
2015-04-16 16:00:01,840
2015-04-16 20:04:10,168
2015-04-16 20:46:35,99
2015-04-16 21:00:03,4101
2015-04-17 04:01:24,2603
2015-04-17 04:02:00,388
2015-04-17 19:27:03,1711
2015-04-18 14:50:15,5335
2015-04-18 16:00:05,3009
2015-04-19 17:05:09,5608
2015-04-20 15:30:01,3012
2015-04-21 14:00:03,2103
2015-04-22 13:10:29,2429
2015-04-22 17:00:08,3777
2015-04-23 16:00:03,1411
2015-04-23 21:00:02,5195
2015-04-24 14:00:03,2156
2015-04-24 20:34:20,3307
2015-04-25 17:54:47,3835
2015-04-26 15:28:09,3418
2015-04-27 16:30:05,2703
2015-04-28 14:00:06,3254
2015-04-29 15:30:02,3413
2015-04-30 16:00:05,1299
2015-04-30 18:00:05,5023
2015-04-30 21:00:03,4658
2015-05-01 14:00:06,1569
2015-05-01 16:00:54,3913
2015-05-02 17:00:05,2835
2015-05-03 17:57:28,4692
2015-05-04 14:00:04,6569
2015-05-04 15:37:44,257
2015-05-04 18:00:06,3089
2015-05-04 20:06:39,113
2015-05-04 21:12:43,243
2015-05-05 14:00:01,455
2015-05-05 15:30:02,1827
2015-05-06 15:00:06,5392
2015-05-06 15:14:30,74
2015-05-06 18:00:09,3840
2015-05-07 15:00:02,498
2015-05-07 16:40:19,531
2015-05-07 20:00:05,2190
2015-05-08 14:00:04,2311
2015-05-08 17:55:00,2824
2015-05-09 17:00:03,1964
2015-05-10 13:13:02,2763
2015-05-11 15:00:03,1943
2015-05-12 14:00:04,1646
2015-05-13 15:02:59,3918
2015-05-14 14:25:37,1183
2015-05-14 20:00:04,3179
2015-05-15 18:00:08,2635
2015-05-15 21:00:06,1949
2015-05-16 14:00:06,1908
2015-05-16 17:41:59,3117
2015-05-16 19:00:13,2792
2015-05-17 15:45:16,4029
2015-05-18 16:00:06,3965
2015-05-19 14:30:04,4639
2015-05-19 19:30:16,2362
2015-05-20 15:00:06,2598
2015-05-20 17:32:37,11839
2015-05-21 15:00:04,973
2015-05-21 20:00:03,2608
2015-05-22 14:00:03,6981
2015-05-22 16:55:33,17103
2015-05-22 20:26:34,10398
2015-05-23 17:00:05,3083
2015-05-24 14:13:36,3533
2015-05-24 17:53:28,3749
2015-05-25 12:00:05,23765
2015-05-26 21:00:04,3712
2015-05-27 14:20:03,3951
2015-05-27 20:00:05,7768
2015-05-28 15:00:03,935
2015-05-28 20:00:04,2287
2015-05-29 14:08:02,557
2015-05-29 17:00:06,3427
2015-05-30 17:00:02,2048
2015-05-31 17:00:04,4202
2015-05-31 21:11:46,2558
2015-06-01 15:00:05,1807
2015-06-01 19:00:13,1200
2015-06-02 15:30:03,3091
2015-06-03 14:00:06,3892
2015-06-04 14:00:04,1600
2015-06-05 00:17:31,5599
2015-06-05 15:00:04,5105
2015-06-05 17:00:05,4743
2015-06-05 20:51:14,15359
2015-06-06 14:00:04,3086
2015-06-06 17:00:04,8683
2015-06-06 17:53:32,950
2015-06-06 20:46:10,529
2015-06-07 19:47:08,3451
2015-06-08 15:30:06,4329
2015-06-09 14:30:05,3398
2015-06-09 19:29:57,155
2015-06-09 20:04:01,424
2015-06-10 15:00:10,4431
2015-06-11 15:00:06,590
2015-06-11 18:07:01,655
2015-06-11 21:06:40,1864
2015-06-12 14:45:02,4037
2015-06-12 17:28:10,135
2015-06-13 16:09:53,1668
2015-06-13 17:00:03,1759
2015-06-14 18:54:33,3181
2015-06-15 16:07:06,2764
2015-06-15 17:00:06,1591
2015-06-15 18:19:32,3575
2015-06-16 14:33:50,1949
2015-06-16 17:51:01,2343
2015-06-16 18:29:32,143
2015-06-16 18:55:31,312
2015-06-16 20:16:04,563
2015-06-17 13:25:25,827
2015-06-17 13:30:28,1119
2015-06-17 14:00:06,3910
2015-06-17 19:03:37,1729
2015-06-17 19:30:04,3016
2015-06-18 14:00:04,481
2015-06-18 16:19:15,193
2015-06-18 18:00:04,2924
2015-06-18 20:00:04,2175
2015-06-19 15:04:03,5298
2015-06-19 16:00:04,1239
2015-06-19 20:28:41,1267
2015-06-20 17:00:07,2094
2015-06-20 17:20:33,403
2015-06-20 18:06:43,274
2015-06-20 20:26:16,3284
2015-06-21 12:21:55,3099
2015-06-21 18:18:13,2947
2015-06-21 20:17:20,3026
2015-06-22 13:27:25,70
2015-06-22 14:00:06,2250
2015-06-22 19:22:23,1056
2015-06-22 22:00:02,2051
2015-06-23 17:48:13,112
2015-06-23 18:00:04,2325
2015-06-24 00:00:01,122
2015-06-24 00:00:01,1363
2015-06-24 03:44:50,119
2015-06-24 15:00:03,2361
2015-06-24 17:09:21,116
2015-06-25 00:00:03,3650
2015-06-25 14:00:04,684
2015-06-25 15:20:23,2429
2015-06-25 19:29:11,1920
2015-06-25 21:00:01,1471
2015-06-26 14:17:45,1880
2015-06-26 15:00:05,2805
2015-06-26 20:00:07,6726
2015-06-27 15:14:49,1721
2015-06-27 16:00:03,2456
2015-06-28 03:00:05,3770
2015-06-28 19:58:17,2398
2015-06-29 15:07:07,3601
2015-06-29 18:22:19,1053
2015-06-29 20:00:05,2183
2015-06-30 01:08:35,1753
2015-06-30 14:00:04,938
2015-06-30 20:00:02,1426
2015-07-01 14:00:03,3063
2015-07-01 15:23:52,1286
2015-07-01 20:07:01,534
2015-07-02 15:29:48,3039
2015-07-02 15:43:03,787
2015-07-02 21:00:03,3200
2015-07-03 14:00:07,2384
2015-07-03 19:11:29,359
2015-07-03 21:00:05,2527
2015-07-04 14:09:54,1916
2015-07-04 14:13:02,4989
2015-07-05 13:00:03,2842
2015-07-05 20:00:06,3545
2015-07-06 14:36:47,1279
2015-07-06 18:16:16,1754
2015-07-06 20:00:09,4076
2015-07-06 22:40:09,1584
2015-07-07 14:00:05,2838
2015-07-07 21:00:05,3074
2015-07-08 14:30:06,5760
2015-07-08 21:30:05,5160
2015-07-09 14:00:05,1051
2015-07-09 19:18:43,465
2015-07-09 21:00:03,1783
2015-07-10 19:00:06,4236
2015-07-11 00:00:00,1750
2015-07-11 16:00:06,7552
2015-07-12 18:49:27,2099
2015-07-13 15:00:05,6186
2015-07-13 17:15:16,751
2015-07-13 22:00:05,4122
2015-07-14 14:30:02,3272
2015-07-14 20:38:58,5185
2015-07-15 15:00:04,3088
2015-07-16 00:00:04,10724
2015-07-16 14:00:06,642
2015-07-16 21:00:04,1413
2015-07-17 16:00:03,3830
2015-07-17 18:59:49,141
2015-07-18 00:00:01,112
2015-07-18 15:00:02,154
2015-07-18 18:00:04,5555
2015-07-18 20:00:03,4077
2015-07-19 17:22:13,1676
2015-07-20 18:00:04,2412
2015-07-20 20:13:39,1134
2015-07-20 22:00:02,2761
2015-07-21 14:00:03,1865
2015-07-22 00:00:03,1630
2015-07-22 15:00:07,4569
2015-07-23 00:00:02,7224
2015-07-23 14:03:04,1971
2015-07-23 15:00:03,753
2015-07-23 19:29:40,1133
2015-07-23 23:00:02,3403
2015-07-24 15:00:03,1745
2015-07-24 20:30:01,1044
2015-07-25 20:00:01,1605
2015-07-26 00:00:02,2457
2015-07-26 19:13:17,1740
2015-07-27 21:00:03,2324
2015-07-28 00:00:03,1171
2015-07-28 14:00:07,702
2015-07-28 19:56:48,276
2015-07-28 21:00:04,972
2015-07-29 14:00:03,3297
2015-07-29 20:00:06,3978
2015-07-30 14:57:01,3015
2015-07-30 20:01:54,218
2015-07-31 14:00:10,1321
2015-07-31 23:00:01,2198
2015-08-01 15:00:10,12193
2015-08-01 23:00:03,1732
2015-08-02 19:08:00,1809
2015-08-03 18:11:41,2858
2015-08-03 19:57:39,240
2015-08-03 22:00:05,3408
2015-08-04 01:14:07,883
2015-08-04 15:00:07,2116
2015-08-04 18:43:14,1350
2015-08-04 19:08:12,240
2015-08-04 22:37:32,1637
2015-08-04 23:00:02,1449
2015-08-05 15:00:05,3718
2015-08-05 16:51:34,262
2015-08-05 22:30:04,4348
2015-08-06 14:00:02,509
2015-08-06 20:26:45,272
2015-08-06 23:00:02,2737
2015-08-07 13:39:29,208
2015-08-07 14:30:03,3417
2015-08-07 18:09:54,304
2015-08-07 20:00:05,2266
2015-08-08 16:00:07,1451
2015-08-08 20:00:03,2667
2015-08-09 20:57:41,2223
2015-08-10 12:43:02,356
2015-08-10 15:30:02,1720
2015-08-10 21:00:04,1611
2015-08-11 02:00:03,1249
2015-08-11 14:28:47,231
2015-08-11 15:00:02,2096
2015-08-11 20:30:00,850
2015-08-12 01:42:56,264
2015-08-12 03:30:00,1076
2015-08-12 12:46:40,15831
2015-08-12 16:00:03,4913
2015-08-12 18:58:24,1228
2015-08-12 23:00:02,1947
2015-08-13 14:00:02,1375
2015-08-13 20:00:00,2754
2015-08-13 21:00:02,2927
2015-08-14 13:07:34,256
2015-08-14 15:00:03,5865
2015-08-14 19:11:47,542
2015-08-14 21:00:00,319
2015-08-14 23:00:02,3051
2015-08-15 14:45:38,4028
2015-08-15 16:00:06,6882
2015-08-15 23:00:02,2475
2015-08-16 21:07:15,1968
2015-08-17 15:29:00,1449
2015-08-17 19:30:02,1705
2015-08-18 13:23:19,1563
2015-08-18 15:00:04,5109
2015-08-18 17:44:22,516
2015-08-18 20:00:00,6710
2015-08-18 22:00:03,2150
2015-08-19 16:00:02,3605
2015-08-20 00:00:02,2527
2015-08-20 14:00:02,571
2015-08-20 21:17:49,1648
2015-08-21 16:00:16,2085
2015-08-21 20:00:05,2105
2015-08-22 16:00:03,8314
2015-08-22 21:00:03,4480
2015-08-23 18:54:54,1101
2015-08-24 18:39:34,1933
2015-08-24 21:30:01,2245
2015-08-25 14:00:02,1386
2015-08-25 19:58:39,352
2015-08-25 22:00:02,1582
2015-08-26 00:00:00,2945
2015-08-26 13:11:41,5298
2015-08-26 17:00:02,2973
2015-08-26 21:14:28,1516
2015-08-27 00:00:04,6526
2015-08-27 14:00:03,623
2015-08-27 21:00:02,1912
2015-08-28 14:10:51,195
2015-08-28 15:00:03,3616
2015-08-28 21:02:53,315
2015-08-28 22:00:02,1656
2015-08-29 15:00:03,3168
2015-08-29 22:00:02,7257
2015-08-30 19:01:53,2360
2015-08-31 14:00:03,3417
2015-08-31 16:00:09,1200
2015-08-31 20:27:14,605
2015-08-31 21:00:02,1449
2015-09-01 14:00:02,1324
2015-09-01 22:00:02,1382
2015-09-02 13:27:07,17561
2015-09-02 16:30:02,3239
2015-09-02 23:00:04,3615
2015-09-03 00:00:00,2007
2015-09-03 13:30:02,483
2015-09-03 22:00:03,2693
2015-09-04 14:00:02,1542
2015-09-04 15:24:59,310
2015-09-04 19:47:21,13826
2015-09-04 20:30:02,3385
2015-09-05 16:00:03,1128
2015-09-05 23:00:02,8363
2015-09-06 23:00:54,2323
2015-09-07 17:06:38,3661
2015-09-07 23:53:56,3408
2015-09-08 15:00:06,1079
2015-09-08 21:00:02,2419
2015-09-09 14:30:03,4577
2015-09-10 01:00:03,2201
2015-09-10 13:32:11,19429
2015-09-10 14:00:03,1250
2015-09-10 17:31:26,233
2015-09-10 23:00:02,1897
2015-09-11 16:00:02,5282
2015-09-11 23:00:02,2289
2015-09-12 14:00:02,2200
2015-09-13 01:00:01,5014
2015-09-13 19:39:17,2255
2015-09-14 13:40:17,10792
2015-09-14 14:00:03,1613
2015-09-14 23:00:04,4105
2015-09-15 14:00:03,2070
2015-09-15 21:00:03,2227
2015-09-16 12:06:10,17370
2015-09-16 14:00:02,3293
2015-09-16 17:58:41,1070
2015-09-16 19:42:41,1013
2015-09-16 23:00:02,2106
2015-09-17 12:13:43,912
2015-09-17 14:00:02,587
2015-09-17 20:00:02,1155
2015-09-18 14:00:23,2369
2015-09-18 17:38:13,25047
2015-09-18 19:09:23,311
2015-09-19 00:00:01,914
2015-09-19 16:00:10,4026
2015-09-19 22:00:01,1951
2015-09-20 21:09:03,1849
2015-09-21 14:00:03,2315
2015-09-21 14:42:41,14567
2015-09-21 21:00:02,2056
2015-09-22 14:00:04,1027
2015-09-22 23:00:02,2744
2015-09-23 14:00:03,1643
2015-09-23 22:00:02,2733
2015-09-24 14:00:02,411
2015-09-24 21:00:02,1721
2015-09-25 14:00:03,1741
2015-09-25 14:48:15,21545
2015-09-25 22:00:01,2211
2015-09-26 16:00:03,1887
2015-09-26 23:00:01,24341
2015-09-28 00:48:46,2383
2015-09-28 12:23:32,18505
2015-09-28 14:00:02,3379
2015-09-28 20:11:27,135
2015-09-28 22:00:03,1269
2015-09-29 11:56:10,16188
2015-09-29 14:30:03,3821
2015-09-29 23:00:05,1032
2015-09-30 13:10:01,3002
2015-09-30 16:00:02,3604
2015-09-30 20:48:02,273
2015-09-30 23:00:01,2455
2015-10-01 14:00:02,670
2015-10-01 21:00:03,4191
2015-10-02 14:00:04,916
2015-10-02 15:49:23,280
2015-10-02 22:00:02,2820
2015-10-03 16:00:02,1753
2015-10-04 23:38:04,3104
2015-10-05 13:32:19,9462
2015-10-05 14:00:02,21097
2015-10-05 22:00:02,3335
2015-10-06 14:00:02,1766
2015-10-06 23:00:02,1643
2015-10-07 14:00:01,2567
2015-10-08 14:00:03,1322
2015-10-08 22:00:02,3055
2015-10-09 14:00:03,877
2015-10-09 22:00:02,7146
2015-10-12 14:00:02,3589
2015-10-12 22:00:01,2106
2015-10-13 14:00:02,1501
2015-10-13 17:01:50,5121
2015-10-13 22:30:01,3147
2015-10-14 14:00:02,1998
2015-10-14 14:23:28,32389
2015-10-15 00:00:02,3813
2015-10-15 14:00:03,587
2015-10-15 21:00:03,1995
2015-10-16 14:00:02,8159
2015-10-16 23:00:03,10270
2015-10-17 17:00:04,3430
2015-10-17 23:00:04,3972
2015-10-19 14:00:03,2824
2015-10-19 17:23:18,161
2015-10-19 21:00:02,2463
2015-10-20 14:00:03,1841
2015-10-20 21:00:04,4943
2015-10-21 14:00:07,3719
2015-10-21 21:00:04,6267
2015-10-22 13:03:33,27049
2015-10-22 14:00:02,222
2015-10-22 22:00:02,29743
2015-10-23 14:00:03,2229
2015-10-23 19:05:42,130
2015-10-23 23:00:04,6450
2015-10-24 16:00:02,3232
2015-10-24 23:00:02,5844
2015-10-26 13:37:39,18951
2015-10-26 14:00:02,2147
2015-10-26 22:00:03,5344
2015-10-27 14:00:02,2891
2015-10-27 14:32:57,10711
2015-10-27 22:00:06,4379
2015-10-28 14:00:02,2592
2015-10-28 23:00:04,7150
2015-10-29 14:00:02,374
2015-10-29 21:00:03,2769
2015-10-30 14:13:39,2861
2015-10-30 15:00:03,2005
2015-10-31 01:00:02,3354
2015-10-31 13:50:15,2920
2015-10-31 19:12:51,2911
2015-11-01 01:30:01,2047
2015-11-02 14:08:29,33877
2015-11-02 15:01:00,2094
2015-11-02 18:38:34,142
2015-11-02 20:45:03,2749
2015-11-03 01:35:10,1188
2015-11-03 04:50:01,3469
2015-11-03 16:00:04,1328
2015-11-03 22:18:04,3338
2015-11-04 16:00:05,2843
2015-11-04 22:21:03,2298
2015-11-05 17:00:03,462
2015-11-05 19:34:49,10683
2015-11-05 23:00:04,2414
2015-11-06 16:00:03,1763
2015-11-07 18:00:02,2660
2015-11-09 14:46:03,982
2015-11-09 18:38:50,9468
2015-11-10 00:00:04,1798
2015-11-10 15:00:05,1540
2015-11-10 23:00:03,1181
2015-11-11 16:00:05,8339
2015-11-11 19:00:02,26674
2015-11-12 03:21:15,2982
2015-11-12 15:00:02,826
2015-11-12 18:50:02,1596
2015-11-13 14:00:03,22547
2015-11-13 16:00:04,2449
2015-11-14 00:00:02,1038
2015-11-15 20:35:09,97
2015-11-16 15:00:05,1341
2015-11-16 21:02:33,2453
2015-11-17 01:00:12,3136
2015-11-17 14:00:04,1800
2015-11-17 18:09:24,774
2015-11-17 22:09:00,1344
2015-11-18 01:00:03,2467
2015-11-18 15:19:02,2246
2015-11-18 19:20:02,1379
2015-11-18 19:30:00,2424
2015-11-19 17:06:57,1530
2015-11-19 21:46:00,1053
2015-11-19 23:22:02,2188
2015-11-20 16:23:02,1006
2015-11-21 00:00:03,3820
2015-11-21 18:25:01,4494
2015-11-22 01:00:02,2619
2015-11-23 01:45:41,166
2015-11-23 02:53:57,288
2015-11-23 14:45:23,13904
2015-11-23 19:08:15,886
2015-11-23 21:00:03,2427
2015-11-24 02:00:02,1645
2015-11-24 14:30:02,1638
2015-11-24 22:00:02,1496
2015-11-25 15:00:03,1987
2015-11-25 21:00:02,4779
2015-11-26 14:00:03,805
2015-11-27 17:00:04,1075
2015-11-27 22:00:02,1271
2015-11-28 16:00:02,1232
2015-11-29 01:00:01,2785
2015-11-30 14:30:32,849
2015-11-30 19:31:29,576
2015-12-01 00:17:01,2683
2015-12-01 14:31:03,816
2015-12-01 17:00:04,904
2015-12-01 21:45:20,1745
2015-12-02 03:00:02,3270
2015-12-02 14:00:03,19399
2015-12-02 18:48:21,3118
2015-12-03 02:00:01,5997
2015-12-03 14:44:21,905
2015-12-04 15:00:03,2212
2015-12-04 18:00:01,2208
2015-12-05 02:00:01,1562
2015-12-05 17:00:03,993
2015-12-06 00:00:03,2069
2015-12-07 17:56:16,389
2015-12-07 22:16:31,1661
2015-12-08 01:00:03,505
2015-12-08 04:30:02,55122
2015-12-08 14:00:02,24493
2015-12-08 18:00:03,2348
2015-12-08 22:00:02,7703
2015-12-09 01:00:02,1307
2015-12-09 14:00:02,33790
2015-12-09 18:00:03,3246
2015-12-10 00:00:04,578
2015-12-10 04:00:02,4496
2015-12-10 14:00:04,689
2015-12-10 22:00:36,2627
2015-12-11 14:00:06,2191
2015-12-11 18:00:04,1563
2015-12-11 22:00:03,1070
2015-12-12 01:00:01,31228
2015-12-12 17:00:03,34950
2015-12-12 20:15:02,323
2015-12-12 22:00:02,5938
2015-12-14 14:28:45,4661
2015-12-14 20:38:57,496
2015-12-15 01:30:01,3043
2015-12-15 04:45:00,4737
2015-12-15 15:05:02,2975
2015-12-15 18:17:01,2880
2015-12-15 20:30:01,494
2015-12-16 00:00:03,1079
2015-12-16 04:00:01,466
2015-12-16 14:21:06,1647
2015-12-16 18:00:03,3060
2015-12-16 20:03:52,322
2015-12-17 00:10:01,4510
2015-12-17 04:00:02,4616
2015-12-17 14:00:03,977
2015-12-17 21:06:42,76
2015-12-17 23:00:03,2259
2015-12-18 03:00:02,1754
2015-12-18 14:00:02,5886
2015-12-18 18:00:02,4331
2015-12-19 03:23:01,4659
2015-12-19 13:49:59,634
2015-12-19 17:36:58,742
2015-12-19 21:00:02,5772
2015-12-21 04:02:54,271
2015-12-21 15:00:04,5979
2015-12-21 18:03:04,4226
2015-12-21 23:12:01,3275
2015-12-22 14:00:03,1117
2015-12-22 18:04:11,3001
2015-12-22 22:05:03,945
2015-12-23 04:00:01,46619
2015-12-23 18:00:04,3220
2015-12-23 22:00:06,4891
2015-12-24 14:00:06,5698
2015-12-24 18:00:04,6136
2015-12-25 00:00:03,3529
2015-12-25 14:00:06,7012
2015-12-25 22:00:05,2120
2015-12-26 04:30:02,7385
2015-12-26 14:00:04,2899
2015-12-26 20:00:03,344
2015-12-27 02:00:01,1975
2015-12-28 01:00:02,2939
2015-12-28 14:00:04,1666
2015-12-28 17:00:07,1007
2015-12-28 22:00:04,13238
2015-12-29 02:00:02,980
2015-12-29 14:00:04,3532
2015-12-29 18:00:04,6789
2015-12-30 14:00:03,4122
2015-12-30 22:00:03,4338
2015-12-31 04:00:03,8496
2015-12-31 14:00:04,2421
2015-12-31 20:00:03,1014
2016-01-01 01:00:04,4720
2016-01-01 14:00:04,1699
2016-01-02 17:25:02,6229
2016-01-03 02:00:02,1768
2016-01-04 15:04:53,930
2016-01-04 20:45:05,5264
2016-01-05 16:07:48,11943
2016-01-06 18:00:05,4941
2016-01-06 22:00:04,2926
2016-01-07 02:00:02,3992
2016-01-07 14:58:32,4844
2016-01-07 17:00:06,8357
2016-01-07 20:30:18,1297
2016-01-08 14:00:05,3851
2016-01-09 04:00:02,5975
2016-01-09 17:00:04,6938
2016-01-09 21:05:07,5849
2016-01-11 17:00:08,2400
2016-01-11 19:06:23,1048
2016-01-12 14:00:06,2469
2016-01-12 17:00:07,6338
2016-01-13 14:00:06,6655
2016-01-13 18:00:04,3215
2016-01-14 04:00:02,4345
2016-01-14 14:00:03,638
2016-01-14 18:00:02,5250
2016-01-14 19:47:43,392
2016-01-15 00:00:03,4150
2016-01-15 18:00:04,3635
2016-01-15 20:10:49,2503
2016-01-15 22:00:03,4270
2016-01-16 18:00:03,4973
2016-01-17 02:00:03,5249
2016-01-18 15:56:02,5158
2016-01-19 20:55:00,1208
2016-01-20 16:20:02,6933
2016-01-20 19:38:28,1294
2016-01-20 21:00:02,1265
2016-01-21 19:24:54,1713
2016-01-22 22:34:41,2007
2016-01-24 18:29:16,19887
2016-01-24 21:16:32,762
2016-01-25 15:46:42,7150
2016-01-26 01:17:12,2178
2016-01-26 19:30:41,1247
2016-01-26 23:00:02,6008
2016-01-26 23:00:02,3241
2016-01-28 02:47:33,322
2016-01-28 10:21:02,3201
2016-01-28 10:22:05,7158
2016-01-28 15:00:03,16383
2016-01-28 15:32:18,227
2016-01-28 20:00:55,3208
2016-01-29 14:55:45,6171
2016-01-30 15:17:06,5129
2016-01-30 19:22:12,747
2016-01-30 23:57:18,5422
2016-02-01 02:58:09,251
2016-02-01 18:15:29,6615
2016-02-01 23:19:53,185
2016-02-02 16:24:57,132
2016-02-02 17:14:55,2355
2016-02-02 22:00:02,1637
